{"edges": [[1, 2], [2, 4], [4, 6], [4, 15], [6, 8], [8, 9], [9, 10], [9, 13], [10, 18], [13, 14], [13, 22], [14, 20], [15, 16], [16, 26], [26, 28], [20, 21], [21, 35], [21, 38], [22, 23], [23, 24], [24, 32], [24, 31], [27, 17], [28, 30], [30, 4], [31, 47], [31, 48], [32, 33], [33, 34], [34, 36], [34, 42], [36, 44], [38, 46], [42, 43], [43, 52], [43, 27], [44, 40], [47, 50], [50, 51], [52, 54]], "features": {"1": "1", "2": "2", "4": "4", "6": "2", "15": "2", "8": "2", "9": "3", "10": "2", "13": "3", "18": "1", "14": "2", "22": "2", "20": "2", "16": "2", "26": "2", "28": "2", "21": "3", "35": "1", "38": "2", "23": "2", "24": "3", "32": "2", "31": "3", "27": "2", "17": "1", "30": "2", "47": "2", "48": "1", "33": "2", "34": "3", "36": "2", "42": "2", "44": "2", "46": "1", "43": "3", "52": "2", "40": "1", "50": "2", "51": "1", "54": "1"}}