{"edges": [[1, 2], [2, 40], [3, 53], [3, 114], [5, 77], [6, 83], [7, 97], [8, 9], [9, 92], [11, 12], [12, 57], [13, 3], [14, 89], [16, 23], [17, 70], [18, 13], [20, 21], [21, 73], [21, 102], [24, 82], [25, 41], [27, 56], [28, 35], [29, 98], [30, 68], [31, 32], [32, 34], [34, 6], [35, 18], [36, 66], [38, 14], [40, 52], [41, 7], [43, 108], [45, 86], [47, 28], [48, 20], [49, 8], [50, 115], [52, 5], [52, 104], [53, 100], [55, 81], [56, 88], [59, 48], [60, 74], [61, 43], [62, 90], [64, 65], [65, 31], [65, 25], [66, 106], [66, 116], [67, 60], [68, 49], [70, 50], [71, 30], [73, 84], [74, 29], [76, 11], [77, 38], [79, 55], [80, 62], [81, 94], [82, 47], [83, 71], [84, 44], [86, 61], [88, 59], [89, 111], [89, 67], [90, 72], [92, 93], [93, 76], [93, 27], [94, 107], [95, 80], [97, 79], [97, 110], [98, 99], [99, 24], [100, 64], [102, 45], [103, 112], [106, 95], [107, 16], [108, 109], [109, 17], [111, 117], [112, 36], [114, 103], [115, 37], [116, 100]], "features": {"1": "1", "2": "2", "40": "2", "3": "3", "53": "2", "114": "2", "5": "2", "77": "2", "6": "2", "83": "2", "7": "2", "97": "3", "8": "2", "9": "2", "92": "2", "11": "2", "12": "2", "57": "1", "13": "2", "14": "2", "89": "3", "16": "2", "23": "1", "17": "2", "70": "2", "18": "2", "20": "2", "21": "3", "73": "2", "102": "2", "24": "2", "82": "2", "25": "2", "41": "2", "27": "2", "56": "2", "28": "2", "35": "2", "29": "2", "98": "2", "30": "2", "68": "2", "31": "2", "32": "2", "34": "2", "36": "2", "66": "3", "38": "2", "52": "3", "43": "2", "108": "2", "45": "2", "86": "2", "47": "2", "48": "2", "49": "2", "50": "2", "115": "2", "104": "1", "100": "3", "55": "2", "81": "2", "88": "2", "59": "2", "60": "2", "74": "2", "61": "2", "62": "2", "90": "2", "64": "2", "65": "3", "106": "2", "116": "2", "67": "2", "71": "2", "84": "2", "76": "2", "79": "2", "80": "2", "94": "2", "44": "1", "111": "2", "72": "1", "93": "3", "107": "2", "95": "2", "110": "1", "99": "2", "103": "2", "112": "2", "109": "2", "117": "1", "37": "1"}}