{"edges": [[1, 3], [3, 6], [5, 8], [5, 26], [6, 5], [6, 10], [8, 20], [8, 16], [10, 13], [10, 34], [16, 28], [16, 49], [19, 37], [19, 44], [20, 21], [21, 54], [23, 19], [23, 24], [24, 31], [26, 15], [26, 47], [28, 29], [29, 33], [31, 41], [33, 50], [33, 38], [34, 35], [37, 42], [44, 45], [47, 52], [52, 53], [54, 23]], "features": {"1": "1", "3": "2", "6": "3", "5": "3", "8": "3", "26": "3", "10": "3", "20": "2", "16": "3", "13": "1", "34": "2", "28": "2", "49": "1", "19": "3", "37": "2", "44": "2", "21": "2", "54": "2", "23": "3", "24": "2", "31": "2", "15": "1", "47": "2", "29": "2", "33": "3", "41": "1", "50": "1", "38": "1", "35": "1", "42": "1", "45": "1", "52": "2", "53": "1"}}