{"edges": [[1, 2], [2, 3], [3, 4], [4, 5], [4, 6], [5, 7], [5, 8], [6, 9], [6, 10], [7, 11], [7, 12], [8, 13], [8, 14], [9, 15], [9, 16], [10, 17], [10, 18], [11, 19], [11, 20], [12, 21], [12, 22], [13, 23], [13, 24], [14, 25], [14, 26], [15, 27], [15, 28], [16, 29], [16, 30], [17, 31], [17, 32], [18, 33], [18, 34], [19, 35], [19, 36], [20, 37], [20, 38], [21, 39], [21, 40], [22, 41], [22, 42], [23, 43], [23, 44], [24, 45], [24, 46], [25, 47], [25, 48], [26, 49], [26, 50], [27, 51], [27, 52], [28, 53], [28, 54], [29, 55], [29, 56], [30, 57], [30, 58], [31, 59], [31, 60], [32, 61], [32, 62], [33, 63], [34, 9], [35, 64], [35, 65], [36, 66], [36, 67], [38, 68], [38, 69], [39, 70], [39, 71], [40, 72], [40, 73], [42, 74], [42, 75], [43, 76], [43, 77], [44, 78], [44, 79], [46, 80], [46, 81], [47, 82], [47, 83], [49, 86], [49, 87], [51, 89], [51, 90], [53, 88], [54, 93], [54, 94], [55, 95], [55, 96], [56, 96], [57, 97], [57, 98], [57, 99], [58, 100], [58, 101], [60, 84], [61, 102], [61, 103], [62, 5], [63, 104], [63, 105], [71, 5], [74, 22], [75, 23], [82, 26], [84, 102], [84, 85], [85, 12], [88, 91], [88, 92], [89, 33], [92, 5], [101, 5], [101, 6]], "features": {"1": "1", "2": "2", "3": "2", "4": "3", "5": "7", "6": "4", "7": "3", "8": "3", "9": "4", "10": "3", "11": "3", "12": "4", "13": "3", "14": "3", "15": "3", "16": "3", "17": "3", "18": "3", "19": "3", "20": "3", "21": "3", "22": "4", "23": "4", "24": "3", "25": "3", "26": "4", "27": "3", "28": "3", "29": "3", "30": "3", "31": "3", "32": "3", "33": "3", "34": "2", "35": "3", "36": "3", "37": "1", "38": "3", "39": "3", "40": "3", "41": "1", "42": "3", "43": "3", "44": "3", "45": "1", "46": "3", "47": "3", "48": "1", "49": "3", "50": "1", "51": "3", "52": "1", "53": "2", "54": "3", "55": "3", "56": "2", "57": "4", "58": "3", "59": "1", "60": "2", "61": "3", "62": "2", "63": "3", "64": "1", "65": "1", "66": "1", "67": "1", "68": "1", "69": "1", "70": "1", "71": "2", "72": "1", "73": "1", "74": "2", "75": "2", "76": "1", "77": "1", "78": "1", "79": "1", "80": "1", "81": "1", "82": "2", "83": "1", "86": "1", "87": "1", "89": "2", "90": "1", "88": "3", "93": "1", "94": "1", "95": "1", "96": "2", "97": "1", "98": "1", "99": "1", "100": "1", "101": "3", "84": "3", "102": "2", "103": "1", "104": "1", "105": "1", "85": "2", "91": "1", "92": "2"}}