{"edges": [ [1, 154], [1, 83], [10, 5], [13, 103], [29, 179], [29, 177], [33, 35], [35, 13], [35, 44], [47, 143], [52, 54], [54, 62], [54, 181], [62, 10], [62, 146], [83, 132], [83, 41], [103, 79], [103, 107], [107, 163], [107, 157], [129, 47], [143, 11], [146, 7], [146, 129]], "features": {"1": "2", "154": "1", "83": "3", "10": "2", "5": "1", "13": "2", "103": "3", "29": "2", "179": "1", "177": "1", "33": "1", "35": "3", "44": "1", "47": "2", "143": "2", "52": "1", "54": "3", "62": "3", "181": "1", "146": "3", "132": "1", "41": "1", "79": "1", "107": "3", "163": "1", "157": "1", "129": "2", "11": "1", "7": "1"}}