{"edges": [[1, 3], [3, 12], [3, 6], [4, 9], [4, 21], [6, 17], [8, 18], [9, 11], [11, 15], [12, 4], [14, 24], [15, 28], [17, 33], [17, 37], [18, 22], [18, 27], [22, 39], [25, 51], [27, 14], [27, 31], [28, 8], [28, 25], [33, 38], [37, 48], [37, 41], [38, 43], [38, 34], [41, 42], [42, 47], [43, 44], [44, 45], [45, 52]], "features": {"1": "1", "3": "3", "12": "2", "6": "2", "4": "3", "9": "2", "21": "1", "17": "3", "8": "2", "18": "3", "11": "2", "15": "2", "14": "2", "24": "1", "28": "3", "33": "2", "37": "3", "22": "2", "27": "3", "39": "1", "25": "2", "51": "1", "31": "1", "38": "3", "48": "1", "41": "2", "43": "2", "34": "1", "42": "2", "47": "1", "44": "2", "45": "2", "52": "1"}}