{"edges": [[1, 2], [2, 3], [3, 4], [4, 11], [5, 58], [5, 32], [6, 78], [8, 9], [9, 10], [10, 95], [11, 50], [12, 96], [14, 23], [16, 34], [16, 91], [18, 56], [19, 24], [21, 79], [22, 97], [23, 35], [24, 101], [26, 47], [27, 28], [28, 29], [29, 54], [30, 31], [31, 71], [34, 46], [35, 110], [35, 45], [36, 14], [39, 89], [43, 66], [43, 76], [46, 21], [47, 36], [47, 39], [47, 73], [47, 59], [48, 49], [49, 100], [50, 6], [52, 19], [53, 68], [54, 55], [55, 26], [56, 57], [57, 87], [59, 92], [60, 61], [61, 75], [64, 40], [64, 111], [66, 115], [69, 38], [69, 102], [71, 7], [72, 15], [73, 106], [74, 64], [75, 43], [76, 104], [78, 109], [78, 8], [79, 22], [80, 81], [81, 114], [82, 83], [83, 84], [84, 65], [85, 62], [85, 90], [86, 98], [87, 113], [89, 48], [90, 42], [91, 12], [92, 93], [93, 94], [94, 60], [95, 16], [96, 52], [97, 80], [97, 27], [98, 105], [100, 5], [101, 116], [102, 118], [104, 72], [106, 107], [107, 30], [109, 86], [110, 119], [111, 82], [113, 85], [114, 18], [115, 53], [116, 69], [118, 74]], "features": {"1": "1", "2": "2", "3": "2", "4": "2", "11": "2", "5": "3", "58": "1", "32": "1", "6": "2", "78": "3", "8": "2", "9": "2", "10": "2", "95": "2", "50": "2", "12": "2", "96": "2", "14": "2", "23": "2", "16": "3", "34": "2", "91": "2", "18": "2", "56": "2", "19": "2", "24": "2", "21": "2", "79": "2", "22": "2", "97": "3", "35": "3", "101": "2", "26": "2", "47": "5", "27": "2", "28": "2", "29": "2", "54": "2", "30": "2", "31": "2", "71": "2", "46": "2", "110": "2", "45": "1", "36": "2", "39": "2", "89": "2", "43": "3", "66": "2", "76": "2", "73": "2", "59": "2", "48": "2", "49": "2", "100": "2", "52": "2", "53": "2", "68": "1", "55": "2", "57": "2", "87": "2", "92": "2", "60": "2", "61": "2", "75": "2", "64": "3", "40": "1", "111": "2", "115": "2", "69": "3", "38": "1", "102": "2", "7": "1", "72": "2", "15": "1", "106": "2", "74": "2", "104": "2", "109": "2", "80": "2", "81": "2", "114": "2", "82": "2", "83": "2", "84": "2", "65": "1", "85": "3", "62": "1", "90": "2", "86": "2", "98": "2", "113": "2", "42": "1", "93": "2", "94": "2", "105": "1", "116": "2", "118": "2", "107": "2", "119": "1"}}