{"edges": [[1, 2], [2, 3], [3, 4], [4, 22], [7, 90], [8, 40], [10, 11], [11, 34], [13, 27], [15, 39], [16, 30], [19, 57], [19, 68], [22, 23], [23, 8], [23, 78], [25, 55], [26, 49], [27, 37], [27, 15], [29, 6], [30, 31], [31, 10], [32, 47], [34, 35], [35, 44], [35, 41], [35, 20], [37, 38], [38, 14], [39, 46], [39, 29], [40, 13], [40, 32], [41, 18], [42, 26], [44, 25], [45, 19], [46, 37], [46, 32], [47, 16], [49, 60], [50, 51], [51, 112], [52, 65], [54, 66], [54, 45], [55, 64], [56, 67], [57, 50], [60, 52], [63, 106], [64, 42], [65, 54], [66, 79], [67, 89], [70, 71], [71, 84], [72, 86], [73, 61], [76, 77], [77, 58], [78, 7], [79, 56], [79, 73], [80, 96], [83, 94], [83, 114], [84, 72], [84, 92], [84, 97], [86, 87], [87, 75], [90, 91], [91, 80], [92, 99], [94, 101], [96, 70], [97, 107], [99, 93], [100, 63], [101, 115], [102, 103], [103, 109], [103, 111], [104, 82], [106, 116], [107, 83], [110, 100], [112, 76], [114, 102], [115, 104], [115, 110]], "features": {"1": "1", "2": "2", "3": "2", "4": "2", "22": "2", "7": "2", "90": "2", "8": "2", "40": "3", "10": "2", "11": "2", "34": "2", "13": "2", "27": "3", "15": "2", "39": "3", "16": "2", "30": "2", "19": "3", "57": "2", "68": "1", "23": "3", "78": "2", "25": "2", "55": "2", "26": "2", "49": "2", "37": "3", "29": "2", "6": "1", "31": "2", "32": "3", "47": "2", "35": "4", "44": "2", "41": "2", "20": "1", "38": "2", "14": "1", "46": "3", "18": "1", "42": "2", "45": "2", "60": "2", "50": "2", "51": "2", "112": "2", "52": "2", "65": "2", "54": "3", "66": "2", "64": "2", "56": "2", "67": "2", "63": "2", "106": "2", "79": "3", "89": "1", "70": "2", "71": "2", "84": "4", "72": "2", "86": "2", "73": "2", "61": "1", "76": "2", "77": "2", "58": "1", "80": "2", "96": "2", "83": "3", "94": "2", "114": "2", "92": "2", "97": "2", "87": "2", "75": "1", "91": "2", "99": "2", "101": "2", "107": "2", "93": "1", "100": "2", "115": "3", "102": "2", "103": "3", "109": "1", "111": "1", "104": "2", "82": "1", "116": "1", "110": "2"}}