{"edges": [[2, 5], [2, 6], [5, 7], [5, 8], [6, 9], [6, 10], [7, 11], [7, 12], [8, 13], [8, 15], [9, 16], [9, 17], [10, 18], [10, 19], [11, 20], [11, 21], [12, 22], [12, 23], [13, 25], [13, 26], [15, 28], [15, 29], [16, 31], [16, 32], [17, 33], [17, 35], [18, 36], [18, 37], [19, 38], [19, 39], [20, 40], [20, 41], [21, 42], [21, 43], [22, 45], [22, 46], [23, 47], [23, 49], [25, 50], [25, 51], [26, 52], [26, 53], [28, 54], [28, 55], [29, 56], [29, 57], [31, 58], [31, 60], [32, 61], [32, 62], [33, 64], [33, 65], [35, 66], [25, 67], [36, 68], [36, 69], [37, 70], [37, 71], [38, 72], [39, 9], [40, 73], [40, 74], [41, 75], [41, 76], [43, 77], [43, 78], [45, 79], [45, 80], [46, 81], [46, 82], [49, 84], [49, 85], [50, 86], [50, 87], [51, 88], [51, 89], [53, 90], [53, 91], [54, 92], [54, 93], [56, 96], [56, 97], [58, 99], [58, 100], [61, 98], [62, 103], [62, 105], [64, 106], [64, 107], [65, 107], [66, 108], [66, 109], [66, 110], [67, 112], [67, 113], [69, 94], [70, 114], [70, 115], [71, 5], [72, 116], [72, 117], [80, 5], [82, 83], [84, 23], [85, 25], [92, 29], [94, 114], [94, 95], [95, 12], [98, 101], [98, 102], [99, 38], [102, 5], [103, 104], [110, 111], [113, 5], [113, 6]], "features": {"2": "2", "5": "7", "6": "4", "7": "3", "8": "3", "9": "4", "10": "3", "11": "3", "12": "4", "13": "3", "15": "3", "16": "3", "17": "3", "18": "3", "19": "3", "20": "3", "21": "3", "22": "3", "23": "4", "25": "5", "26": "3", "28": "3", "29": "4", "31": "3", "32": "3", "33": "3", "35": "2", "36": "3", "37": "3", "38": "3", "39": "2", "40": "3", "41": "3", "42": "1", "43": "3", "45": "3", "46": "3", "47": "1", "49": "3", "50": "3", "51": "3", "52": "1", "53": "3", "54": "3", "55": "1", "56": "3", "57": "1", "58": "3", "60": "1", "61": "2", "62": "3", "64": "3", "65": "2", "66": "4", "67": "3", "68": "1", "69": "2", "70": "3", "71": "2", "72": "3", "73": "1", "74": "1", "75": "1", "76": "1", "77": "1", "78": "1", "79": "1", "80": "2", "81": "1", "82": "2", "84": "2", "85": "2", "86": "1", "87": "1", "88": "1", "89": "1", "90": "1", "91": "1", "92": "2", "93": "1", "96": "1", "97": "1", "99": "2", "100": "1", "98": "3", "103": "2", "105": "1", "106": "1", "107": "2", "108": "1", "109": "1", "110": "2", "112": "1", "113": "3", "94": "3", "114": "2", "115": "1", "116": "1", "117": "1", "83": "1", "95": "2", "101": "1", "102": "2", "104": "1", "111": "1"}}