{"edges": [[1, 2], [2, 3], [3, 4], [4, 6], [6, 7], [7, 8], [8, 10], [10, 12], [10, 17], [12, 13], [13, 14], [14, 15], [15, 16], [16, 42], [16, 21], [17, 19], [19, 20], [20, 23], [20, 37], [21, 22], [22, 34], [23, 24], [24, 26], [26, 27], [27, 28], [28, 29], [29, 43], [29, 30], [30, 31], [31, 32], [32, 33], [33, 51], [34, 46], [34, 55], [37, 38], [38, 39], [39, 40], [40, 41], [41, 63], [43, 45], [45, 75], [45, 76], [45, 81], [46, 47], [47, 48], [48, 50], [50, 58], [51, 52], [51, 99], [52, 9], [55, 56], [56, 61], [56, 69], [57, 108], [58, 64], [58, 77], [61, 62], [63, 94], [63, 103], [64, 65], [65, 104], [65, 57], [66, 67], [68, 114], [69, 70], [70, 71], [71, 72], [72, 74], [74, 84], [74, 83], [77, 78], [78, 80], [80, 124], [81, 82], [83, 88], [84, 86], [86, 87], [88, 89], [89, 90], [90, 92], [92, 93], [94, 95], [95, 96], [96, 125], [99, 101], [101, 102], [104, 116], [107, 98], [107, 111], [108, 109], [109, 110], [110, 66], [110, 68], [111, 112], [112, 113], [113, 121], [114, 119], [116, 117], [117, 118], [119, 120], [121, 123], [124, 107]], "features": {"1": "1", "2": "2", "3": "2", "4": "2", "6": "2", "7": "2", "8": "2", "10": "3", "12": "2", "17": "2", "13": "2", "14": "2", "15": "2", "16": "3", "42": "1", "21": "2", "19": "2", "20": "3", "23": "2", "37": "2", "22": "2", "34": "3", "24": "2", "26": "2", "27": "2", "28": "2", "29": "3", "43": "2", "30": "2", "31": "2", "32": "2", "33": "2", "51": "3", "46": "2", "55": "2", "38": "2", "39": "2", "40": "2", "41": "2", "63": "3", "45": "4", "75": "1", "76": "1", "81": "2", "47": "2", "48": "2", "50": "2", "58": "3", "52": "2", "99": "2", "9": "1", "56": "3", "61": "2", "69": "2", "57": "2", "108": "2", "64": "2", "77": "2", "62": "1", "94": "2", "103": "1", "65": "3", "104": "2", "66": "2", "67": "1", "68": "2", "114": "2", "70": "2", "71": "2", "72": "2", "74": "3", "84": "2", "83": "2", "78": "2", "80": "2", "124": "2", "82": "1", "88": "2", "86": "2", "87": "1", "89": "2", "90": "2", "92": "2", "93": "1", "95": "2", "96": "2", "125": "1", "101": "2", "102": "1", "116": "2", "107": "3", "98": "1", "111": "2", "109": "2", "110": "3", "112": "2", "113": "2", "121": "2", "119": "2", "117": "2", "118": "1", "120": "1", "123": "1"}}