{"edges": [[1, 2], [2, 3], [3, 4], [4, 74], [5, 16], [6, 107], [8, 70], [8, 54], [9, 62], [12, 81], [13, 38], [14, 64], [15, 104], [15, 29], [16, 26], [18, 60], [19, 79], [20, 91], [22, 23], [23, 44], [24, 114], [26, 46], [26, 32], [27, 40], [29, 48], [30, 31], [31, 45], [32, 55], [36, 84], [37, 87], [38, 59], [40, 41], [41, 72], [42, 53], [44, 6], [45, 103], [45, 118], [48, 49], [49, 106], [50, 37], [50, 94], [52, 9], [53, 36], [53, 13], [54, 88], [58, 5], [59, 15], [62, 14], [62, 110], [63, 99], [64, 108], [66, 67], [67, 97], [67, 20], [68, 80], [70, 18], [71, 33], [72, 92], [74, 75], [75, 42], [76, 77], [77, 117], [81, 66], [82, 83], [83, 50], [84, 76], [86, 68], [90, 11], [91, 8], [92, 58], [92, 115], [93, 30], [94, 101], [96, 56], [97, 52], [99, 112], [100, 35], [103, 105], [104, 22], [105, 119], [106, 93], [106, 63], [107, 82], [107, 27], [110, 24], [112, 113], [113, 100], [113, 96], [114, 109], [114, 86], [115, 71], [117, 90], [117, 12], [118, 19]], "features": {"1": "1", "2": "2", "3": "2", "4": "2", "74": "2", "5": "2", "16": "2", "6": "2", "107": "3", "8": "3", "70": "2", "54": "2", "9": "2", "62": "3", "12": "2", "81": "2", "13": "2", "38": "2", "14": "2", "64": "2", "15": "3", "104": "2", "29": "2", "26": "3", "18": "2", "60": "1", "19": "2", "79": "1", "20": "2", "91": "2", "22": "2", "23": "2", "44": "2", "24": "2", "114": "3", "46": "1", "32": "2", "27": "2", "40": "2", "48": "2", "30": "2", "31": "2", "45": "3", "55": "1", "36": "2", "84": "2", "37": "2", "87": "1", "59": "2", "41": "2", "72": "2", "42": "2", "53": "3", "103": "2", "118": "2", "49": "2", "106": "3", "50": "3", "94": "2", "52": "2", "88": "1", "58": "2", "110": "2", "63": "2", "99": "2", "108": "1", "66": "2", "67": "3", "97": "2", "68": "2", "80": "1", "71": "2", "33": "1", "92": "3", "75": "2", "76": "2", "77": "2", "117": "3", "82": "2", "83": "2", "86": "2", "90": "2", "11": "1", "115": "2", "93": "2", "101": "1", "96": "2", "56": "1", "112": "2", "100": "2", "35": "1", "105": "2", "119": "1", "113": "3", "109": "1"}}