{"edges": [[1, 2], [2, 4], [4, 6], [4, 14], [5, 27], [5, 47], [6, 10], [6, 13], [9, 36], [9, 56], [10, 11], [11, 20], [11, 23], [12, 39], [13, 43], [13, 52], [14, 18], [14, 30], [16, 49], [18, 19], [19, 22], [19, 25], [22, 46], [23, 42], [25, 26], [26, 44], [30, 31], [31, 32], [33, 12], [33, 54], [35, 5], [36, 38], [43, 9], [44, 17], [45, 16], [45, 35], [46, 50], [47, 33], [49, 40], [49, 43], [52, 45], [54, 55], [55, 28]], "features": {"1": "1", "2": "2", "4": "3", "6": "3", "14": "3", "5": "3", "27": "1", "47": "2", "10": "2", "13": "3", "9": "3", "36": "2", "56": "1", "11": "3", "20": "1", "23": "2", "12": "2", "39": "1", "43": "3", "52": "2", "18": "2", "30": "2", "16": "2", "49": "3", "19": "3", "22": "2", "25": "2", "46": "2", "42": "1", "26": "2", "44": "2", "31": "2", "32": "1", "33": "3", "54": "2", "35": "2", "38": "1", "17": "1", "45": "3", "50": "1", "40": "1", "55": "2", "28": "1"}}