{"edges": [[1, 2], [2, 3], [3, 44], [3, 9], [3, 20], [4, 5], [5, 6], [6, 16], [8, 14], [8, 4], [9, 8], [10, 21], [10, 15], [12, 13], [13, 24], [13, 26], [13, 38], [14, 10], [15, 22], [16, 17], [17, 19], [18, 12], [18, 42], [19, 28], [19, 34], [20, 8], [21, 18], [22, 27], [22, 39], [24, 25], [25, 49], [26, 36], [27, 31], [31, 32], [36, 37], [38, 39], [39, 47], [45, 41], [47, 48], [48, 45], [48, 30], [49, 50], [50, 51]], "features": {"1": "1", "2": "2", "3": "4", "44": "1", "9": "2", "20": "2", "4": "2", "5": "2", "6": "2", "16": "2", "8": "4", "14": "2", "10": "3", "21": "2", "15": "2", "12": "2", "13": "4", "24": "2", "26": "2", "38": "2", "22": "3", "17": "2", "19": "3", "18": "3", "42": "1", "28": "1", "34": "1", "27": "2", "39": "3", "25": "2", "49": "2", "36": "2", "31": "2", "32": "1", "37": "1", "47": "2", "45": "2", "41": "1", "48": "3", "30": "1", "50": "2", "51": "1"}}