{"edges": [[1, 3], [1, 4], [3, 7], [3, 87], [4, 6], [6, 17], [6, 29], [7, 14], [7, 16], [8, 18], [9, 55], [10, 21], [10, 24], [13, 25], [13, 22], [14, 58], [15, 12], [15, 20], [18, 9], [18, 5], [19, 15], [19, 34], [21, 26], [23, 30], [23, 94], [24, 103], [24, 13], [25, 27], [25, 31], [28, 89], [28, 59], [29, 10], [29, 8], [30, 80], [30, 48], [31, 23], [36, 109], [41, 74], [41, 118], [42, 78], [42, 93], [43, 35], [46, 52], [46, 69], [47, 100], [47, 67], [48, 53], [49, 91], [49, 86], [50, 40], [50, 98], [52, 105], [53, 68], [53, 88], [54, 73], [55, 81], [55, 32], [57, 72], [58, 90], [58, 108], [59, 44], [60, 115], [60, 102], [61, 96], [62, 106], [62, 56], [64, 49], [71, 104], [71, 84], [72, 75], [72, 51], [73, 117], [73, 99], [76, 95], [77, 43], [77, 82], [78, 45], [78, 116], [79, 47], [81, 19], [82, 63], [87, 60], [88, 77], [88, 37], [90, 46], [92, 107], [93, 71], [94, 42], [95, 112], [95, 92], [97, 28], [100, 113], [100, 36], [101, 70], [102, 110], [102, 61], [104, 50], [104, 66], [105, 33], [105, 79], [107, 64], [107, 85], [108, 41], [109, 38], [109, 57], [110, 114], [110, 76], [117, 101], [117, 97], [118, 54], [118, 62]], "features": {"1": "2", "3": "3", "4": "2", "7": "3", "87": "2", "6": "3", "17": "1", "29": "3", "14": "2", "16": "1", "8": "2", "18": "3", "9": "2", "55": "3", "10": "3", "21": "2", "24": "3", "13": "3", "25": "3", "22": "1", "58": "3", "15": "3", "12": "1", "20": "1", "5": "1", "19": "3", "34": "1", "26": "1", "23": "3", "30": "3", "94": "2", "103": "1", "27": "1", "31": "2", "28": "3", "89": "1", "59": "2", "80": "1", "48": "2", "36": "2", "109": "3", "41": "3", "74": "1", "118": "3", "42": "3", "78": "3", "93": "2", "43": "2", "35": "1", "46": "3", "52": "2", "69": "1", "47": "3", "100": "3", "67": "1", "53": "3", "49": "3", "91": "1", "86": "1", "50": "3", "40": "1", "98": "1", "105": "3", "68": "1", "88": "3", "54": "2", "73": "3", "81": "2", "32": "1", "57": "2", "72": "3", "90": "2", "108": "2", "44": "1", "60": "3", "115": "1", "102": "3", "61": "2", "96": "1", "62": "3", "106": "1", "56": "1", "64": "2", "71": "3", "104": "3", "84": "1", "75": "1", "51": "1", "117": "3", "99": "1", "76": "2", "95": "3", "77": "3", "82": "2", "45": "1", "116": "1", "79": "2", "63": "1", "37": "1", "92": "2", "107": "3", "112": "1", "97": "2", "113": "1", "101": "2", "70": "1", "110": "3", "66": "1", "33": "1", "85": "1", "38": "1", "114": "1"}}