{"edges": [[1, 2], [2, 3], [3, 4], [4, 7], [4, 35], [7, 8], [8, 10], [9, 8], [10, 12], [12, 13], [12, 56], [12, 43], [13, 14], [14, 15], [15, 17], [15, 38], [17, 18], [18, 19], [19, 20], [20, 21], [21, 22], [21, 29], [22, 23], [23, 24], [23, 111], [24, 26], [26, 27], [29, 30], [30, 32], [35, 36], [36, 40], [37, 70], [38, 39], [40, 9], [40, 37], [41, 42], [43, 44], [44, 45], [45, 46], [46, 47], [47, 48], [48, 41], [41, 50], [50, 51], [51, 53], [53, 54], [54, 55], [55, 66], [55, 61], [56, 57], [57, 58], [61, 62], [62, 65], [66, 67], [67, 69], [70, 72], [72, 74], [72, 115], [74, 75], [75, 76], [75, 107], [76, 77], [77, 79], [77, 104], [79, 80], [80, 82], [82, 83], [83, 84], [83, 119], [84, 85], [85, 86], [86, 87], [87, 88], [87, 95], [88, 90], [90, 91], [91, 92], [92, 94], [95, 96], [96, 98], [98, 99], [99, 100], [99, 122], [100, 102], [102, 103], [104, 105], [105, 106], [105, 107], [107, 108], [108, 109], [109, 110], [109, 117], [110, 112], [112, 114], [117, 118], [119, 120], [120, 121]], "features": {"1": "1", "2": "2", "3": "2", "4": "3", "7": "2", "35": "2", "8": "3", "10": "2", "9": "2", "12": "4", "13": "2", "56": "2", "43": "2", "14": "2", "15": "3", "17": "2", "38": "2", "18": "2", "19": "2", "20": "2", "21": "3", "22": "2", "29": "2", "23": "3", "24": "2", "111": "1", "26": "2", "27": "1", "30": "2", "32": "1", "36": "2", "40": "3", "37": "2", "70": "2", "39": "1", "41": "3", "42": "1", "44": "2", "45": "2", "46": "2", "47": "2", "48": "2", "50": "2", "51": "2", "53": "2", "54": "2", "55": "3", "66": "2", "61": "2", "57": "2", "58": "1", "62": "2", "65": "1", "67": "2", "69": "1", "72": "3", "74": "2", "115": "1", "75": "3", "76": "2", "107": "3", "77": "3", "79": "2", "104": "2", "80": "2", "82": "2", "83": "3", "84": "2", "119": "2", "85": "2", "86": "2", "87": "3", "88": "2", "95": "2", "90": "2", "91": "2", "92": "2", "94": "1", "96": "2", "98": "2", "99": "3", "100": "2", "122": "1", "102": "2", "103": "1", "105": "3", "106": "1", "108": "2", "109": "3", "110": "2", "117": "2", "112": "2", "114": "1", "118": "1", "120": "2", "121": "1"}}