{"edges": [[1, 2], [2, 3], [3, 4], [4, 5], [5, 6], [6, 8], [8, 9], [9, 10], [10, 11], [11, 31], [11, 13], [13, 14], [14, 16], [16, 18], [18, 19], [19, 20], [20, 21], [21, 22], [21, 45], [22, 23], [23, 24], [24, 25], [25, 27], [27, 28], [27, 37], [28, 29], [29, 30], [30, 32], [32, 34], [34, 72], [35, 36], [37, 38], [38, 39], [39, 40], [40, 60], [40, 71], [42, 43], [43, 44], [44, 52], [45, 47], [47, 48], [48, 50], [50, 51], [51, 116], [52, 54], [54, 68], [54, 35], [55, 56], [56, 57], [58, 59], [59, 63], [59, 90], [60, 61], [61, 62], [63, 64], [64, 65], [65, 66], [68, 69], [69, 70], [70, 76], [71, 86], [72, 74], [74, 42], [74, 58], [75, 78], [76, 89], [78, 80], [80, 85], [80, 82], [81, 96], [82, 83], [83, 84], [84, 95], [85, 115], [86, 88], [88, 92], [90, 91], [92, 94], [95, 97], [95, 98], [95, 81], [96, 103], [97, 106], [98, 101], [101, 110], [103, 104], [106, 107], [107, 108], [108, 109], [109, 111], [111, 112], [116, 75], [116, 55]], "features": {"1": "1", "2": "2", "3": "2", "4": "2", "5": "2", "6": "2", "8": "2", "9": "2", "10": "2", "11": "3", "31": "1", "13": "2", "14": "2", "16": "2", "18": "2", "19": "2", "20": "2", "21": "3", "22": "2", "45": "2", "23": "2", "24": "2", "25": "2", "27": "3", "28": "2", "37": "2", "29": "2", "30": "2", "32": "2", "34": "2", "72": "2", "35": "2", "36": "1", "38": "2", "39": "2", "40": "3", "60": "2", "71": "2", "42": "2", "43": "2", "44": "2", "52": "2", "47": "2", "48": "2", "50": "2", "51": "2", "116": "3", "54": "3", "68": "2", "55": "2", "56": "2", "57": "1", "58": "2", "59": "3", "63": "2", "90": "2", "61": "2", "62": "1", "64": "2", "65": "2", "66": "1", "69": "2", "70": "2", "76": "2", "86": "2", "74": "3", "75": "2", "78": "2", "89": "1", "80": "3", "85": "2", "82": "2", "81": "2", "96": "2", "83": "2", "84": "2", "95": "4", "115": "1", "88": "2", "92": "2", "91": "1", "94": "1", "97": "2", "98": "2", "103": "2", "106": "2", "101": "2", "110": "1", "104": "1", "107": "2", "108": "2", "109": "2", "111": "2", "112": "1"}}