{"edges": [[5, 18], [5, 14], [6, 7], [7, 90], [7, 64], [8, 74], [8, 118], [9, 10], [10, 69], [10, 85], [11, 82], [11, 30], [12, 13], [13, 68], [13, 23], [14, 15], [15, 16], [16, 49], [16, 77], [17, 101], [19, 20], [20, 22], [22, 69], [23, 62], [24, 25], [25, 40], [25, 75], [26, 27], [27, 60], [27, 106], [28, 29], [29, 35], [29, 97], [32, 53], [32, 78], [33, 34], [34, 8], [35, 88], [36, 37], [37, 38], [38, 109], [38, 45], [40, 41], [41, 42], [42, 43], [43, 9], [43, 26], [45, 46], [46, 48], [48, 91], [50, 51], [51, 52], [52, 104], [52, 114], [53, 40], [54, 56], [57, 58], [58, 117], [58, 33], [59, 87], [59, 107], [60, 61], [61, 44], [61, 19], [62, 63], [65, 66], [66, 67], [67, 17], [67, 101], [68, 36], [69, 70], [70, 72], [72, 73], [73, 98], [73, 11], [75, 76], [76, 39], [76, 94], [77, 28], [78, 80], [81, 11], [82, 83], [83, 84], [84, 110], [84, 122], [85, 86], [86, 113], [86, 57], [88, 89], [89, 65], [91, 92], [92, 93], [93, 123], [94, 96], [96, 100], [96, 6], [97, 88], [98, 99], [99, 54], [99, 81], [101, 103], [103, 120], [103, 40], [104, 105], [105, 12], [107, 108], [108, 40], [108, 24], [110, 111], [111, 112], [112, 8], [114, 115], [116, 12], [118, 50], [120, 121], [121, 59], [121, 32], [122, 8], [123, 124]], "features": {"5": "2", "18": "1", "14": "2", "6": "2", "7": "3", "90": "1", "64": "1", "8": "5", "74": "1", "118": "2", "9": "2", "10": "3", "69": "3", "85": "2", "11": "4", "82": "2", "30": "1", "12": "3", "13": "3", "68": "2", "23": "2", "15": "2", "16": "3", "49": "1", "77": "2", "17": "2", "101": "3", "19": "2", "20": "2", "22": "2", "62": "2", "24": "2", "25": "3", "40": "5", "75": "2", "26": "2", "27": "3", "60": "2", "106": "1", "28": "2", "29": "3", "35": "2", "97": "2", "32": "3", "53": "2", "78": "2", "33": "2", "34": "2", "88": "3", "36": "2", "37": "2", "38": "3", "109": "1", "45": "2", "41": "2", "42": "2", "43": "3", "46": "2", "48": "2", "91": "2", "50": "2", "51": "2", "52": "3", "104": "2", "114": "2", "54": "2", "56": "1", "57": "2", "58": "3", "117": "1", "59": "3", "87": "1", "107": "2", "61": "3", "44": "1", "63": "1", "65": "2", "66": "2", "67": "3", "70": "2", "72": "2", "73": "3", "98": "2", "76": "3", "39": "1", "94": "2", "80": "1", "81": "2", "83": "2", "84": "3", "110": "2", "122": "2", "86": "3", "113": "1", "89": "2", "92": "2", "93": "2", "123": "2", "96": "3", "100": "1", "99": "3", "103": "3", "120": "2", "105": "2", "108": "3", "111": "2", "112": "2", "115": "1", "116": "1", "121": "3", "124": "1"}}