{"edges": [[1, 2], [2, 3], [3, 4], [4, 29], [6, 43], [7, 79], [8, 33], [9, 44], [11, 42], [12, 24], [14, 69], [15, 41], [15, 78], [15, 86], [16, 31], [17, 37], [18, 77], [19, 72], [20, 53], [21, 38], [22, 88], [22, 76], [23, 12], [24, 54], [25, 87], [26, 40], [27, 49], [28, 6], [28, 47], [29, 50], [29, 64], [30, 51], [31, 65], [32, 20], [32, 9], [33, 48], [34, 57], [36, 15], [37, 68], [38, 59], [39, 61], [40, 70], [41, 18], [42, 85], [43, 55], [47, 73], [48, 19], [49, 67], [50, 80], [51, 13], [54, 75], [55, 8], [55, 62], [56, 11], [57, 30], [57, 52], [59, 66], [61, 74], [62, 39], [63, 34], [64, 28], [65, 17], [66, 25], [67, 82], [68, 46], [69, 56], [69, 36], [72, 81], [73, 23], [75, 32], [77, 84], [78, 7], [78, 26], [79, 22], [80, 14], [81, 63], [84, 21], [84, 16], [86, 27]], "features": {"1": "1", "2": "2", "3": "2", "4": "2", "29": "3", "6": "2", "43": "2", "7": "2", "79": "2", "8": "2", "33": "2", "9": "2", "44": "1", "11": "2", "42": "2", "12": "2", "24": "2", "14": "2", "69": "3", "15": "4", "41": "2", "78": "3", "86": "2", "16": "2", "31": "2", "17": "2", "37": "2", "18": "2", "77": "2", "19": "2", "72": "2", "20": "2", "53": "1", "21": "2", "38": "2", "22": "3", "88": "1", "76": "1", "23": "2", "54": "2", "25": "2", "87": "1", "26": "2", "40": "2", "27": "2", "49": "2", "28": "3", "47": "2", "50": "2", "64": "2", "30": "2", "51": "2", "65": "2", "32": "3", "48": "2", "34": "2", "57": "3", "36": "2", "68": "2", "59": "2", "39": "2", "61": "2", "70": "1", "85": "1", "55": "3", "73": "2", "67": "2", "80": "2", "13": "1", "75": "2", "62": "2", "56": "2", "52": "1", "66": "2", "74": "1", "63": "2", "82": "1", "46": "1", "81": "2", "84": "3"}}