{"edges": [[1, 10], [4, 19], [7, 25], [10, 4], [10, 19], [14, 7], [14, 32], [19, 32], [19, 14], [25, 32], [28, 53], [30, 28], [30, 37], [32, 30], [37, 43], [40, 50], [43, 40], [43, 50], [46, 63], [50, 63], [50, 55], [50, 46], [53, 43], [55, 63], [55, 46], [59, 68], [59, 78], [63, 74], [63, 59], [68, 78], [71, 81], [71, 107], [74, 59], [78, 102], [81, 91], [81, 88], [84, 81], [88, 96], [88, 71], [91, 98], [91, 107], [94, 109], [96, 98], [98, 107], [102, 84], [104, 94], [107, 104], [109, 113]], "features": {"1": "1", "10": "3", "4": "2", "19": "4", "7": "2", "25": "2", "14": "3", "32": "4", "28": "2", "53": "2", "30": "3", "37": "2", "43": "4", "40": "2", "50": "5", "46": "3", "63": "5", "55": "3", "59": "4", "68": "2", "78": "3", "74": "2", "71": "3", "81": "4", "107": "4", "102": "2", "91": "3", "88": "3", "84": "2", "96": "2", "98": "3", "94": "2", "109": "2", "104": "2", "113": "1"}}