{"edges": [[1, 2], [2, 3], [3, 4], [4, 5], [5, 6], [6, 7], [7, 8], [7, 10], [8, 9], [9, 12], [9, 15], [10, 11], [11, 52], [11, 54], [12, 13], [13, 14], [15, 16], [15, 18], [16, 17], [17, 20], [17, 23], [18, 19], [19, 24], [19, 26], [20, 21], [21, 22], [22, 25], [22, 32], [23, 28], [23, 35], [26, 27], [27, 36], [27, 38], [28, 30], [30, 31], [31, 37], [31, 43], [32, 33], [33, 34], [34, 42], [34, 44], [38, 39], [39, 41], [44, 45], [45, 46], [46, 48], [46, 50], [48, 49], [50, 51], [52, 53], [53, 56], [53, 60], [54, 55], [55, 98], [55, 94], [56, 57], [57, 58], [58, 64], [58, 68], [60, 61], [61, 62], [62, 63], [63, 59], [63, 72], [64, 66], [66, 67], [67, 47], [67, 76], [68, 69], [69, 70], [70, 71], [71, 82], [71, 87], [72, 73], [73, 74], [74, 75], [75, 84], [75, 89], [76, 77], [77, 78], [78, 79], [79, 80], [80, 81], [81, 88], [81, 90], [82, 83], [84, 85], [85, 86], [90, 91], [91, 93], [94, 95], [95, 96], [96, 97], [97, 102], [97, 111], [98, 99], [99, 100], [100, 101], [101, 104], [101, 108], [102, 103], [104, 105], [105, 106], [106, 107], [107, 110], [107, 112], [108, 114], [108, 116], [112, 113], [114, 115], [116, 117], [117, 118]], "features": {"1": "1", "2": "2", "3": "2", "4": "2", "5": "2", "6": "2", "7": "3", "8": "2", "10": "2", "9": "3", "12": "2", "15": "3", "11": "3", "52": "2", "54": "2", "13": "2", "14": "1", "16": "2", "18": "2", "17": "3", "20": "2", "23": "3", "19": "3", "24": "1", "26": "2", "21": "2", "22": "3", "25": "1", "32": "2", "28": "2", "35": "1", "27": "3", "36": "1", "38": "2", "30": "2", "31": "3", "37": "1", "43": "1", "33": "2", "34": "3", "42": "1", "44": "2", "39": "2", "41": "1", "45": "2", "46": "3", "48": "2", "50": "2", "49": "1", "51": "1", "53": "3", "56": "2", "60": "2", "55": "3", "98": "2", "94": "2", "57": "2", "58": "3", "64": "2", "68": "2", "61": "2", "62": "2", "63": "3", "59": "1", "72": "2", "66": "2", "67": "3", "47": "1", "76": "2", "69": "2", "70": "2", "71": "3", "82": "2", "87": "1", "73": "2", "74": "2", "75": "3", "84": "2", "89": "1", "77": "2", "78": "2", "79": "2", "80": "2", "81": "3", "88": "1", "90": "2", "83": "1", "85": "2", "86": "1", "91": "2", "93": "1", "95": "2", "96": "2", "97": "3", "102": "2", "111": "1", "99": "2", "100": "2", "101": "3", "104": "2", "108": "3", "103": "1", "105": "2", "106": "2", "107": "3", "110": "1", "112": "2", "114": "2", "116": "2", "113": "1", "115": "1", "117": "2", "118": "1"}}