{"edges": [[1, 4], [1, 6], [4, 8], [4, 10], [6, 46], [6, 51], [8, 12], [8, 14], [10, 16], [10, 20], [12, 30], [12, 40], [14, 18], [14, 26], [16, 17], [18, 28], [18, 79], [20, 24], [20, 29], [24, 32], [24, 64], [30, 66], [32, 36], [32, 65], [34, 23], [37, 94], [38, 48], [40, 27], [40, 80], [46, 38], [46, 76], [48, 60], [48, 103], [51, 86], [51, 98], [54, 104], [54, 34], [56, 57], [58, 74], [60, 97], [60, 112], [65, 43], [65, 114], [66, 70], [66, 90], [68, 42], [68, 54], [70, 111], [72, 88], [72, 92], [74, 75], [76, 77], [80, 81], [82, 41], [82, 69], [84, 58], [84, 62], [86, 102], [86, 106], [88, 78], [88, 84], [90, 56], [90, 68], [92, 37], [92, 44], [92, 109], [97, 100], [97, 108], [98, 99], [100, 96], [104, 45], [104, 63], [104, 71], [106, 72], [109, 94], [111, 82], [111, 95], [112, 113], [114, 115]], "features": {"1": "2", "4": "3", "6": "3", "8": "3", "10": "3", "46": "3", "51": "3", "12": "3", "14": "3", "16": "2", "20": "3", "30": "2", "40": "3", "18": "3", "26": "1", "17": "1", "28": "1", "79": "1", "24": "3", "29": "1", "32": "3", "64": "1", "66": "3", "36": "1", "65": "3", "34": "2", "23": "1", "37": "2", "94": "2", "38": "2", "48": "3", "27": "1", "80": "2", "76": "2", "60": "3", "103": "1", "86": "3", "98": "2", "54": "3", "104": "4", "56": "2", "57": "1", "58": "2", "74": "2", "97": "3", "112": "2", "43": "1", "114": "2", "70": "2", "90": "3", "68": "3", "42": "1", "111": "3", "72": "3", "88": "3", "92": "4", "75": "1", "77": "1", "81": "1", "82": "3", "41": "1", "69": "1", "84": "3", "62": "1", "102": "1", "106": "2", "78": "1", "44": "1", "109": "2", "100": "2", "108": "1", "99": "1", "96": "1", "45": "1", "63": "1", "71": "1", "95": "1", "113": "1", "115": "1"}}