{"edges": [[1, 2], [2, 3], [3, 64], [6, 27], [7, 41], [7, 89], [9, 30], [10, 11], [11, 36], [11, 66], [12, 44], [12, 5], [14, 84], [16, 88], [17, 37], [19, 78], [19, 109], [20, 21], [21, 58], [22, 53], [24, 71], [25, 9], [27, 7], [28, 29], [29, 73], [30, 67], [31, 68], [32, 17], [34, 100], [34, 55], [35, 48], [36, 14], [37, 85], [37, 72], [39, 28], [39, 106], [41, 10], [42, 94], [44, 51], [45, 40], [46, 12], [48, 49], [49, 86], [51, 35], [52, 90], [53, 24], [55, 32], [56, 80], [56, 106], [57, 93], [58, 76], [60, 16], [62, 83], [62, 101], [64, 6], [66, 31], [67, 34], [68, 112], [71, 95], [71, 25], [72, 42], [73, 111], [74, 113], [74, 13], [76, 57], [76, 114], [78, 99], [80, 81], [81, 104], [84, 22], [85, 97], [86, 20], [88, 74], [89, 108], [89, 98], [90, 63], [92, 61], [93, 60], [94, 46], [95, 62], [97, 77], [98, 45], [99, 52], [102, 69], [104, 105], [105, 19], [106, 92], [108, 85], [111, 56], [112, 39], [113, 102]], "features": {"1": "1", "2": "2", "3": "2", "64": "2", "6": "2", "27": "2", "7": "3", "41": "2", "89": "3", "9": "2", "30": "2", "10": "2", "11": "3", "36": "2", "66": "2", "12": "3", "44": "2", "5": "1", "14": "2", "84": "2", "16": "2", "88": "2", "17": "2", "37": "3", "19": "3", "78": "2", "109": "1", "20": "2", "21": "2", "58": "2", "22": "2", "53": "2", "24": "2", "71": "3", "25": "2", "28": "2", "29": "2", "73": "2", "67": "2", "31": "2", "68": "2", "32": "2", "34": "3", "100": "1", "55": "2", "35": "2", "48": "2", "85": "3", "72": "2", "39": "3", "106": "3", "42": "2", "94": "2", "51": "2", "45": "2", "40": "1", "46": "2", "49": "2", "86": "2", "52": "2", "90": "2", "56": "3", "80": "2", "57": "2", "93": "2", "76": "3", "60": "2", "62": "3", "83": "1", "101": "1", "112": "2", "95": "2", "111": "2", "74": "3", "113": "2", "13": "1", "114": "1", "99": "2", "81": "2", "104": "2", "97": "2", "108": "2", "98": "2", "63": "1", "92": "2", "61": "1", "77": "1", "102": "2", "69": "1", "105": "2"}}