{"edges": [[1, 3], [3, 12], [3, 47], [7, 52], [8, 32], [11, 38], [12, 13], [13, 8], [13, 28], [15, 21], [16, 44], [18, 15], [18, 48], [22, 51], [22, 27], [28, 41], [28, 34], [31, 37], [31, 4], [31, 22], [32, 18], [32, 42], [37, 7], [37, 24], [38, 39], [39, 47], [47, 31], [48, 11], [48, 16]], "features": {"1": "1", "3": "3", "12": "2", "47": "3", "7": "2", "52": "1", "8": "2", "32": "3", "11": "2", "38": "2", "13": "3", "28": "3", "15": "2", "21": "1", "16": "2", "44": "1", "18": "3", "48": "3", "22": "3", "51": "1", "27": "1", "41": "1", "34": "1", "31": "4", "37": "3", "4": "1", "42": "1", "24": "1", "39": "2"}}