{"edges": [[1, 2], [2, 3], [3, 9], [4, 67], [7, 14], [9, 113], [10, 11], [11, 55], [12, 68], [13, 66], [13, 74], [14, 60], [14, 37], [16, 56], [16, 105], [17, 109], [17, 31], [20, 84], [21, 91], [22, 23], [23, 80], [24, 32], [26, 81], [27, 88], [29, 36], [30, 61], [31, 51], [32, 63], [32, 38], [33, 46], [35, 86], [36, 13], [37, 89], [37, 73], [38, 50], [40, 96], [42, 43], [43, 71], [43, 98], [44, 83], [44, 93], [46, 82], [46, 78], [48, 49], [49, 102], [49, 104], [52, 53], [53, 6], [53, 116], [55, 39], [56, 108], [57, 19], [60, 12], [63, 70], [64, 65], [65, 29], [66, 92], [67, 76], [68, 16], [70, 27], [71, 110], [74, 111], [74, 115], [75, 21], [76, 7], [77, 58], [80, 24], [81, 44], [82, 94], [83, 35], [84, 22], [84, 64], [86, 87], [87, 42], [88, 30], [89, 100], [91, 26], [93, 48], [94, 52], [96, 97], [97, 33], [100, 77], [100, 40], [102, 112], [104, 17], [105, 20], [108, 10], [108, 57], [111, 45], [112, 107], [113, 75], [113, 4], [115, 101]], "features": {"1": "1", "2": "2", "3": "2", "9": "2", "4": "2", "67": "2", "7": "2", "14": "3", "113": "3", "10": "2", "11": "2", "55": "2", "12": "2", "68": "2", "13": "3", "66": "2", "74": "3", "60": "2", "37": "3", "16": "3", "56": "2", "105": "2", "17": "3", "109": "1", "31": "2", "20": "2", "84": "3", "21": "2", "91": "2", "22": "2", "23": "2", "80": "2", "24": "2", "32": "3", "26": "2", "81": "2", "27": "2", "88": "2", "29": "2", "36": "2", "30": "2", "61": "1", "51": "1", "63": "2", "38": "2", "33": "2", "46": "3", "35": "2", "86": "2", "89": "2", "73": "1", "50": "1", "40": "2", "96": "2", "42": "2", "43": "3", "71": "2", "98": "1", "44": "3", "83": "2", "93": "2", "82": "2", "78": "1", "48": "2", "49": "3", "102": "2", "104": "2", "52": "2", "53": "3", "6": "1", "116": "1", "39": "1", "108": "3", "57": "2", "19": "1", "70": "2", "64": "2", "65": "2", "92": "1", "76": "2", "110": "1", "111": "2", "115": "2", "75": "2", "77": "2", "58": "1", "94": "2", "87": "2", "100": "3", "97": "2", "112": "2", "45": "1", "107": "1", "101": "1"}}