{"edges": [[1, 2], [2, 3], [3, 4], [4, 44], [5, 36], [5, 50], [8, 108], [12, 13], [13, 98], [14, 56], [15, 94], [16, 113], [18, 32], [18, 101], [19, 51], [21, 64], [22, 118], [23, 94], [24, 116], [26, 71], [27, 18], [28, 84], [30, 74], [31, 86], [32, 33], [33, 93], [43, 111], [34, 66], [35, 47], [35, 30], [38, 39], [39, 43], [39, 95], [41, 75], [42, 31], [43, 76], [44, 45], [45, 22], [46, 106], [47, 114], [49, 90], [49, 54], [50, 119], [51, 87], [53, 67], [54, 68], [55, 23], [56, 57], [57, 58], [59, 16], [60, 19], [61, 14], [61, 24], [62, 85], [64, 65], [65, 81], [66, 26], [67, 55], [68, 69], [69, 70], [70, 92], [71, 89], [72, 61], [74, 91], [75, 5], [78, 79], [79, 46], [80, 112], [81, 110], [83, 8], [84, 15], [85, 96], [86, 21], [87, 103], [89, 12], [90, 53], [91, 41], [92, 27], [94, 117], [94, 62], [95, 7], [96, 83], [98, 99], [99, 10], [99, 59], [101, 107], [102, 60], [103, 104], [104, 105], [106, 35], [107, 9], [108, 38], [110, 72], [111, 28], [112, 34], [113, 49], [114, 102], [116, 78], [117, 42], [118, 80]], "features": {"1": "1", "2": "2", "3": "2", "4": "2", "44": "2", "5": "3", "36": "1", "50": "2", "8": "2", "108": "2", "12": "2", "13": "2", "98": "2", "14": "2", "56": "2", "15": "2", "94": "4", "16": "2", "113": "2", "18": "3", "32": "2", "101": "2", "19": "2", "51": "2", "21": "2", "64": "2", "22": "2", "118": "2", "23": "2", "24": "2", "116": "2", "26": "2", "71": "2", "27": "2", "28": "2", "84": "2", "30": "2", "74": "2", "31": "2", "86": "2", "33": "2", "93": "1", "43": "3", "111": "2", "34": "2", "66": "2", "35": "3", "47": "2", "38": "2", "39": "3", "95": "2", "41": "2", "75": "2", "42": "2", "76": "1", "45": "2", "46": "2", "106": "2", "114": "2", "49": "3", "90": "2", "54": "2", "119": "1", "87": "2", "53": "2", "67": "2", "68": "2", "55": "2", "57": "2", "58": "1", "59": "2", "60": "2", "61": "3", "62": "2", "85": "2", "65": "2", "81": "2", "69": "2", "70": "2", "92": "2", "89": "2", "72": "2", "91": "2", "78": "2", "79": "2", "80": "2", "112": "2", "110": "2", "83": "2", "96": "2", "103": "2", "117": "2", "7": "1", "99": "3", "10": "1", "107": "2", "102": "2", "104": "2", "105": "1", "9": "1"}}