{"edges": [[1, 114], [2, 9], [2, 22], [3, 16], [4, 104], [6, 7], [7, 52], [8, 106], [9, 12], [10, 59], [11, 72], [12, 46], [15, 25], [15, 90], [18, 109], [19, 32], [21, 73], [22, 12], [23, 35], [27, 80], [28, 55], [29, 38], [32, 77], [34, 84], [35, 42], [38, 112], [39, 58], [41, 69], [42, 83], [43, 50], [43, 56], [46, 47], [47, 6], [47, 3], [50, 51], [51, 65], [51, 94], [52, 10], [53, 64], [55, 78], [55, 74], [56, 57], [57, 67], [58, 79], [59, 68], [60, 95], [60, 98], [62, 105], [64, 28], [64, 70], [65, 89], [67, 53], [68, 11], [68, 15], [69, 39], [70, 86], [70, 82], [72, 21], [73, 18], [74, 75], [75, 93], [77, 23], [77, 29], [78, 87], [79, 48], [79, 45], [80, 81], [81, 30], [81, 34], [82, 91], [83, 36], [84, 14], [86, 96], [87, 111], [90, 27], [91, 60], [93, 116], [94, 108], [95, 26], [99, 33], [100, 4], [101, 62], [104, 101], [105, 113], [106, 43], [108, 103], [108, 99], [109, 19], [112, 41], [113, 8], [113, 2], [114, 100]], "features": {"1": "1", "114": "2", "2": "3", "9": "2", "22": "2", "3": "2", "16": "1", "4": "2", "104": "2", "6": "2", "7": "2", "52": "2", "8": "2", "106": "2", "12": "3", "10": "2", "59": "2", "11": "2", "72": "2", "46": "2", "15": "3", "25": "1", "90": "2", "18": "2", "109": "2", "19": "2", "32": "2", "21": "2", "73": "2", "23": "2", "35": "2", "27": "2", "80": "2", "28": "2", "55": "3", "29": "2", "38": "2", "77": "3", "34": "2", "84": "2", "42": "2", "112": "2", "39": "2", "58": "2", "41": "2", "69": "2", "83": "2", "43": "3", "50": "2", "56": "2", "47": "3", "51": "3", "65": "2", "94": "2", "53": "2", "64": "3", "78": "2", "74": "2", "57": "2", "67": "2", "79": "3", "68": "3", "60": "3", "95": "2", "98": "1", "62": "2", "105": "2", "70": "3", "89": "1", "86": "2", "82": "2", "75": "2", "93": "2", "87": "2", "48": "1", "45": "1", "81": "3", "30": "1", "91": "2", "36": "1", "14": "1", "96": "1", "111": "1", "116": "1", "108": "3", "26": "1", "99": "2", "33": "1", "100": "2", "101": "2", "113": "3", "103": "1"}}