{"edges": [[1, 2], [2, 3], [3, 5], [5, 67], [8, 80], [11, 17], [12, 112], [14, 24], [15, 46], [17, 52], [17, 94], [18, 51], [19, 58], [19, 81], [20, 82], [22, 69], [23, 88], [24, 35], [26, 78], [27, 98], [29, 56], [31, 10], [32, 92], [37, 97], [37, 93], [38, 74], [40, 64], [43, 26], [44, 45], [45, 105], [45, 11], [46, 19], [48, 49], [49, 108], [51, 63], [51, 70], [52, 34], [53, 84], [56, 23], [57, 101], [57, 113], [58, 104], [60, 89], [60, 90], [61, 37], [63, 77], [63, 86], [64, 41], [66, 100], [67, 12], [69, 31], [70, 71], [71, 43], [72, 57], [74, 18], [74, 54], [75, 20], [77, 6], [78, 79], [79, 60], [80, 106], [81, 29], [82, 83], [83, 103], [84, 22], [86, 87], [87, 14], [88, 38], [88, 32], [89, 61], [90, 44], [92, 75], [92, 66], [95, 110], [97, 109], [99, 72], [100, 8], [101, 40], [103, 27], [104, 53], [104, 95], [105, 7], [106, 48], [108, 30], [110, 99], [112, 62], [112, 15]], "features": {"1": "1", "2": "2", "3": "2", "5": "2", "67": "2", "8": "2", "80": "2", "11": "2", "17": "3", "12": "2", "112": "3", "14": "2", "24": "2", "15": "2", "46": "2", "52": "2", "94": "1", "18": "2", "51": "3", "19": "3", "58": "2", "81": "2", "20": "2", "82": "2", "22": "2", "69": "2", "23": "2", "88": "3", "35": "1", "26": "2", "78": "2", "27": "2", "98": "1", "29": "2", "56": "2", "31": "2", "10": "1", "32": "2", "92": "3", "37": "3", "97": "2", "93": "1", "38": "2", "74": "3", "40": "2", "64": "2", "43": "2", "44": "2", "45": "3", "105": "2", "48": "2", "49": "2", "108": "2", "63": "3", "70": "2", "34": "1", "53": "2", "84": "2", "57": "3", "101": "2", "113": "1", "104": "3", "60": "3", "89": "2", "90": "2", "61": "2", "77": "2", "86": "2", "41": "1", "66": "2", "100": "2", "71": "2", "72": "2", "54": "1", "75": "2", "6": "1", "79": "2", "106": "2", "83": "2", "103": "2", "87": "2", "95": "2", "110": "2", "109": "1", "99": "2", "7": "1", "30": "1", "62": "1"}}