{"edges": [[1, 7], [4, 11], [7, 13], [11, 17], [11, 24], [13, 4], [13, 31], [17, 31], [19, 27], [19, 34], [24, 31], [27, 34], [31, 19], [34, 40], [34, 43], [38, 40], [38, 58], [40, 47], [43, 38], [43, 40], [47, 51], [47, 58], [49, 55], [49, 58], [51, 49], [51, 58], [55, 60], [55, 63], [58, 55], [60, 67], [60, 68], [63, 72], [63, 68], [67, 76], [68, 76], [72, 68], [72, 76], [76, 80]], "features": {"1": "1", "7": "2", "4": "2", "11": "3", "13": "3", "17": "2", "24": "2", "31": "4", "19": "3", "27": "2", "34": "4", "40": "4", "43": "3", "38": "3", "58": "5", "47": "3", "51": "3", "49": "3", "55": "4", "60": "3", "63": "3", "67": "2", "68": "4", "72": "3", "76": "4", "80": "1"}}