{"edges": [[9, 10], [10, 11], [11, 12], [11, 17], [12, 13], [12, 48], [13, 14], [13, 17], [14, 15], [14, 38], [15, 16], [17, 18], [18, 19], [18, 71], [19, 20], [19, 34], [20, 21], [21, 22], [21, 32], [22, 23], [23, 24], [24, 25], [24, 64], [25, 26], [26, 27], [26, 30], [27, 28], [28, 29], [30, 31], [32, 33], [34, 35], [35, 36], [36, 37], [38, 39], [39, 40], [40, 41], [41, 42], [42, 43], [43, 44], [43, 99], [43, 114], [44, 45], [45, 46], [46, 47], [48, 49], [48, 51], [49, 50], [51, 52], [52, 53], [53, 54], [54, 55], [55, 56], [56, 57], [57, 58], [57, 61], [58, 59], [59, 60], [61, 62], [62, 63], [64, 65], [64, 93], [65, 66], [66, 67], [66, 87], [67, 68], [68, 69], [69, 70], [70, 79], [70, 101], [71, 72], [72, 73], [72, 75], [73, 74], [75, 76], [76, 77], [77, 78], [79, 80], [80, 81], [81, 82], [82, 83], [83, 84], [84, 85], [85, 86], [87, 88], [88, 89], [89, 90], [90, 91], [91, 92], [93, 94], [94, 95], [95, 96], [96, 97], [97, 98], [99, 100], [101, 102], [101, 105], [102, 103], [103, 104], [105, 106], [105, 109], [105, 120], [106, 107], [107, 108], [109, 110], [109, 115], [110, 111], [111, 112], [112, 113], [115, 116], [116, 117], [117, 118], [120, 121], [121, 122], [122, 123], [123, 124], [124, 125], [125, 126]], "features": {"9": "1", "10": "2", "11": "3", "12": "3", "17": "3", "13": "3", "48": "3", "14": "3", "15": "2", "38": "2", "16": "1", "18": "3", "19": "3", "71": "2", "20": "2", "34": "2", "21": "3", "22": "2", "32": "2", "23": "2", "24": "3", "25": "2", "64": "3", "26": "3", "27": "2", "30": "2", "28": "2", "29": "1", "31": "1", "33": "1", "35": "2", "36": "2", "37": "1", "39": "2", "40": "2", "41": "2", "42": "2", "43": "4", "44": "2", "99": "2", "114": "1", "45": "2", "46": "2", "47": "1", "49": "2", "51": "2", "50": "1", "52": "2", "53": "2", "54": "2", "55": "2", "56": "2", "57": "3", "58": "2", "61": "2", "59": "2", "60": "1", "62": "2", "63": "1", "65": "2", "93": "2", "66": "3", "67": "2", "87": "2", "68": "2", "69": "2", "70": "3", "79": "2", "101": "3", "72": "3", "73": "2", "75": "2", "74": "1", "76": "2", "77": "2", "78": "1", "80": "2", "81": "2", "82": "2", "83": "2", "84": "2", "85": "2", "86": "1", "88": "2", "89": "2", "90": "2", "91": "2", "92": "1", "94": "2", "95": "2", "96": "2", "97": "2", "98": "1", "100": "1", "102": "2", "105": "4", "103": "2", "104": "1", "106": "2", "109": "3", "120": "2", "107": "2", "108": "1", "110": "2", "115": "2", "111": "2", "112": "2", "113": "1", "116": "2", "117": "2", "118": "1", "121": "2", "122": "2", "123": "2", "124": "2", "125": "2", "126": "1"}}