{"edges": [[1, 2], [2, 7], [5, 11], [5, 21], [6, 37], [7, 12], [7, 25], [8, 14], [11, 52], [12, 22], [14, 18], [14, 27], [14, 32], [15, 34], [17, 43], [17, 44], [18, 5], [21, 42], [22, 28], [22, 31], [25, 8], [27, 17], [28, 15], [31, 50], [32, 6], [42, 49], [43, 38], [50, 41], [50, 46]], "features": {"1": "1", "2": "2", "7": "3", "5": "3", "11": "2", "21": "2", "6": "2", "37": "1", "12": "2", "25": "2", "8": "2", "14": "4", "52": "1", "22": "3", "18": "2", "27": "2", "32": "2", "15": "2", "34": "1", "17": "3", "43": "2", "44": "1", "42": "2", "28": "2", "31": "2", "50": "3", "49": "1", "38": "1", "41": "1", "46": "1"}}