{"edges": [[1, 2], [2, 3], [3, 4], [3, 5], [4, 8], [5, 13], [6, 7], [7, 30], [8, 9], [9, 19], [10, 11], [11, 14], [13, 16], [14, 15], [15, 22], [16, 20], [16, 17], [17, 18], [18, 56], [18, 44], [18, 26], [19, 10], [19, 24], [20, 56], [20, 44], [21, 54], [22, 50], [22, 28], [23, 32], [24, 40], [25, 42], [25, 21], [26, 27], [27, 49], [28, 29], [29, 46], [29, 38], [30, 31], [31, 39], [32, 33], [33, 43], [33, 53], [34, 35], [35, 2], [36, 37], [37, 60], [39, 58], [40, 41], [41, 25], [42, 6], [42, 21], [43, 52], [43, 34], [44, 45], [49, 23], [50, 51], [51, 48], [53, 36], [54, 55], [56, 57], [58, 59]], "features": {"1": "1", "2": "3", "3": "3", "4": "2", "5": "2", "8": "2", "13": "2", "6": "2", "7": "2", "30": "2", "9": "2", "19": "3", "10": "2", "11": "2", "14": "2", "16": "3", "15": "2", "22": "3", "20": "3", "17": "2", "18": "4", "56": "3", "44": "3", "26": "2", "24": "2", "21": "3", "54": "2", "50": "2", "28": "2", "23": "2", "32": "2", "40": "2", "25": "3", "42": "3", "27": "2", "49": "2", "29": "3", "46": "1", "38": "1", "31": "2", "39": "2", "33": "3", "43": "3", "53": "2", "34": "2", "35": "2", "36": "2", "37": "2", "60": "1", "58": "2", "41": "2", "52": "1", "45": "1", "51": "2", "48": "1", "55": "1", "57": "1", "59": "1"}}