{"edges": [[1, 2], [2, 3], [3, 4], [4, 75], [4, 10], [6, 102], [7, 19], [8, 9], [9, 15], [10, 116], [10, 91], [11, 29], [12, 94], [14, 20], [16, 17], [17, 101], [17, 95], [19, 40], [20, 50], [20, 64], [20, 109], [23, 104], [25, 38], [28, 44], [28, 45], [31, 118], [32, 61], [33, 72], [34, 54], [35, 43], [38, 53], [39, 56], [40, 41], [41, 23], [41, 36], [43, 39], [44, 67], [46, 47], [47, 80], [47, 33], [50, 51], [51, 82], [52, 83], [52, 113], [53, 34], [53, 84], [54, 28], [56, 63], [56, 92], [57, 77], [58, 59], [59, 16], [61, 25], [62, 49], [63, 79], [64, 103], [66, 105], [66, 112], [67, 68], [70, 64], [71, 78], [72, 21], [74, 62], [75, 52], [78, 85], [82, 115], [8, 110], [84, 7], [85, 96], [85, 98], [86, 87], [87, 108], [88, 58], [90, 97], [91, 31], [92, 74], [92, 57], [95, 90], [96, 88], [98, 99], [99, 66], [101, 11], [102, 12], [102, 14], [103, 46], [104, 26], [105, 107], [107, 86], [108, 24], [109, 7], [109, 32], [110, 71], [113, 8], [115, 70], [115, 35], [116, 6]], "features": {"1": "1", "2": "2", "3": "2", "4": "3", "75": "2", "10": "3", "6": "2", "102": "3", "7": "3", "19": "2", "8": "3", "9": "2", "15": "1", "116": "2", "91": "2", "11": "2", "29": "1", "12": "2", "94": "1", "14": "2", "20": "4", "16": "2", "17": "3", "101": "2", "95": "2", "40": "2", "50": "2", "64": "3", "109": "3", "23": "2", "104": "2", "25": "2", "38": "2", "28": "3", "44": "2", "45": "1", "31": "2", "118": "1", "32": "2", "61": "2", "33": "2", "72": "2", "34": "2", "54": "2", "35": "2", "43": "2", "53": "3", "39": "2", "56": "3", "41": "3", "36": "1", "67": "2", "46": "2", "47": "3", "80": "1", "51": "2", "82": "2", "52": "3", "83": "1", "113": "2", "84": "2", "63": "2", "92": "3", "57": "2", "77": "1", "58": "2", "59": "2", "62": "2", "49": "1", "79": "1", "103": "2", "66": "3", "105": "2", "112": "1", "68": "1", "70": "2", "71": "2", "78": "2", "21": "1", "74": "2", "85": "3", "115": "3", "110": "2", "96": "2", "98": "2", "86": "2", "87": "2", "108": "2", "88": "2", "90": "2", "97": "1", "99": "2", "26": "1", "107": "2", "24": "1"}}