{"edges": [[1, 2], [2, 4], [3, 17], [4, 17], [4, 6], [5, 107], [6, 5], [6, 10], [7, 8], [8, 14], [8, 63], [10, 16], [11, 28], [11, 74], [12, 13], [13, 22], [13, 99], [14, 21], [16, 12], [16, 43], [17, 7], [19, 41], [19, 108], [20, 103], [21, 59], [21, 34], [22, 35], [23, 31], [26, 47], [27, 76], [28, 23], [28, 80], [29, 12], [31, 32], [32, 114], [32, 95], [33, 39], [33, 94], [34, 68], [34, 62], [35, 11], [35, 72], [36, 37], [37, 19], [37, 54], [38, 66], [38, 71], [39, 20], [41, 91], [41, 56], [43, 44], [44, 75], [44, 82], [46, 55], [46, 98], [47, 84], [47, 113], [48, 49], [50, 40], [51, 64], [54, 38], [55, 26], [55, 50], [56, 57], [57, 58], [58, 67], [58, 88], [60, 70], [62, 104], [62, 36], [63, 29], [64, 65], [65, 115], [65, 79], [66, 78], [66, 87], [68, 69], [69, 60], [69, 51], [72, 73], [73, 46], [73, 81], [75, 86], [76, 77], [77, 48], [77, 33], [84, 90], [86, 110], [88, 89], [89, 111], [90, 118], [94, 102], [96, 97], [98, 83], [98, 92], [99, 22], [104, 24], [104, 27], [108, 109], [109, 41], [110, 15], [110, 116], [111, 106], [111, 101], [114, 52], [114, 30], [116, 117], [117, 3], [117, 96], [117, 42]], "features": {"1": "1", "2": "2", "4": "3", "3": "2", "17": "3", "6": "3", "5": "2", "107": "1", "10": "2", "7": "2", "8": "3", "14": "2", "63": "2", "16": "3", "11": "3", "28": "3", "74": "1", "12": "3", "13": "3", "22": "3", "99": "2", "21": "3", "43": "2", "19": "3", "41": "4", "108": "2", "20": "2", "103": "1", "59": "1", "34": "3", "35": "3", "23": "2", "31": "2", "26": "2", "47": "3", "27": "2", "76": "2", "80": "1", "29": "2", "32": "3", "114": "3", "95": "1", "33": "3", "39": "2", "94": "2", "68": "2", "62": "3", "72": "2", "36": "2", "37": "3", "54": "2", "38": "3", "66": "3", "71": "1", "91": "1", "56": "2", "44": "3", "75": "2", "82": "1", "46": "3", "55": "3", "98": "3", "84": "2", "113": "1", "48": "2", "49": "1", "50": "2", "40": "1", "51": "2", "64": "2", "57": "2", "58": "3", "67": "1", "88": "2", "60": "2", "70": "1", "104": "3", "65": "3", "115": "1", "79": "1", "78": "1", "87": "1", "69": "3", "73": "3", "81": "1", "86": "2", "77": "3", "90": "2", "110": "3", "89": "2", "111": "3", "118": "1", "102": "1", "96": "2", "97": "1", "83": "1", "92": "1", "24": "1", "109": "2", "15": "1", "116": "2", "106": "1", "101": "1", "52": "1", "30": "1", "117": "4", "42": "1"}}