{"edges": [[1, 2], [2, 3], [3, 4], [4, 5], [4, 6], [5, 8], [5, 10], [6, 7], [7, 13], [7, 15], [8, 18], [8, 14], [10, 12], [12, 22], [12, 21], [13, 23], [13, 25], [14, 32], [15, 16], [16, 17], [17, 26], [17, 28], [18, 31], [19, 47], [19, 48], [21, 34], [22, 38], [22, 39], [23, 24], [24, 41], [24, 116], [25, 42], [25, 43], [31, 46], [31, 45], [32, 33], [34, 19], [39, 51], [39, 49], [41, 52], [41, 61], [42, 54], [42, 55], [45, 56], [45, 57], [46, 58], [46, 60], [47, 63], [47, 64], [49, 68], [51, 65], [51, 67], [52, 70], [52, 72], [54, 23], [56, 73], [57, 77], [58, 79], [58, 80], [60, 82], [60, 81], [65, 84], [65, 85], [67, 86], [67, 87], [68, 69], [69, 88], [69, 89], [70, 90], [70, 91], [73, 74], [73, 75], [73, 76], [77, 78], [78, 100], [78, 102], [79, 92], [79, 94], [81, 110], [82, 97], [82, 93], [85, 112], [86, 36], [86, 115], [90, 91], [91, 96], [92, 101], [94, 106], [96, 99], [97, 108], [99, 107], [100, 104], [101, 105], [106, 111], [108, 59], [110, 82], [112, 114]], "features": {"1": "1", "2": "2", "3": "2", "4": "3", "5": "3", "6": "2", "8": "3", "10": "2", "7": "3", "13": "3", "15": "2", "18": "2", "14": "2", "12": "3", "22": "3", "21": "2", "23": "3", "25": "3", "32": "2", "16": "2", "17": "3", "26": "1", "28": "1", "31": "3", "19": "3", "47": "3", "48": "1", "34": "2", "38": "1", "39": "3", "24": "3", "41": "3", "116": "1", "42": "3", "43": "1", "46": "3", "45": "3", "33": "1", "51": "3", "49": "2", "52": "3", "61": "1", "54": "2", "55": "1", "56": "2", "57": "2", "58": "3", "60": "3", "63": "1", "64": "1", "68": "2", "65": "3", "67": "3", "70": "3", "72": "1", "73": "4", "77": "2", "79": "3", "80": "1", "82": "4", "81": "2", "84": "1", "85": "2", "86": "3", "87": "1", "69": "3", "88": "1", "89": "1", "90": "2", "91": "3", "74": "1", "75": "1", "76": "1", "78": "3", "100": "2", "102": "1", "92": "2", "94": "2", "110": "2", "97": "2", "93": "1", "112": "2", "36": "1", "115": "1", "96": "2", "101": "2", "106": "2", "99": "2", "108": "2", "107": "1", "104": "1", "105": "1", "111": "1", "59": "1", "114": "1"}}