{"edges": [[1, 2], [2, 3], [3, 4], [4, 5], [5, 6], [6, 92], [7, 68], [7, 21], [10, 11], [11, 27], [12, 39], [13, 38], [15, 40], [16, 98], [17, 31], [18, 19], [19, 80], [21, 63], [22, 66], [23, 89], [23, 48], [26, 85], [27, 87], [28, 56], [28, 90], [29, 73], [29, 22], [31, 20], [32, 42], [33, 49], [25, 94], [36, 54], [38, 18], [39, 47], [40, 41], [41, 79], [42, 35], [45, 95], [46, 101], [47, 62], [48, 8], [49, 88], [50, 16], [52, 82], [53, 32], [54, 46], [55, 84], [58, 59], [59, 25], [59, 34], [60, 23], [61, 7], [62, 17], [64, 50], [66, 28], [66, 77], [67, 76], [67, 64], [67, 86], [67, 55], [68, 93], [69, 13], [70, 72], [72, 10], [73, 66], [74, 102], [75, 100], [75, 15], [76, 45], [77, 65], [78, 60], [79, 103], [80, 74], [84, 96], [86, 12], [87, 53], [87, 43], [89, 61], [90, 91], [91, 58], [92, 70], [92, 36], [93, 69], [94, 75], [95, 52], [95, 33], [96, 78], [98, 99], [99, 29], [99, 56], [100, 83], [101, 67], [102, 26]], "features": {"1": "1", "2": "2", "3": "2", "4": "2", "5": "2", "6": "2", "92": "3", "7": "3", "68": "2", "21": "2", "10": "2", "11": "2", "27": "2", "12": "2", "39": "2", "13": "2", "38": "2", "15": "2", "40": "2", "16": "2", "98": "2", "17": "2", "31": "2", "18": "2", "19": "2", "80": "2", "63": "1", "22": "2", "66": "4", "23": "3", "89": "2", "48": "2", "26": "2", "85": "1", "87": "3", "28": "3", "56": "2", "90": "2", "29": "3", "73": "2", "20": "1", "32": "2", "42": "2", "33": "2", "49": "2", "25": "2", "94": "2", "36": "2", "54": "2", "47": "2", "41": "2", "79": "2", "35": "1", "45": "2", "95": "3", "46": "2", "101": "2", "62": "2", "8": "1", "88": "1", "50": "2", "52": "2", "82": "1", "53": "2", "55": "2", "84": "2", "58": "2", "59": "3", "34": "1", "60": "2", "61": "2", "64": "2", "77": "2", "67": "5", "76": "2", "86": "2", "93": "2", "69": "2", "70": "2", "72": "2", "74": "2", "102": "2", "75": "3", "100": "2", "65": "1", "78": "2", "103": "1", "96": "2", "43": "1", "91": "2", "99": "3", "83": "1"}}