{"edges": [[1, 2], [2, 10], [6, 13], [6, 50], [9, 30], [10, 6], [10, 27], [16, 17], [17, 18], [18, 22], [18, 25], [21, 28], [22, 36], [25, 26], [26, 5], [27, 40], [27, 37], [28, 19], [33, 21], [33, 39], [34, 43], [36, 9], [36, 33], [37, 44], [39, 46], [40, 53], [42, 16], [42, 34], [44, 14], [44, 48], [50, 42]], "features": {"1": "1", "2": "2", "10": "3", "6": "3", "13": "1", "50": "2", "9": "2", "30": "1", "27": "3", "16": "2", "17": "2", "18": "3", "22": "2", "25": "2", "21": "2", "28": "2", "36": "3", "26": "2", "5": "1", "40": "2", "37": "2", "19": "1", "33": "3", "39": "2", "34": "2", "43": "1", "44": "3", "46": "1", "53": "1", "42": "3", "14": "1", "48": "1"}}