{"edges": [[1, 2], [2, 3], [3, 4], [4, 5], [5, 6], [6, 7], [7, 8], [8, 9], [9, 22], [9, 10], [10, 11], [11, 12], [11, 39], [12, 13], [13, 14], [13, 18], [14, 16], [16, 17], [17, 28], [17, 24], [18, 19], [19, 20], [20, 21], [21, 32], [21, 36], [22, 23], [23, 63], [23, 70], [24, 25], [25, 26], [26, 40], [26, 54], [28, 30], [30, 31], [31, 44], [31, 43], [32, 33], [33, 34], [34, 35], [35, 46], [35, 61], [36, 37], [37, 38], [38, 27], [38, 52], [40, 41], [41, 42], [42, 56], [42, 55], [44, 45], [45, 86], [45, 65], [46, 47], [47, 48], [48, 49], [52, 53], [56, 57], [57, 58], [58, 59], [59, 60], [60, 69], [60, 66], [61, 62], [62, 50], [62, 68], [63, 64], [64, 74], [64, 76], [66, 67], [67, 71], [67, 97], [71, 72], [72, 73], [74, 75], [75, 80], [75, 79], [76, 77], [77, 78], [78, 110], [78, 83], [80, 81], [81, 82], [82, 98], [82, 88], [83, 84], [84, 85], [85, 114], [85, 108], [88, 89], [89, 90], [89, 94], [90, 91], [91, 93], [94, 95], [95, 96], [96, 100], [96, 116], [98, 99], [100, 101], [101, 102], [104, 105], [105, 106], [108, 109], [109, 112], [109, 103], [110, 111], [112, 113], [113, 104], [113, 87], [114, 115], [116, 117], [117, 118]], "features": {"1": "1", "2": "2", "3": "2", "4": "2", "5": "2", "6": "2", "7": "2", "8": "2", "9": "3", "22": "2", "10": "2", "11": "3", "12": "2", "39": "1", "13": "3", "14": "2", "18": "2", "16": "2", "17": "3", "28": "2", "24": "2", "19": "2", "20": "2", "21": "3", "32": "2", "36": "2", "23": "3", "63": "2", "70": "1", "25": "2", "26": "3", "40": "2", "54": "1", "30": "2", "31": "3", "44": "2", "43": "1", "33": "2", "34": "2", "35": "3", "46": "2", "61": "2", "37": "2", "38": "3", "27": "1", "52": "2", "41": "2", "42": "3", "56": "2", "55": "1", "45": "3", "86": "1", "65": "1", "47": "2", "48": "2", "49": "1", "53": "1", "57": "2", "58": "2", "59": "2", "60": "3", "69": "1", "66": "2", "62": "3", "50": "1", "68": "1", "64": "3", "74": "2", "76": "2", "67": "3", "71": "2", "97": "1", "72": "2", "73": "1", "75": "3", "80": "2", "79": "1", "77": "2", "78": "3", "110": "2", "83": "2", "81": "2", "82": "3", "98": "2", "88": "2", "84": "2", "85": "3", "114": "2", "108": "2", "89": "3", "90": "2", "94": "2", "91": "2", "93": "1", "95": "2", "96": "3", "100": "2", "116": "2", "99": "1", "101": "2", "102": "1", "104": "2", "105": "2", "106": "1", "109": "3", "112": "2", "103": "1", "111": "1", "113": "3", "87": "1", "115": "1", "117": "2", "118": "1"}}