{"edges": [[1, 2], [2, 3], [3, 4], [4, 5], [5, 14], [6, 97], [7, 38], [10, 65], [11, 85], [13, 81], [14, 15], [15, 21], [16, 17], [17, 34], [18, 40], [20, 60], [21, 26], [22, 54], [22, 11], [23, 63], [24, 91], [24, 36], [25, 75], [26, 61], [26, 53], [28, 29], [29, 92], [30, 51], [32, 20], [36, 77], [37, 84], [39, 47], [44, 37], [44, 88], [45, 28], [45, 76], [46, 23], [48, 24], [49, 42], [49, 80], [51, 100], [52, 7], [52, 68], [53, 64], [54, 55], [55, 32], [56, 25], [58, 93], [61, 67], [62, 10], [62, 56], [63, 8], [63, 69], [64, 102], [64, 58], [65, 35], [66, 6], [66, 30], [66, 78], [67, 90], [68, 57], [69, 41], [70, 103], [72, 73], [73, 82], [75, 52], [76, 83], [78, 79], [79, 70], [80, 62], [81, 87], [81, 12], [82, 46], [83, 22], [84, 66], [85, 18], [87, 94], [88, 89], [89, 13], [90, 49], [91, 72], [92, 39], [93, 98], [94, 101], [95, 31], [97, 45], [98, 48], [99, 44], [100, 95], [101, 16], [102, 99]], "features": {"1": "1", "2": "2", "3": "2", "4": "2", "5": "2", "14": "2", "6": "2", "97": "2", "7": "2", "38": "1", "10": "2", "65": "2", "11": "2", "85": "2", "13": "2", "81": "3", "15": "2", "21": "2", "16": "2", "17": "2", "34": "1", "18": "2", "40": "1", "20": "2", "60": "1", "26": "3", "22": "3", "54": "2", "23": "2", "63": "3", "24": "3", "91": "2", "36": "2", "25": "2", "75": "2", "61": "2", "53": "2", "28": "2", "29": "2", "92": "2", "30": "2", "51": "2", "32": "2", "77": "1", "37": "2", "84": "2", "39": "2", "47": "1", "44": "3", "88": "2", "45": "3", "76": "2", "46": "2", "48": "2", "49": "3", "42": "1", "80": "2", "100": "2", "52": "3", "68": "2", "64": "3", "55": "2", "56": "2", "58": "2", "93": "2", "67": "2", "62": "3", "8": "1", "69": "2", "102": "2", "35": "1", "66": "4", "78": "2", "90": "2", "57": "1", "41": "1", "70": "2", "103": "1", "72": "2", "73": "2", "82": "2", "83": "2", "79": "2", "87": "2", "12": "1", "94": "2", "89": "2", "98": "2", "101": "2", "95": "2", "31": "1", "99": "2"}}