{"edges": [[1, 2], [2, 4], [2, 11], [3, 22], [3, 7], [4, 6], [6, 11], [7, 21], [8, 9], [9, 68], [9, 14], [10, 19], [11, 14], [11, 18], [13, 32], [14, 15], [15, 41], [15, 55], [17, 24], [18, 26], [20, 28], [20, 70], [21, 17], [22, 47], [23, 10], [23, 33], [24, 54], [24, 107], [26, 8], [26, 34], [27, 20], [28, 29], [29, 42], [32, 23], [33, 52], [34, 27], [37, 48], [38, 39], [39, 44], [39, 98], [41, 30], [42, 43], [43, 58], [44, 49], [46, 50], [49, 102], [50, 51], [51, 108], [51, 96], [51, 113], [52, 63], [55, 79], [55, 60], [57, 64], [58, 83], [58, 87], [60, 65], [64, 38], [64, 100], [65, 67], [66, 59], [66, 104], [68, 80], [70, 74], [71, 82], [72, 75], [74, 46], [74, 106], [75, 81], [76, 77], [77, 57], [77, 88], [80, 13], [80, 72], [81, 84], [84, 85], [85, 94], [88, 68], [90, 116], [92, 93], [93, 76], [94, 37], [94, 71], [96, 97], [97, 101], [98, 103], [100, 110], [101, 89], [103, 3], [104, 115], [106, 66], [106, 92], [107, 114], [110, 90], [110, 111], [116, 117]], "features": {"1": "1", "2": "3", "4": "2", "11": "4", "3": "3", "22": "2", "7": "2", "6": "2", "21": "2", "8": "2", "9": "3", "68": "3", "14": "3", "10": "2", "19": "1", "18": "2", "13": "2", "32": "2", "15": "3", "41": "2", "55": "3", "17": "2", "24": "3", "26": "3", "20": "3", "28": "2", "70": "2", "47": "1", "23": "3", "33": "2", "54": "1", "107": "2", "34": "2", "27": "2", "29": "2", "42": "2", "52": "2", "37": "2", "48": "1", "38": "2", "39": "3", "44": "2", "98": "2", "30": "1", "43": "2", "58": "3", "49": "2", "46": "2", "50": "2", "102": "1", "51": "4", "108": "1", "96": "2", "113": "1", "63": "1", "79": "1", "60": "2", "57": "2", "64": "3", "83": "1", "87": "1", "65": "2", "100": "2", "67": "1", "66": "3", "59": "1", "104": "2", "80": "3", "74": "3", "71": "2", "82": "1", "72": "2", "75": "2", "106": "3", "81": "2", "76": "2", "77": "3", "88": "2", "84": "2", "85": "2", "94": "3", "90": "2", "116": "2", "92": "2", "93": "2", "97": "2", "101": "2", "103": "2", "110": "3", "89": "1", "115": "1", "114": "1", "111": "1", "117": "1"}}