{"edges": [[1, 3], [3, 5], [4, 91], [4, 13], [5, 12], [7, 97], [7, 20], [8, 9], [9, 31], [9, 82], [12, 30], [12, 18], [13, 88], [14, 8], [16, 17], [17, 59], [17, 32], [18, 67], [19, 117], [19, 45], [22, 28], [23, 29], [24, 7], [25, 70], [25, 35], [26, 106], [28, 51], [29, 100], [29, 54], [30, 62], [31, 10], [32, 80], [32, 48], [34, 114], [35, 37], [36, 102], [37, 47], [39, 16], [40, 49], [41, 43], [43, 44], [44, 107], [45, 50], [47, 71], [48, 110], [49, 83], [50, 81], [51, 52], [54, 55], [55, 79], [55, 39], [57, 109], [58, 120], [59, 68], [60, 108], [62, 63], [63, 87], [65, 4], [66, 115], [67, 23], [70, 91], [71, 34], [71, 75], [72, 25], [76, 26], [76, 60], [77, 58], [80, 86], [81, 22], [81, 40], [82, 105], [83, 84], [84, 41], [84, 90], [86, 19], [87, 14], [87, 24], [88, 99], [91, 92], [92, 94], [94, 103], [94, 98], [95, 65], [95, 72], [97, 77], [98, 76], [103, 66], [105, 118], [106, 113], [110, 36], [117, 112], [119, 95], [120, 121], [121, 57], [121, 119]], "features": {"1": "1", "3": "2", "5": "2", "4": "3", "91": "3", "13": "2", "12": "3", "7": "3", "97": "2", "20": "1", "8": "2", "9": "3", "31": "2", "82": "2", "30": "2", "18": "2", "88": "2", "14": "2", "16": "2", "17": "3", "59": "2", "32": "3", "67": "2", "19": "3", "117": "2", "45": "2", "22": "2", "28": "2", "23": "2", "29": "3", "24": "2", "25": "3", "70": "2", "35": "2", "26": "2", "106": "2", "51": "2", "100": "1", "54": "2", "62": "2", "10": "1", "80": "2", "48": "2", "34": "2", "114": "1", "37": "2", "36": "2", "102": "1", "47": "2", "39": "2", "40": "2", "49": "2", "41": "2", "43": "2", "44": "2", "107": "1", "50": "2", "71": "3", "110": "2", "83": "2", "81": "3", "52": "1", "55": "3", "79": "1", "57": "2", "109": "1", "58": "2", "120": "2", "68": "1", "60": "2", "108": "1", "63": "2", "87": "3", "65": "2", "66": "2", "115": "1", "75": "1", "72": "2", "76": "3", "77": "2", "86": "2", "105": "2", "84": "3", "90": "1", "99": "1", "92": "2", "94": "3", "103": "2", "98": "2", "95": "3", "118": "1", "113": "1", "112": "1", "119": "2", "121": "3"}}