{"edges": [[1, 2], [2, 17], [7, 12], [8, 7], [8, 10], [10, 1], [11, 8], [12, 9], [12, 16], [14, 18], [14, 22], [15, 24], [16, 11], [17, 14], [17, 21], [18, 15], [23, 26], [24, 27], [24, 20], [26, 25], [26, 30], [27, 23], [28, 37], [30, 33], [30, 42], [31, 35], [31, 38], [33, 28], [34, 41], [34, 36], [36, 31], [37, 34], [38, 44], [44, 50], [44, 43], [46, 52], [47, 56], [47, 53], [50, 46], [50, 57], [52, 47], [53, 58], [53, 63], [58, 64], [59, 83], [59, 86], [62, 74], [64, 59], [65, 73], [65, 68], [67, 62], [67, 71], [68, 75], [68, 72], [68, 79], [72, 84], [74, 65], [75, 81], [76, 80], [77, 82], [78, 88], [78, 93], [79, 81], [80, 77], [81, 72], [81, 76], [81, 79], [81, 75], [82, 87], [84, 81], [86, 67], [87, 78], [87, 85], [88, 96], [89, 100], [89, 97], [90, 99], [90, 102], [91, 101], [94, 103], [94, 98], [95, 109], [96, 89], [97, 90], [99, 92], [101, 94], [103, 105], [104, 113], [104, 116], [105, 95], [105, 108], [107, 93], [107, 110], [109, 104], [110, 115], [112, 117], [113, 107], [114, 118], [115, 112], [117, 114], [117, 111], [118, 121]], "features": {"1": "2", "2": "2", "17": "3", "7": "2", "12": "3", "8": "3", "10": "2", "11": "2", "9": "1", "16": "2", "14": "3", "18": "2", "22": "1", "15": "2", "24": "3", "21": "1", "23": "2", "26": "3", "27": "2", "20": "1", "25": "1", "30": "3", "28": "2", "37": "2", "33": "2", "42": "1", "31": "3", "35": "1", "38": "2", "34": "3", "41": "1", "36": "2", "44": "3", "50": "3", "43": "1", "46": "2", "52": "2", "47": "3", "56": "1", "53": "3", "57": "1", "58": "2", "63": "1", "64": "2", "59": "3", "83": "1", "86": "2", "62": "2", "74": "2", "65": "3", "73": "1", "68": "4", "67": "3", "71": "1", "75": "3", "72": "3", "79": "3", "84": "2", "81": "7", "76": "2", "80": "2", "77": "2", "82": "2", "78": "3", "88": "2", "93": "2", "87": "3", "85": "1", "96": "2", "89": "3", "100": "1", "97": "2", "90": "3", "99": "2", "102": "1", "91": "1", "101": "2", "94": "3", "103": "2", "98": "1", "95": "2", "109": "2", "92": "1", "105": "3", "104": "3", "113": "2", "116": "1", "108": "1", "107": "3", "110": "2", "115": "2", "112": "2", "117": "3", "114": "2", "118": "2", "111": "1", "121": "1"}}