{"edges": [[1, 3], [3, 4], [4, 5], [5, 8], [5, 10], [6, 48], [6, 50], [7, 80], [8, 97], [8, 16], [9, 50], [9, 50], [9, 34], [9, 46], [10, 101], [10, 12], [12, 13], [13, 34], [13, 9], [13, 46], [13, 28], [14, 24], [15, 94], [15, 89], [16, 17], [17, 14], [17, 22], [17, 32], [18, 58], [21, 18], [21, 30], [22, 49], [22, 41], [24, 38], [24, 43], [25, 51], [26, 52], [27, 47], [28, 29], [29, 6], [30, 31], [31, 44], [32, 20], [32, 42], [34, 50], [34, 9], [34, 46], [35, 39], [36, 47], [37, 15], [37, 93], [40, 80], [41, 25], [42, 14], [42, 22], [43, 56], [44, 45], [45, 66], [45, 74], [46, 50], [46, 34], [46, 9], [47, 60], [47, 27], [48, 50], [49, 56], [50, 21], [50, 101], [51, 56], [52, 53], [53, 37], [53, 85], [54, 55], [55, 68], [56, 36], [57, 23], [57, 77], [58, 82], [60, 64], [60, 54], [61, 72], [62, 63], [63, 91], [63, 40], [64, 70], [65, 86], [65, 90], [66, 67], [67, 78], [68, 61], [68, 72], [70, 59], [70, 62], [71, 95], [72, 73], [73, 35], [73, 7], [74, 88], [76, 78], [77, 92], [77, 71], [78, 79], [79, 26], [80, 81], [81, 84], [81, 57], [82, 65], [82, 76], [82, 69], [86, 87], [87, 78], [88, 78], [88, 78], [88, 78], [90, 11], [94, 95]], "features": {"1": "1", "3": "2", "4": "2", "5": "3", "8": "3", "10": "3", "6": "3", "48": "2", "50": "8", "7": "2", "80": "3", "97": "1", "16": "2", "9": "7", "34": "6", "46": "6", "101": "2", "12": "2", "13": "5", "28": "2", "14": "3", "24": "3", "15": "3", "94": "2", "89": "1", "17": "4", "22": "4", "32": "3", "18": "2", "58": "2", "21": "3", "30": "2", "49": "2", "41": "2", "38": "1", "43": "2", "25": "2", "51": "2", "26": "2", "52": "2", "27": "2", "47": "4", "29": "2", "31": "2", "44": "2", "20": "1", "42": "3", "35": "2", "39": "1", "36": "2", "37": "3", "93": "1", "40": "2", "56": "4", "45": "3", "66": "2", "74": "2", "60": "3", "53": "3", "85": "1", "54": "2", "55": "2", "68": "3", "57": "3", "23": "1", "77": "3", "82": "4", "64": "2", "61": "2", "72": "3", "62": "2", "63": "3", "91": "1", "70": "3", "65": "3", "86": "2", "90": "2", "67": "2", "78": "7", "59": "1", "71": "2", "95": "2", "73": "3", "88": "4", "76": "2", "92": "1", "79": "2", "81": "3", "84": "1", "69": "1", "87": "2", "11": "1"}}