{"edges": [[1, 2], [2, 3], [3, 4], [4, 68], [5, 71], [5, 91], [7, 80], [10, 69], [12, 85], [12, 29], [14, 43], [15, 21], [16, 5], [18, 87], [19, 27], [20, 26], [21, 32], [23, 24], [24, 89], [25, 57], [27, 50], [28, 51], [29, 36], [31, 13], [32, 82], [34, 35], [35, 16], [36, 62], [38, 39], [39, 60], [40, 41], [41, 77], [42, 55], [43, 73], [46, 34], [47, 38], [48, 64], [51, 56], [52, 53], [53, 95], [54, 72], [55, 81], [56, 84], [56, 25], [57, 29], [59, 96], [60, 61], [61, 20], [61, 52], [62, 14], [63, 7], [64, 65], [65, 10], [67, 45], [68, 93], [69, 78], [69, 33], [70, 44], [71, 76], [72, 79], [72, 15], [73, 67], [73, 6], [74, 92], [76, 19], [77, 18], [78, 23], [79, 59], [80, 31], [80, 8], [81, 98], [82, 11], [84, 94], [85, 46], [86, 54], [87, 70], [89, 90], [90, 74], [91, 40], [92, 63], [93, 12], [93, 47], [94, 48], [95, 86], [96, 97], [97, 42], [98, 28]], "features": {"1": "1", "2": "2", "3": "2", "4": "2", "68": "2", "5": "3", "71": "2", "91": "2", "7": "2", "80": "3", "10": "2", "69": "3", "12": "3", "85": "2", "29": "3", "14": "2", "43": "2", "15": "2", "21": "2", "16": "2", "18": "2", "87": "2", "19": "2", "27": "2", "20": "2", "26": "1", "32": "2", "23": "2", "24": "2", "89": "2", "25": "2", "57": "2", "50": "1", "28": "2", "51": "2", "36": "2", "31": "2", "13": "1", "82": "2", "34": "2", "35": "2", "62": "2", "38": "2", "39": "2", "60": "2", "40": "2", "41": "2", "77": "2", "42": "2", "55": "2", "73": "3", "46": "2", "47": "2", "48": "2", "64": "2", "56": "3", "52": "2", "53": "2", "95": "2", "54": "2", "72": "3", "81": "2", "84": "2", "59": "2", "96": "2", "61": "3", "63": "2", "65": "2", "67": "2", "45": "1", "93": "3", "78": "2", "33": "1", "70": "2", "44": "1", "76": "2", "79": "2", "6": "1", "74": "2", "92": "2", "8": "1", "98": "2", "11": "1", "94": "2", "86": "2", "90": "2", "97": "2"}}