{"edges": [[1, 2], [2, 15], [2, 8], [2, 11], [3, 7], [3, 5], [4, 10], [5, 4], [6, 3], [7, 14], [8, 15], [8, 12], [9, 13], [10, 17], [10, 16], [10, 19], [11, 12], [11, 9], [12, 15], [12, 8], [12, 6], [13, 8], [13, 15], [14, 18], [15, 8], [15, 12], [16, 23], [17, 25], [18, 22], [18, 16], [18, 20], [19, 24], [20, 24], [21, 29], [22, 25], [23, 25], [24, 26], [24, 28], [25, 21], [25, 31], [26, 32], [28, 25], [29, 32], [30, 35], [30, 37], [31, 34], [32, 30], [32, 36], [34, 30], [34, 36], [35, 27], [36, 33], [36, 30]], "features": {"1": "1", "2": "4", "15": "6", "8": "6", "11": "3", "3": "3", "7": "2", "5": "2", "4": "2", "10": "4", "6": "2", "14": "2", "12": "6", "9": "2", "13": "3", "17": "2", "16": "3", "19": "2", "18": "4", "23": "2", "25": "6", "22": "2", "20": "2", "24": "4", "21": "2", "29": "2", "26": "2", "28": "2", "31": "2", "32": "4", "30": "5", "35": "2", "37": "1", "34": "3", "36": "4", "27": "1", "33": "1"}}