{"edges": [[1, 2], [2, 3], [3, 5], [3, 19], [4, 27], [5, 6], [6, 8], [8, 34], [8, 14], [9, 16], [9, 24], [10, 12], [13, 39], [13, 22], [14, 15], [15, 43], [15, 20], [19, 4], [19, 37], [20, 21], [22, 23], [24, 25], [25, 58], [27, 28], [28, 29], [29, 30], [32, 33], [34, 35], [35, 10], [35, 41], [37, 38], [37, 40], [40, 42], [41, 44], [41, 9], [42, 48], [42, 49], [43, 32], [44, 45], [45, 46], [46, 13], [46, 52], [49, 50], [50, 57], [52, 53], [53, 54], [54, 56], [58, 31], [58, 36]], "features": {"1": "1", "2": "2", "3": "3", "5": "2", "19": "3", "4": "2", "27": "2", "6": "2", "8": "3", "34": "2", "14": "2", "9": "3", "16": "1", "24": "2", "10": "2", "12": "1", "13": "3", "39": "1", "22": "2", "15": "3", "43": "2", "20": "2", "37": "3", "21": "1", "23": "1", "25": "2", "58": "3", "28": "2", "29": "2", "30": "1", "32": "2", "33": "1", "35": "3", "41": "3", "38": "1", "40": "2", "42": "3", "44": "2", "48": "1", "49": "2", "45": "2", "46": "3", "52": "2", "50": "2", "57": "1", "53": "2", "54": "2", "56": "1", "31": "1", "36": "1"}}