{"edges": [[1, 2], [2, 3], [3, 34], [4, 52], [6, 33], [7, 40], [8, 74], [10, 11], [11, 44], [11, 77], [13, 36], [14, 99], [14, 46], [14, 104], [16, 51], [18, 25], [19, 31], [21, 108], [23, 69], [24, 72], [25, 43], [26, 109], [26, 37], [28, 38], [29, 94], [31, 79], [32, 90], [33, 41], [34, 64], [37, 10], [40, 4], [41, 86], [43, 78], [44, 71], [45, 16], [46, 47], [47, 23], [50, 83], [51, 8], [52, 53], [53, 14], [55, 82], [56, 45], [57, 95], [61, 87], [61, 55], [64, 7], [65, 106], [65, 66], [66, 60], [67, 88], [68, 93], [69, 26], [72, 97], [73, 84], [74, 61], [75, 48], [77, 66], [78, 50], [78, 56], [79, 29], [81, 91], [82, 105], [83, 75], [84, 22], [86, 67], [87, 68], [88, 15], [90, 73], [91, 32], [91, 100], [93, 24], [94, 28], [94, 6], [95, 81], [98, 13], [98, 21], [99, 19], [102, 57], [103, 98], [104, 18], [105, 62], [106, 103], [108, 59], [108, 102], [109, 65]], "features": {"1": "1", "2": "2", "3": "2", "34": "2", "4": "2", "52": "2", "6": "2", "33": "2", "7": "2", "40": "2", "8": "2", "74": "2", "10": "2", "11": "3", "44": "2", "77": "2", "13": "2", "36": "1", "14": "4", "99": "2", "46": "2", "104": "2", "16": "2", "51": "2", "18": "2", "25": "2", "19": "2", "31": "2", "21": "2", "108": "3", "23": "2", "69": "2", "24": "2", "72": "2", "43": "2", "26": "3", "109": "2", "37": "2", "28": "2", "38": "1", "29": "2", "94": "3", "79": "2", "32": "2", "90": "2", "41": "2", "64": "2", "86": "2", "78": "3", "71": "1", "45": "2", "47": "2", "50": "2", "83": "2", "53": "2", "55": "2", "82": "2", "56": "2", "57": "2", "95": "2", "61": "3", "87": "2", "65": "3", "106": "2", "66": "3", "60": "1", "67": "2", "88": "2", "68": "2", "93": "2", "97": "1", "73": "2", "84": "2", "75": "2", "48": "1", "81": "2", "91": "3", "105": "2", "22": "1", "15": "1", "100": "1", "98": "3", "102": "2", "103": "2", "62": "1", "59": "1"}}