{"edges": [[1, 3], [3, 7], [3, 8], [4, 18], [4, 14], [6, 23], [6, 15], [7, 12], [8, 6], [8, 20], [11, 24], [12, 11], [12, 17], [12, 4], [14, 27], [15, 35], [17, 28], [17, 39], [18, 41], [20, 32], [20, 42], [23, 45], [27, 31], [27, 36], [31, 50], [36, 47], [39, 44], [42, 33], [44, 48], [48, 8]], "features": {"1": "1", "3": "3", "7": "2", "8": "4", "4": "3", "18": "2", "14": "2", "6": "3", "23": "2", "15": "2", "12": "4", "20": "3", "11": "2", "24": "1", "17": "3", "27": "3", "35": "1", "28": "1", "39": "2", "41": "1", "32": "1", "42": "2", "45": "1", "31": "2", "36": "2", "50": "1", "47": "1", "44": "2", "33": "1", "48": "2"}}