{"edges": [[1, 2], [2, 4], [4, 5], [5, 7], [5, 9], [7, 8], [8, 10], [9, 32], [10, 12], [10, 34], [12, 13], [13, 14], [13, 31], [14, 15], [15, 16], [16, 17], [17, 18], [18, 19], [19, 21], [19, 25], [21, 22], [22, 23], [23, 24], [24, 29], [25, 26], [29, 30], [32, 107], [32, 56], [34, 35], [35, 36], [36, 37], [37, 45], [37, 39], [39, 40], [40, 41], [40, 43], [41, 123], [43, 44], [44, 52], [45, 46], [46, 47], [47, 48], [48, 50], [50, 51], [50, 62], [51, 61], [52, 53], [53, 54], [54, 55], [55, 60], [56, 57], [57, 58], [58, 59], [59, 91], [60, 73], [60, 68], [62, 64], [64, 65], [65, 66], [66, 67], [68, 69], [69, 71], [71, 87], [72, 84], [73, 74], [74, 75], [75, 76], [76, 78], [78, 79], [79, 72], [79, 80], [80, 81], [81, 82], [82, 99], [84, 86], [88, 90], [91, 92], [92, 93], [93, 94], [94, 95], [95, 102], [95, 96], [96, 98], [99, 100], [102, 103], [103, 105], [105, 106], [106, 88], [107, 109], [109, 110], [110, 111], [111, 112], [112, 113], [113, 114], [114, 115], [115, 117], [115, 119], [117, 118], [119, 121], [121, 122]], "features": {"1": "1", "2": "2", "4": "2", "5": "3", "7": "2", "9": "2", "8": "2", "10": "3", "32": "3", "12": "2", "34": "2", "13": "3", "14": "2", "31": "1", "15": "2", "16": "2", "17": "2", "18": "2", "19": "3", "21": "2", "25": "2", "22": "2", "23": "2", "24": "2", "29": "2", "26": "1", "30": "1", "107": "2", "56": "2", "35": "2", "36": "2", "37": "3", "45": "2", "39": "2", "40": "3", "41": "2", "43": "2", "123": "1", "44": "2", "52": "2", "46": "2", "47": "2", "48": "2", "50": "3", "51": "2", "62": "2", "61": "1", "53": "2", "54": "2", "55": "2", "60": "3", "57": "2", "58": "2", "59": "2", "91": "2", "73": "2", "68": "2", "64": "2", "65": "2", "66": "2", "67": "1", "69": "2", "71": "2", "87": "1", "72": "2", "84": "2", "74": "2", "75": "2", "76": "2", "78": "2", "79": "3", "80": "2", "81": "2", "82": "2", "99": "2", "86": "1", "88": "2", "90": "1", "92": "2", "93": "2", "94": "2", "95": "3", "102": "2", "96": "2", "98": "1", "100": "1", "103": "2", "105": "2", "106": "2", "109": "2", "110": "2", "111": "2", "112": "2", "113": "2", "114": "2", "115": "3", "117": "2", "119": "2", "118": "1", "121": "2", "122": "1"}}