{"edges": [[1, 16], [1, 68], [2, 3], [4, 5], [6, 7], [7, 8], [8, 9], [10, 11], [12, 13], [13, 15], [15, 60], [15, 65], [16, 17], [17, 18], [18, 45], [18, 32], [19, 20], [20, 21], [21, 22], [22, 23], [23, 50], [23, 41], [21, 25], [25, 26], [26, 28], [29, 30], [30, 31], [32, 33], [33, 34], [34, 35], [35, 39], [35, 24], [36, 37], [37, 38], [39, 40], [40, 72], [40, 32], [41, 42], [42, 43], [43, 6], [43, 58], [45, 46], [46, 47], [47, 12], [47, 16], [48, 49], [49, 2], [49, 36], [50, 51], [51, 53], [53, 54], [54, 44], [54, 29], [55, 56], [56, 57], [57, 4], [57, 48], [58, 59], [60, 62], [62, 63], [63, 64], [64, 10], [64, 12], [65, 66], [66, 67], [68, 69], [69, 70], [70, 71], [71, 19], [71, 55], [72, 73], [73, 74], [74, 75]], "features": {"1": "2", "16": "3", "68": "2", "2": "2", "3": "1", "4": "2", "5": "1", "6": "2", "7": "2", "8": "2", "9": "1", "10": "2", "11": "1", "12": "3", "13": "2", "15": "3", "60": "2", "65": "2", "17": "2", "18": "3", "45": "2", "32": "3", "19": "2", "20": "2", "21": "3", "22": "2", "23": "3", "50": "2", "41": "2", "25": "2", "26": "2", "28": "1", "29": "2", "30": "2", "31": "1", "33": "2", "34": "2", "35": "3", "39": "2", "24": "1", "36": "2", "37": "2", "38": "1", "40": "3", "72": "2", "42": "2", "43": "3", "58": "2", "46": "2", "47": "3", "48": "2", "49": "3", "51": "2", "53": "2", "54": "3", "44": "1", "55": "2", "56": "2", "57": "3", "59": "1", "62": "2", "63": "2", "64": "3", "66": "2", "67": "1", "69": "2", "70": "2", "71": "3", "73": "2", "74": "2", "75": "1"}}