{"edges": [[1, 4], [2, 5], [2, 10], [4, 2], [5, 6], [6, 8], [8, 9], [9, 13], [9, 19], [10, 11], [11, 21], [12, 16], [13, 14], [14, 15], [15, 17], [16, 42], [16, 20], [17, 12], [20, 22], [22, 23], [23, 24], [24, 69], [24, 27], [27, 30], [27, 76], [29, 32], [29, 74], [30, 34], [32, 33], [33, 109], [33, 83], [34, 29], [36, 37], [37, 106], [38, 70], [38, 40], [39, 45], [40, 41], [41, 39], [41, 86], [42, 46], [43, 49], [45, 80], [45, 94], [46, 47], [47, 48], [48, 50], [48, 92], [49, 52], [50, 43], [50, 100], [52, 98], [52, 55], [53, 56], [55, 57], [56, 110], [56, 58], [57, 59], [58, 73], [59, 53], [59, 101], [60, 84], [61, 66], [63, 75], [64, 61], [64, 102], [66, 68], [68, 65], [68, 60], [69, 63], [71, 96], [71, 108], [73, 64], [74, 28], [74, 78], [75, 71], [78, 87], [78, 82], [82, 85], [83, 88], [85, 89], [87, 91], [92, 93], [93, 103], [93, 97], [97, 107], [103, 36], [104, 105], [105, 38], [108, 35], [109, 104]], "features": {"1": "1", "4": "2", "2": "3", "5": "2", "10": "2", "6": "2", "8": "2", "9": "3", "13": "2", "19": "1", "11": "2", "21": "1", "12": "2", "16": "3", "14": "2", "15": "2", "17": "2", "42": "2", "20": "2", "22": "2", "23": "2", "24": "3", "69": "2", "27": "3", "30": "2", "76": "1", "29": "3", "32": "2", "74": "3", "34": "2", "33": "3", "109": "2", "83": "2", "36": "2", "37": "2", "106": "1", "38": "3", "70": "1", "40": "2", "39": "2", "45": "3", "41": "3", "86": "1", "46": "2", "43": "2", "49": "2", "80": "1", "94": "1", "47": "2", "48": "3", "50": "3", "92": "2", "52": "3", "100": "1", "98": "1", "55": "2", "53": "2", "56": "3", "57": "2", "110": "1", "58": "2", "59": "3", "73": "2", "101": "1", "60": "2", "84": "1", "61": "2", "66": "2", "63": "2", "75": "2", "64": "3", "102": "1", "68": "3", "65": "1", "71": "3", "96": "1", "108": "2", "28": "1", "78": "3", "87": "2", "82": "2", "85": "2", "88": "1", "89": "1", "91": "1", "93": "3", "103": "2", "97": "2", "107": "1", "104": "2", "105": "2", "35": "1"}}