{"edges": [[1, 2], [2, 3], [3, 4], [4, 5], [5, 98], [5, 29], [6, 7], [7, 8], [8, 92], [8, 48], [9, 10], [10, 91], [10, 40], [11, 12], [12, 13], [13, 14], [14, 52], [14, 65], [15, 16], [16, 17], [17, 18], [18, 19], [19, 83], [19, 34], [20, 21], [21, 22], [22, 23], [23, 24], [25, 26], [27, 28], [29, 30], [30, 31], [31, 106], [31, 15], [32, 33], [33, 43], [33, 70], [34, 35], [35, 112], [35, 38], [36, 37], [38, 39], [39, 73], [39, 117], [40, 41], [41, 42], [43, 44], [44, 45], [46, 47], [47, 25], [47, 94], [48, 49], [49, 50], [50, 114], [50, 11], [52, 53], [53, 54], [54, 20], [54, 104], [55, 56], [56, 57], [58, 59], [59, 60], [60, 61], [61, 62], [63, 64], [64, 101], [64, 46], [65, 66], [66, 67], [67, 32], [67, 81], [68, 69], [70, 71], [71, 72], [73, 74], [74, 75], [75, 76], [76, 51], [76, 9], [76, 63], [77, 78], [79, 80], [81, 82], [82, 110], [82, 77], [83, 84], [85, 86], [86, 87], [87, 88], [89, 90], [92, 93], [94, 95], [95, 96], [96, 97], [98, 99], [99, 100], [100, 36], [100, 6], [101, 102], [102, 103], [104, 105], [105, 85], [105, 27], [105, 58], [106, 107], [107, 108], [108, 109], [109, 79], [109, 55], [110, 111], [112, 113], [113, 89], [113, 68], [114, 115], [115, 116], [117, 118]], "features": {"1": "1", "2": "2", "3": "2", "4": "2", "5": "3", "98": "2", "29": "2", "6": "2", "7": "2", "8": "3", "92": "2", "48": "2", "9": "2", "10": "3", "91": "1", "40": "2", "11": "2", "12": "2", "13": "2", "14": "3", "52": "2", "65": "2", "15": "2", "16": "2", "17": "2", "18": "2", "19": "3", "83": "2", "34": "2", "20": "2", "21": "2", "22": "2", "23": "2", "24": "1", "25": "2", "26": "1", "27": "2", "28": "1", "30": "2", "31": "3", "106": "2", "32": "2", "33": "3", "43": "2", "70": "2", "35": "3", "112": "2", "38": "2", "36": "2", "37": "1", "39": "3", "73": "2", "117": "2", "41": "2", "42": "1", "44": "2", "45": "1", "46": "2", "47": "3", "94": "2", "49": "2", "50": "3", "114": "2", "53": "2", "54": "3", "104": "2", "55": "2", "56": "2", "57": "1", "58": "2", "59": "2", "60": "2", "61": "2", "62": "1", "63": "2", "64": "3", "101": "2", "66": "2", "67": "3", "81": "2", "68": "2", "69": "1", "71": "2", "72": "1", "74": "2", "75": "2", "76": "4", "51": "1", "77": "2", "78": "1", "79": "2", "80": "1", "82": "3", "110": "2", "84": "1", "85": "2", "86": "2", "87": "2", "88": "1", "89": "2", "90": "1", "93": "1", "95": "2", "96": "2", "97": "1", "99": "2", "100": "3", "102": "2", "103": "1", "105": "4", "107": "2", "108": "2", "109": "3", "111": "1", "113": "3", "115": "2", "116": "1", "118": "1"}}