{"edges": [[1, 2], [2, 3], [3, 30], [3, 4], [4, 5], [5, 6], [6, 7], [7, 8], [8, 19], [10, 11], [11, 1], [12, 21], [13, 14], [14, 15], [15, 10], [15, 39], [16, 17], [17, 18], [18, 54], [18, 74], [19, 13], [19, 21], [20, 36], [21, 22], [22, 23], [23, 24], [24, 1], [26, 27], [27, 28], [28, 20], [28, 33], [29, 46], [30, 31], [31, 32], [32, 12], [33, 34], [34, 59], [35, 33], [36, 37], [37, 38], [38, 19], [39, 40], [40, 41], [41, 42], [42, 26], [43, 44], [44, 16], [44, 74], [45, 46], [46, 47], [47, 33], [48, 82], [50, 70], [50, 104], [51, 52], [52, 60], [54, 55], [55, 56], [56, 39], [57, 58], [58, 82], [58, 51], [59, 35], [59, 43], [60, 61], [61, 62], [62, 63], [63, 79], [63, 68], [64, 65], [65, 66], [66, 57], [68, 69], [69, 71], [69, 48], [70, 87], [71, 64], [72, 64], [74, 75], [75, 76], [76, 77], [77, 78], [78, 72], [78, 29], [79, 80], [80, 50], [82, 83], [83, 51], [84, 85], [85, 86], [86, 96], [87, 88], [88, 51], [90, 91], [91, 92], [92, 93], [93, 94], [94, 95], [95, 99], [96, 97], [97, 98], [98, 117], [99, 100], [100, 101], [101, 118], [101, 112], [102, 87], [104, 105], [105, 106], [106, 107], [107, 110], [108, 109], [109, 90], [110, 111], [111, 84], [111, 96], [112, 113], [113, 114], [114, 115], [115, 116], [116, 122], [117, 108], [117, 102], [118, 119], [119, 120], [120, 121], [121, 117], [122, 123], [123, 124]], "features": {"1": "3", "2": "2", "3": "3", "30": "2", "4": "2", "5": "2", "6": "2", "7": "2", "8": "2", "19": "4", "10": "2", "11": "2", "12": "2", "21": "3", "13": "2", "14": "2", "15": "3", "39": "3", "16": "2", "17": "2", "18": "3", "54": "2", "74": "3", "20": "2", "36": "2", "22": "2", "23": "2", "24": "2", "26": "2", "27": "2", "28": "3", "33": "4", "29": "2", "46": "3", "31": "2", "32": "2", "34": "2", "59": "3", "35": "2", "37": "2", "38": "2", "40": "2", "41": "2", "42": "2", "43": "2", "44": "3", "45": "1", "47": "2", "48": "2", "82": "3", "50": "3", "70": "2", "104": "2", "51": "4", "52": "2", "60": "2", "55": "2", "56": "2", "57": "2", "58": "3", "61": "2", "62": "2", "63": "3", "79": "2", "68": "2", "64": "3", "65": "2", "66": "2", "69": "3", "71": "2", "87": "3", "72": "2", "75": "2", "76": "2", "77": "2", "78": "3", "80": "2", "83": "2", "84": "2", "85": "2", "86": "2", "96": "3", "88": "2", "90": "2", "91": "2", "92": "2", "93": "2", "94": "2", "95": "2", "99": "2", "97": "2", "98": "2", "117": "4", "100": "2", "101": "3", "118": "2", "112": "2", "102": "2", "105": "2", "106": "2", "107": "2", "110": "2", "108": "2", "109": "2", "111": "3", "113": "2", "114": "2", "115": "2", "116": "2", "122": "2", "119": "2", "120": "2", "121": "2", "123": "2", "124": "1"}}