{"edges": [[1, 2], [2, 4], [4, 7], [5, 38], [7, 9], [7, 11], [8, 23], [9, 16], [9, 29], [10, 19], [11, 12], [12, 13], [13, 14], [13, 8], [13, 26], [13, 20], [14, 26], [14, 8], [14, 20], [16, 17], [17, 10], [19, 24], [19, 25], [20, 31], [23, 34], [23, 30], [24, 40], [24, 48], [25, 47], [25, 54], [26, 28], [28, 33], [29, 5], [31, 35], [33, 42], [33, 39], [34, 64], [35, 36], [36, 88], [36, 96], [38, 74], [39, 45], [40, 46], [42, 43], [43, 53], [45, 51], [45, 52], [46, 57], [47, 66], [47, 61], [52, 69], [52, 62], [53, 60], [53, 58], [54, 72], [55, 101], [58, 59], [60, 71], [62, 63], [63, 99], [64, 80], [64, 73], [66, 78], [69, 86], [72, 95], [73, 79], [73, 83], [74, 77], [77, 92], [77, 97], [78, 82], [79, 91], [80, 94], [80, 98], [83, 85], [85, 87], [85, 93], [86, 117], [86, 119], [88, 90], [90, 100], [91, 114], [93, 120], [95, 56], [96, 102], [97, 109], [98, 70], [98, 55], [100, 110], [101, 113], [102, 103], [103, 106], [106, 107], [107, 116], [107, 108], [108, 111], [114, 115], [117, 118], [119, 65]], "features": {"1": "1", "2": "2", "4": "2", "7": "3", "5": "2", "38": "2", "9": "3", "11": "2", "8": "3", "23": "3", "16": "2", "29": "2", "10": "2", "19": "3", "12": "2", "13": "5", "14": "4", "26": "3", "20": "3", "17": "2", "24": "3", "25": "3", "31": "2", "34": "2", "30": "1", "40": "2", "48": "1", "47": "3", "54": "2", "28": "2", "33": "3", "35": "2", "42": "2", "39": "2", "64": "3", "36": "3", "88": "2", "96": "2", "74": "2", "45": "3", "46": "2", "43": "2", "53": "3", "51": "1", "52": "3", "57": "1", "66": "2", "61": "1", "69": "2", "62": "2", "60": "2", "58": "2", "72": "2", "55": "2", "101": "2", "59": "1", "71": "1", "63": "2", "99": "1", "80": "3", "73": "3", "78": "2", "86": "3", "95": "2", "79": "2", "83": "2", "77": "3", "92": "1", "97": "2", "82": "1", "91": "2", "94": "1", "98": "3", "85": "3", "87": "1", "93": "2", "117": "2", "119": "2", "90": "2", "100": "2", "114": "2", "120": "1", "56": "1", "102": "2", "109": "1", "70": "1", "110": "1", "113": "1", "103": "2", "106": "2", "107": "3", "116": "1", "108": "2", "111": "1", "115": "1", "118": "1", "65": "1"}}