{"edges": [[1, 2], [2, 12], [2, 8], [6, 22], [6, 10], [8, 15], [8, 25], [8, 37], [10, 11], [11, 14], [12, 6], [14, 5], [14, 33], [15, 17], [18, 19], [25, 35], [25, 43], [26, 28], [29, 31], [33, 41], [33, 49], [37, 46], [37, 20], [41, 42], [43, 45], [45, 53], [46, 51], [49, 18], [49, 26], [53, 38], [53, 29]], "features": {"1": "1", "2": "3", "12": "2", "8": "4", "6": "3", "22": "1", "10": "2", "15": "2", "25": "3", "37": "3", "11": "2", "14": "3", "5": "1", "33": "3", "17": "1", "18": "2", "19": "1", "35": "1", "43": "2", "26": "2", "28": "1", "29": "2", "31": "1", "41": "2", "49": "3", "46": "2", "20": "1", "42": "1", "45": "2", "53": "3", "51": "1", "38": "1"}}