{"edges": [[1, 2], [2, 3], [3, 4], [4, 7], [4, 24], [4, 12], [7, 8], [8, 16], [9, 10], [10, 11], [11, 49], [12, 13], [13, 22], [14, 15], [15, 29], [16, 20], [16, 27], [17, 18], [18, 29], [19, 53], [20, 21], [21, 9], [21, 51], [22, 17], [22, 34], [24, 25], [25, 35], [26, 42], [27, 58], [29, 14], [29, 60], [30, 36], [31, 32], [32, 30], [32, 40], [34, 19], [35, 26], [35, 31], [36, 6], [40, 41], [41, 55], [44, 45], [47, 48], [49, 50], [51, 52], [53, 44], [53, 47], [56, 46], [58, 39], [60, 56]], "features": {"1": "1", "2": "2", "3": "2", "4": "4", "7": "2", "24": "2", "12": "2", "8": "2", "16": "3", "9": "2", "10": "2", "11": "2", "49": "2", "13": "2", "22": "3", "14": "2", "15": "2", "29": "4", "20": "2", "27": "2", "17": "2", "18": "2", "19": "2", "53": "3", "21": "3", "51": "2", "34": "2", "25": "2", "35": "3", "26": "2", "42": "1", "58": "2", "60": "2", "30": "2", "36": "2", "31": "2", "32": "3", "40": "2", "6": "1", "41": "2", "55": "1", "44": "2", "45": "1", "47": "2", "48": "1", "50": "1", "52": "1", "56": "2", "46": "1", "39": "1"}}