{"edges": [[1, 2], [2, 3], [3, 4], [4, 6], [6, 7], [7, 9], [9, 10], [10, 11], [11, 12], [12, 13], [13, 39], [13, 98], [15, 16], [16, 42], [17, 19], [19, 20], [20, 21], [21, 23], [23, 24], [24, 25], [25, 26], [26, 90], [26, 55], [27, 57], [28, 31], [31, 33], [33, 34], [34, 35], [35, 36], [36, 38], [38, 15], [38, 95], [39, 40], [40, 17], [42, 43], [43, 45], [45, 46], [46, 47], [47, 49], [49, 50], [50, 51], [51, 53], [53, 54], [54, 27], [27, 86], [55, 28], [57, 58], [58, 59], [59, 61], [61, 62], [62, 63], [63, 64], [64, 65], [65, 67], [67, 68], [68, 99], [68, 75], [69, 77], [70, 71], [71, 72], [72, 73], [73, 69], [73, 104], [75, 70], [77, 78], [78, 79], [79, 80], [80, 81], [81, 83], [83, 84], [84, 85], [86, 87], [87, 88], [90, 91], [91, 93], [93, 94], [95, 97], [99, 100], [100, 101], [101, 103], [103, 104], [104, 105], [105, 106], [106, 107], [107, 109], [109, 110]], "features": {"1": "1", "2": "2", "3": "2", "4": "2", "6": "2", "7": "2", "9": "2", "10": "2", "11": "2", "12": "2", "13": "3", "39": "2", "98": "1", "15": "2", "16": "2", "42": "2", "17": "2", "19": "2", "20": "2", "21": "2", "23": "2", "24": "2", "25": "2", "26": "3", "90": "2", "55": "2", "27": "3", "57": "2", "28": "2", "31": "2", "33": "2", "34": "2", "35": "2", "36": "2", "38": "3", "95": "2", "40": "2", "43": "2", "45": "2", "46": "2", "47": "2", "49": "2", "50": "2", "51": "2", "53": "2", "54": "2", "86": "2", "58": "2", "59": "2", "61": "2", "62": "2", "63": "2", "64": "2", "65": "2", "67": "2", "68": "3", "99": "2", "75": "2", "69": "2", "77": "2", "70": "2", "71": "2", "72": "2", "73": "3", "104": "3", "78": "2", "79": "2", "80": "2", "81": "2", "83": "2", "84": "2", "85": "1", "87": "2", "88": "1", "91": "2", "93": "2", "94": "1", "97": "1", "100": "2", "101": "2", "103": "2", "105": "2", "106": "2", "107": "2", "109": "2", "110": "1"}}