{"edges": [[6, 31], [6, 37], [7, 8], [8, 72], [8, 35], [9, 43], [9, 92], [10, 11], [11, 12], [12, 26], [13, 82], [14, 56], [14, 50], [15, 16], [16, 18], [18, 19], [19, 68], [19, 49], [20, 72], [21, 22], [22, 7], [22, 35], [23, 24], [24, 15], [24, 13], [26, 27], [27, 28], [28, 30], [30, 91], [30, 67], [31, 40], [31, 64], [31, 78], [32, 33], [33, 34], [35, 15], [36, 88], [36, 97], [37, 31], [38, 39], [39, 20], [39, 15], [40, 41], [41, 42], [41, 42], [42, 31], [43, 45], [45, 63], [45, 73], [46, 47], [47, 48], [48, 36], [48, 101], [49, 81], [49, 32], [50, 51], [51, 52], [52, 53], [53, 55], [55, 85], [56, 50], [58, 60], [60, 121], [60, 9], [61, 62], [62, 57], [62, 38], [64, 65], [65, 66], [66, 31], [67, 21], [67, 84], [68, 69], [69, 70], [70, 71], [71, 58], [71, 113], [73, 74], [74, 75], [75, 98], [76, 77], [77, 23], [78, 79], [79, 80], [80, 14], [80, 50], [80, 56], [82, 83], [83, 120], [83, 46], [84, 110], [84, 25], [85, 86], [86, 61], [86, 10], [88, 89], [89, 90], [90, 97], [90, 109], [92, 93], [93, 94], [94, 96], [96, 43], [96, 106], [98, 99], [99, 100], [100, 87], [100, 115], [101, 102], [102, 104], [104, 105], [105, 123], [106, 107], [107, 108], [110, 111], [112, 20], [112, 76], [113, 114], [115, 116], [116, 117], [117, 118], [118, 119], [119, 123]], "features": {"6": "2", "31": "7", "37": "2", "7": "2", "8": "3", "72": "2", "35": "3", "9": "3", "43": "3", "92": "2", "10": "2", "11": "2", "12": "2", "26": "2", "13": "2", "82": "2", "14": "3", "56": "3", "50": "4", "15": "4", "16": "2", "18": "2", "19": "3", "68": "2", "49": "3", "20": "3", "21": "2", "22": "3", "23": "2", "24": "3", "27": "2", "28": "2", "30": "3", "91": "1", "67": "3", "40": "2", "64": "2", "78": "2", "32": "2", "33": "2", "34": "1", "36": "3", "88": "2", "97": "2", "38": "2", "39": "3", "41": "3", "42": "3", "45": "3", "63": "1", "73": "2", "46": "2", "47": "2", "48": "3", "101": "2", "81": "1", "51": "2", "52": "2", "53": "2", "55": "2", "85": "2", "58": "2", "60": "3", "121": "1", "61": "2", "62": "3", "57": "1", "65": "2", "66": "2", "84": "3", "69": "2", "70": "2", "71": "3", "113": "2", "74": "2", "75": "2", "98": "2", "76": "2", "77": "2", "79": "2", "80": "4", "83": "3", "120": "1", "110": "2", "25": "1", "86": "3", "89": "2", "90": "3", "109": "1", "93": "2", "94": "2", "96": "3", "106": "2", "99": "2", "100": "3", "87": "1", "115": "2", "102": "2", "104": "2", "105": "2", "123": "2", "107": "2", "108": "1", "111": "1", "112": "2", "114": "1", "116": "2", "117": "2", "118": "2", "119": "2"}}