{"edges": [[7, 8], [8, 32], [8, 30], [8, 44], [9, 49], [9, 70], [10, 54], [11, 28], [12, 34], [13, 50], [14, 71], [14, 22], [17, 18], [18, 19], [19, 20], [19, 26], [20, 24], [21, 65], [21, 59], [22, 46], [23, 68], [24, 25], [25, 45], [26, 42], [27, 66], [28, 11], [28, 17], [30, 31], [31, 48], [31, 72], [32, 50], [33, 51], [34, 35], [37, 16], [38, 80], [40, 56], [41, 13], [42, 33], [42, 78], [43, 9], [44, 37], [44, 21], [46, 47], [47, 76], [48, 52], [48, 41], [49, 58], [50, 73], [50, 12], [51, 67], [52, 14], [54, 77], [56, 57], [57, 28], [59, 36], [60, 62], [62, 79], [63, 27], [65, 38], [66, 10], [66, 23], [68, 69], [71, 74], [72, 53], [72, 60], [73, 43], [74, 63], [74, 40], [78, 33], [80, 64]], "features": {"7": "1", "8": "4", "32": "2", "30": "2", "44": "3", "9": "3", "49": "2", "70": "1", "10": "2", "54": "2", "11": "2", "28": "4", "12": "2", "34": "2", "13": "2", "50": "4", "14": "3", "71": "2", "22": "2", "17": "2", "18": "2", "19": "3", "20": "2", "26": "2", "24": "2", "21": "3", "65": "2", "59": "2", "46": "2", "23": "2", "68": "2", "25": "2", "45": "1", "42": "3", "27": "2", "66": "3", "31": "3", "48": "3", "72": "3", "33": "3", "51": "2", "35": "1", "37": "2", "16": "1", "38": "2", "80": "2", "40": "2", "56": "2", "41": "2", "78": "2", "43": "2", "47": "2", "76": "1", "52": "2", "58": "1", "73": "2", "67": "1", "77": "1", "57": "2", "36": "1", "60": "2", "62": "2", "79": "1", "63": "2", "69": "1", "74": "3", "53": "1", "64": "1"}}