{"edges": [[0, 71], [0, 18], [1, 20], [2, 6], [2, 3], [3, 66], [4, 8], [4, 59], [5, 18], [5, 21], [6, 4], [7, 38], [8, 59], [8, 14], [9, 45], [9, 38], [10, 16], [12, 9], [12, 23], [13, 9], [13, 12], [14, 50], [14, 11], [16, 17], [17, 13], [17, 27], [18, 21], [19, 30], [19, 70], [20, 10], [20, 16], [21, 24], [21, 28], [22, 30], [23, 9], [24, 32], [24, 28], [26, 22], [26, 25], [27, 9], [27, 12], [28, 55], [28, 31], [30, 63], [30, 67], [31, 34], [33, 35], [34, 41], [34, 29], [35, 39], [35, 42], [37, 84], [38, 15], [38, 5], [39, 2], [40, 37], [41, 36], [41, 33], [42, 2], [43, 37], [44, 40], [44, 43], [45, 7], [45, 38], [46, 62], [47, 51], [47, 54], [48, 44], [49, 47], [49, 46], [50, 59], [51, 58], [52, 61], [53, 57], [53, 52], [54, 58], [55, 31], [56, 53], [57, 61], [59, 30], [60, 53], [61, 76], [62, 48], [63, 67], [64, 71], [64, 73], [65, 68], [65, 72], [66, 19], [66, 30], [67, 69], [68, 75], [69, 64], [69, 73], [70, 26], [70, 30], [71, 73], [72, 75], [73, 74], [74, 78], [74, 65], [75, 79], [75, 77], [76, 82], [76, 86], [79, 81], [79, 83], [79, 80], [79, 49], [80, 49], [80, 85], [84, 56], [84, 60]], "features": {"0": "2", "71": "3", "18": "3", "1": "1", "20": "3", "2": "4", "6": "2", "3": "2", "66": "3", "4": "3", "8": "3", "59": "4", "5": "3", "21": "4", "7": "2", "38": "5", "14": "3", "9": "6", "45": "3", "10": "2", "16": "3", "12": "4", "23": "2", "13": "3", "50": "2", "11": "1", "17": "3", "27": "3", "19": "3", "30": "7", "70": "3", "24": "3", "28": "4", "22": "2", "32": "1", "26": "3", "25": "1", "55": "2", "31": "3", "63": "2", "67": "3", "34": "3", "33": "2", "35": "3", "41": "3", "29": "1", "39": "2", "42": "2", "37": "3", "84": "3", "15": "1", "40": "2", "36": "1", "43": "2", "44": "3", "46": "2", "62": "2", "47": "3", "51": "2", "54": "2", "48": "2", "49": "4", "58": "2", "52": "2", "61": "3", "53": "4", "57": "2", "56": "2", "60": "2", "76": "3", "64": "3", "73": "4", "65": "3", "68": "2", "72": "2", "69": "3", "75": "4", "74": "3", "78": "1", "79": "5", "77": "1", "82": "1", "86": "1", "81": "1", "83": "1", "80": "3", "85": "1"}}