{"edges": [[5, 7], [7, 8], [8, 9], [9, 10], [10, 11], [11, 32], [11, 99], [12, 13], [13, 14], [14, 15], [15, 16], [16, 18], [18, 19], [19, 41], [19, 101], [20, 21], [21, 22], [22, 23], [23, 24], [24, 70], [24, 123], [25, 26], [27, 28], [28, 29], [29, 30], [30, 31], [31, 87], [31, 76], [32, 34], [34, 35], [35, 36], [36, 37], [37, 91], [37, 66], [38, 39], [39, 40], [40, 106], [41, 42], [42, 43], [43, 116], [43, 121], [44, 66], [45, 46], [46, 47], [47, 49], [49, 63], [49, 120], [50, 51], [51, 52], [52, 53], [53, 91], [53, 44], [54, 55], [55, 56], [57, 58], [59, 12], [60, 61], [61, 62], [62, 66], [63, 65], [65, 95], [66, 67], [67, 68], [68, 69], [70, 71], [71, 72], [73, 74], [74, 75], [75, 12], [76, 77], [77, 78], [78, 79], [79, 80], [80, 106], [81, 82], [82, 83], [83, 85], [85, 86], [86, 59], [86, 73], [87, 88], [88, 89], [89, 90], [90, 57], [90, 112], [91, 92], [92, 93], [93, 94], [94, 60], [94, 81], [95, 96], [96, 97], [97, 98], [99, 100], [101, 102], [102, 103], [103, 105], [106, 107], [107, 108], [108, 109], [109, 110], [109, 54], [110, 111], [111, 20], [112, 113], [113, 114], [114, 115], [115, 38], [115, 25], [116, 117], [117, 118], [118, 119], [120, 95], [121, 122], [122, 45], [122, 27], [123, 124], [124, 125], [125, 127], [127, 128]], "features": {"5": "1", "7": "2", "8": "2", "9": "2", "10": "2", "11": "3", "32": "2", "99": "2", "12": "3", "13": "2", "14": "2", "15": "2", "16": "2", "18": "2", "19": "3", "41": "2", "101": "2", "20": "2", "21": "2", "22": "2", "23": "2", "24": "3", "70": "2", "123": "2", "25": "2", "26": "1", "27": "2", "28": "2", "29": "2", "30": "2", "31": "3", "87": "2", "76": "2", "34": "2", "35": "2", "36": "2", "37": "3", "91": "3", "66": "4", "38": "2", "39": "2", "40": "2", "106": "3", "42": "2", "43": "3", "116": "2", "121": "2", "44": "2", "45": "2", "46": "2", "47": "2", "49": "3", "63": "2", "120": "2", "50": "1", "51": "2", "52": "2", "53": "3", "54": "2", "55": "2", "56": "1", "57": "2", "58": "1", "59": "2", "60": "2", "61": "2", "62": "2", "65": "2", "95": "3", "67": "2", "68": "2", "69": "1", "71": "2", "72": "1", "73": "2", "74": "2", "75": "2", "77": "2", "78": "2", "79": "2", "80": "2", "81": "2", "82": "2", "83": "2", "85": "2", "86": "3", "88": "2", "89": "2", "90": "3", "112": "2", "92": "2", "93": "2", "94": "3", "96": "2", "97": "2", "98": "1", "100": "1", "102": "2", "103": "2", "105": "1", "107": "2", "108": "2", "109": "3", "110": "2", "111": "2", "113": "2", "114": "2", "115": "3", "117": "2", "118": "2", "119": "1", "122": "3", "124": "2", "125": "2", "127": "2", "128": "1"}}