{"edges": [[1, 2], [2, 4], [4, 7], [7, 9], [7, 11], [9, 26], [9, 12], [11, 25], [12, 58], [12, 57], [13, 15], [14, 70], [19, 67], [20, 13], [21, 48], [21, 81], [23, 72], [24, 98], [25, 42], [25, 64], [26, 28], [26, 5], [27, 73], [27, 96], [28, 74], [28, 37], [30, 115], [30, 53], [32, 51], [32, 75], [34, 85], [35, 107], [35, 110], [37, 44], [37, 105], [38, 99], [39, 40], [40, 41], [41, 43], [42, 16], [43, 71], [43, 78], [48, 116], [50, 106], [51, 95], [51, 92], [53, 97], [56, 54], [57, 59], [59, 61], [61, 63], [62, 20], [62, 32], [63, 82], [63, 91], [64, 14], [64, 50], [66, 102], [66, 114], [71, 86], [71, 89], [72, 76], [73, 88], [74, 45], [74, 56], [76, 55], [76, 108], [78, 30], [78, 80], [80, 21], [80, 62], [81, 101], [82, 33], [89, 34], [89, 38], [91, 39], [92, 10], [95, 27], [97, 79], [97, 23], [99, 103], [99, 66], [101, 17], [101, 68], [102, 19], [102, 24], [103, 112], [110, 93], [112, 31], [112, 46], [114, 35], [115, 84]], "features": {"1": "1", "2": "2", "4": "2", "7": "3", "9": "3", "11": "2", "26": "3", "12": "3", "25": "3", "58": "1", "57": "2", "13": "2", "15": "1", "14": "2", "70": "1", "19": "2", "67": "1", "20": "2", "21": "3", "48": "2", "81": "2", "23": "2", "72": "2", "24": "2", "98": "1", "42": "2", "64": "3", "28": "3", "5": "1", "27": "3", "73": "2", "96": "1", "74": "3", "37": "3", "30": "3", "115": "2", "53": "2", "32": "3", "51": "3", "75": "1", "34": "2", "85": "1", "35": "3", "107": "1", "110": "2", "44": "1", "105": "1", "38": "2", "99": "3", "39": "2", "40": "2", "41": "2", "43": "3", "16": "1", "71": "3", "78": "3", "116": "1", "50": "2", "106": "1", "95": "2", "92": "2", "97": "3", "56": "2", "54": "1", "59": "2", "61": "2", "63": "3", "62": "3", "82": "2", "91": "2", "66": "3", "102": "3", "114": "2", "86": "1", "89": "3", "76": "3", "88": "1", "45": "1", "55": "1", "108": "1", "80": "3", "101": "3", "33": "1", "10": "1", "79": "1", "103": "2", "17": "1", "68": "1", "112": "3", "93": "1", "31": "1", "46": "1", "84": "1"}}