{"edges": [[1, 2], [2, 3], [3, 10], [4, 33], [5, 67], [7, 89], [7, 24], [9, 35], [10, 19], [12, 13], [13, 96], [13, 38], [15, 30], [16, 34], [17, 52], [18, 31], [19, 7], [21, 5], [22, 9], [24, 25], [25, 15], [26, 85], [28, 42], [29, 51], [29, 45], [30, 18], [31, 22], [31, 21], [33, 84], [34, 26], [34, 44], [35, 4], [36, 8], [37, 28], [37, 41], [37, 62], [38, 16], [40, 63], [40, 76], [41, 53], [42, 12], [45, 73], [47, 71], [50, 87], [51, 65], [53, 61], [54, 55], [55, 106], [56, 49], [56, 47], [58, 77], [59, 40], [61, 29], [62, 97], [63, 102], [65, 113], [66, 74], [68, 100], [70, 111], [70, 101], [72, 104], [73, 56], [74, 116], [74, 92], [76, 68], [79, 80], [80, 112], [80, 105], [84, 37], [85, 17], [87, 117], [87, 108], [89, 66], [92, 93], [93, 70], [94, 20], [96, 82], [97, 115], [99, 36], [100, 50], [100, 72], [101, 79], [102, 46], [105, 91], [106, 58], [108, 109], [109, 94], [111, 54], [112, 81], [113, 99], [113, 88], [115, 59]], "features": {"1": "1", "2": "2", "3": "2", "10": "2", "4": "2", "33": "2", "5": "2", "67": "1", "7": "3", "89": "2", "24": "2", "9": "2", "35": "2", "19": "2", "12": "2", "13": "3", "96": "2", "38": "2", "15": "2", "30": "2", "16": "2", "34": "3", "17": "2", "52": "1", "18": "2", "31": "3", "21": "2", "22": "2", "25": "2", "26": "2", "85": "2", "28": "2", "42": "2", "29": "3", "51": "2", "45": "2", "84": "2", "44": "1", "36": "2", "8": "1", "37": "4", "41": "2", "62": "2", "40": "3", "63": "2", "76": "2", "53": "2", "73": "2", "47": "2", "71": "1", "50": "2", "87": "3", "65": "2", "61": "2", "54": "2", "55": "2", "106": "2", "56": "3", "49": "1", "58": "2", "77": "1", "59": "2", "97": "2", "102": "2", "113": "3", "66": "2", "74": "3", "68": "2", "100": "3", "70": "3", "111": "2", "101": "2", "72": "2", "104": "1", "116": "1", "92": "2", "79": "2", "80": "3", "112": "2", "105": "2", "117": "1", "108": "2", "93": "2", "94": "2", "20": "1", "82": "1", "115": "2", "99": "2", "46": "1", "91": "1", "109": "2", "81": "1", "88": "1"}}