{"edges": [[1, 2], [1, 4], [2, 6], [2, 9], [4, 11], [4, 13], [6, 15], [6, 18], [9, 40], [13, 2], [13, 21], [15, 17], [21, 22], [22, 25], [22, 26], [25, 29], [25, 31], [26, 32], [26, 37], [31, 40], [31, 34], [32, 33], [34, 35], [35, 42], [35, 46], [37, 39], [40, 45], [40, 52], [45, 48], [46, 47], [48, 51]], "features": {"1": "2", "2": "4", "4": "3", "6": "3", "9": "2", "11": "1", "13": "3", "15": "2", "18": "1", "40": "4", "21": "2", "17": "1", "22": "3", "25": "3", "26": "3", "29": "1", "31": "3", "32": "2", "37": "2", "34": "2", "33": "1", "35": "3", "42": "1", "46": "2", "39": "1", "45": "2", "52": "1", "48": "2", "47": "1", "51": "1"}}