{"edges": [[1, 2], [2, 18], [2, 12], [2, 26], [4, 5], [5, 33], [5, 42], [6, 25], [6, 29], [7, 8], [8, 15], [11, 30], [11, 20], [12, 13], [13, 22], [14, 41], [15, 16], [16, 47], [16, 50], [18, 6], [20, 21], [21, 48], [22, 23], [23, 34], [23, 7], [25, 14], [26, 11], [29, 4], [30, 39], [33, 36], [33, 44], [34, 35], [44, 52], [48, 49], [49, 54], [50, 51]], "features": {"1": "1", "2": "4", "18": "2", "12": "2", "26": "2", "4": "2", "5": "3", "33": "3", "42": "1", "6": "3", "25": "2", "29": "2", "7": "2", "8": "2", "15": "2", "11": "3", "30": "2", "20": "2", "13": "2", "22": "2", "14": "2", "41": "1", "16": "3", "47": "1", "50": "2", "21": "2", "48": "2", "23": "3", "34": "2", "39": "1", "36": "1", "44": "2", "35": "1", "52": "1", "49": "2", "54": "1", "51": "1"}}