{"edges": [[1, 6], [1, 37], [2, 3], [2, 54], [3, 54], [4, 42], [5, 79], [6, 49], [7, 62], [7, 50], [8, 61], [9, 63], [9, 25], [10, 49], [11, 26], [12, 7], [14, 23], [14, 5], [15, 21], [16, 20], [17, 45], [20, 58], [21, 10], [21, 2], [22, 68], [24, 8], [24, 61], [25, 56], [26, 22], [27, 76], [28, 55], [29, 14], [29, 23], [29, 5], [30, 33], [31, 65], [32, 29], [33, 26], [33, 11], [34, 51], [34, 16], [35, 66], [36, 44], [37, 44], [37, 36], [38, 42], [39, 43], [41, 17], [42, 9], [43, 65], [43, 60], [44, 15], [44, 49], [45, 12], [46, 64], [47, 17], [47, 41], [48, 18], [48, 31], [50, 62], [52, 28], [52, 55], [53, 19], [53, 27], [54, 57], [54, 39], [55, 47], [55, 17], [56, 46], [57, 39], [58, 9], [59, 74], [60, 48], [60, 40], [61, 30], [62, 72], [62, 59], [63, 25], [64, 69], [64, 35], [65, 71], [66, 53], [67, 52], [68, 70], [68, 13], [70, 4], [70, 38], [71, 24], [71, 67], [73, 78], [74, 77], [74, 73], [76, 32], [76, 75], [77, 78], [78, 34]], "features": {"1": "2", "6": "2", "37": "3", "2": "3", "3": "2", "54": "4", "4": "2", "42": "3", "5": "3", "79": "1", "49": "3", "7": "3", "62": "4", "50": "2", "8": "2", "61": "3", "9": "4", "63": "2", "25": "3", "10": "2", "11": "2", "26": "3", "12": "2", "14": "3", "23": "2", "15": "2", "21": "3", "16": "2", "20": "2", "17": "4", "45": "2", "58": "2", "22": "2", "68": "3", "24": "3", "56": "2", "27": "2", "76": "3", "28": "2", "55": "4", "29": "4", "30": "2", "33": "3", "31": "2", "65": "3", "32": "2", "34": "3", "51": "1", "35": "2", "66": "2", "36": "2", "44": "4", "38": "2", "39": "3", "43": "3", "41": "2", "60": "3", "46": "2", "64": "3", "47": "3", "48": "3", "18": "1", "52": "3", "53": "3", "19": "1", "57": "2", "59": "2", "74": "3", "40": "1", "72": "1", "69": "1", "71": "3", "67": "2", "70": "3", "13": "1", "73": "2", "78": "3", "77": "2", "75": "1"}}