{"edges": [[5, 6], [6, 31], [6, 59], [7, 74], [8, 47], [10, 24], [11, 72], [11, 78], [12, 23], [12, 65], [13, 18], [14, 81], [16, 20], [18, 88], [21, 43], [22, 8], [22, 58], [23, 51], [24, 61], [25, 37], [26, 16], [26, 66], [28, 21], [28, 62], [31, 40], [32, 29], [34, 50], [35, 83], [36, 69], [36, 75], [38, 42], [39, 49], [39, 56], [40, 52], [40, 55], [42, 34], [42, 82], [44, 70], [46, 25], [46, 76], [47, 10], [47, 30], [48, 86], [50, 17], [52, 11], [54, 35], [56, 77], [58, 38], [58, 68], [59, 22], [60, 26], [62, 44], [64, 13], [65, 87], [66, 28], [68, 32], [69, 48], [70, 12], [72, 84], [74, 36], [75, 80], [76, 39], [76, 54], [76, 64], [78, 46], [84, 7], [84, 60], [87, 14]], "features": {"5": "1", "6": "3", "31": "2", "59": "2", "7": "2", "74": "2", "8": "2", "47": "3", "10": "2", "24": "2", "11": "3", "72": "2", "78": "2", "12": "3", "23": "2", "65": "2", "13": "2", "18": "2", "14": "2", "81": "1", "16": "2", "20": "1", "88": "1", "21": "2", "43": "1", "22": "3", "58": "3", "51": "1", "61": "1", "25": "2", "37": "1", "26": "3", "66": "2", "28": "3", "62": "2", "40": "3", "32": "2", "29": "1", "34": "2", "50": "2", "35": "2", "83": "1", "36": "3", "69": "2", "75": "2", "38": "2", "42": "3", "39": "3", "49": "1", "56": "2", "52": "2", "55": "1", "82": "1", "44": "2", "70": "2", "46": "3", "76": "4", "30": "1", "48": "2", "86": "1", "17": "1", "54": "2", "77": "1", "68": "2", "60": "2", "64": "2", "87": "2", "84": "3", "80": "1"}}