{"edges": [[1, 7], [1, 9], [1, 77], [7, 12], [7, 20], [9, 15], [9, 21], [12, 22], [12, 25], [15, 26], [20, 24], [21, 27], [22, 23], [23, 77], [24, 38], [24, 41], [26, 28], [26, 31], [27, 29], [27, 35], [29, 32], [29, 42], [32, 57], [32, 6], [35, 37], [38, 47], [38, 53], [42, 44], [45, 56], [46, 62], [46, 72], [47, 58], [47, 61], [51, 63], [51, 100], [54, 64], [54, 108], [57, 74], [57, 109], [58, 65], [58, 68], [61, 70], [65, 69], [65, 75], [69, 101], [69, 114], [72, 73], [74, 106], [75, 76], [77, 6], [77, 83], [83, 45], [83, 46], [83, 51], [83, 54], [101, 104], [102, 103], [104, 117], [104, 118], [106, 107], [109, 112], [115, 102], [115, 113], [118, 115]], "features": {"1": "3", "7": "3", "9": "3", "77": "4", "12": "3", "20": "2", "15": "2", "21": "2", "22": "2", "25": "1", "26": "3", "24": "3", "27": "3", "23": "2", "38": "3", "41": "1", "28": "1", "31": "1", "29": "3", "35": "2", "32": "3", "42": "2", "57": "3", "6": "2", "37": "1", "47": "3", "53": "1", "44": "1", "45": "2", "56": "1", "46": "3", "62": "1", "72": "2", "58": "3", "61": "2", "51": "3", "63": "1", "100": "1", "54": "3", "64": "1", "108": "1", "74": "2", "109": "2", "65": "3", "68": "1", "70": "1", "69": "3", "75": "2", "101": "2", "114": "1", "73": "1", "106": "2", "76": "1", "83": "5", "104": "3", "102": "2", "103": "1", "117": "1", "118": "2", "107": "1", "112": "1", "115": "3", "113": "1"}}