{"edges": [[1, 2], [2, 3], [3, 5], [5, 7], [7, 8], [8, 57], [8, 22], [9, 24], [10, 11], [11, 13], [13, 14], [14, 15], [15, 17], [17, 18], [18, 19], [19, 21], [21, 79], [21, 9], [22, 10], [24, 25], [25, 27], [27, 28], [28, 101], [28, 45], [29, 30], [30, 46], [33, 34], [34, 35], [35, 37], [37, 38], [38, 39], [39, 41], [41, 43], [43, 44], [44, 103], [44, 29], [45, 33], [46, 47], [47, 49], [49, 50], [50, 51], [51, 52], [52, 53], [53, 55], [57, 58], [58, 59], [59, 60], [60, 61], [61, 63], [63, 64], [64, 65], [65, 88], [65, 102], [66, 89], [68, 69], [69, 71], [71, 73], [73, 74], [74, 75], [75, 77], [77, 78], [79, 81], [81, 83], [83, 84], [84, 85], [85, 86], [86, 87], [87, 66], [87, 97], [88, 68], [89, 90], [90, 91], [91, 93], [93, 94], [94, 95], [97, 98], [98, 99], [99, 100]], "features": {"1": "1", "2": "2", "3": "2", "5": "2", "7": "2", "8": "3", "57": "2", "22": "2", "9": "2", "24": "2", "10": "2", "11": "2", "13": "2", "14": "2", "15": "2", "17": "2", "18": "2", "19": "2", "21": "3", "79": "2", "25": "2", "27": "2", "28": "3", "101": "1", "45": "2", "29": "2", "30": "2", "46": "2", "33": "2", "34": "2", "35": "2", "37": "2", "38": "2", "39": "2", "41": "2", "43": "2", "44": "3", "103": "1", "47": "2", "49": "2", "50": "2", "51": "2", "52": "2", "53": "2", "55": "1", "58": "2", "59": "2", "60": "2", "61": "2", "63": "2", "64": "2", "65": "3", "88": "2", "102": "1", "66": "2", "89": "2", "68": "2", "69": "2", "71": "2", "73": "2", "74": "2", "75": "2", "77": "2", "78": "1", "81": "2", "83": "2", "84": "2", "85": "2", "86": "2", "87": "3", "97": "2", "90": "2", "91": "2", "93": "2", "94": "2", "95": "1", "98": "2", "99": "2", "100": "1"}}