{"edges": [[4, 5], [5, 6], [6, 7], [7, 29], [8, 9], [9, 10], [9, 91], [10, 72], [10, 81], [11, 12], [12, 43], [12, 94], [13, 14], [14, 85], [15, 16], [16, 17], [17, 104], [18, 19], [19, 20], [21, 22], [22, 23], [23, 24], [24, 32], [24, 53], [25, 26], [26, 27], [27, 114], [27, 28], [28, 76], [29, 39], [29, 30], [30, 31], [31, 101], [32, 33], [33, 34], [34, 35], [36, 37], [37, 38], [39, 40], [40, 41], [41, 42], [42, 95], [43, 44], [43, 123], [44, 45], [45, 46], [46, 47], [47, 48], [47, 108], [49, 50], [50, 51], [51, 52], [51, 111], [52, 8], [53, 54], [54, 55], [56, 57], [57, 58], [58, 89], [60, 66], [63, 64], [64, 65], [65, 49], [66, 67], [68, 69], [69, 70], [70, 71], [71, 92], [72, 73], [73, 74], [74, 60], [74, 75], [75, 59], [76, 77], [77, 78], [78, 18], [79, 80], [81, 82], [83, 122], [85, 86], [86, 87], [86, 99], [87, 88], [89, 90], [90, 125], [91, 113], [92, 93], [92, 56], [94, 16], [95, 96], [96, 97], [97, 15], [97, 98], [98, 11], [99, 100], [100, 117], [101, 102], [101, 13], [102, 103], [103, 63], [103, 110], [104, 105], [105, 25], [105, 106], [106, 107], [107, 68], [108, 112], [109, 83], [110, 14], [111, 113], [113, 109], [114, 115], [115, 84], [117, 118], [118, 119], [119, 120], [120, 121], [121, 21], [121, 116], [122, 61], [122, 62], [123, 79], [123, 124], [124, 36], [125, 126]], "features": {"4": "1", "5": "2", "6": "2", "7": "2", "29": "3", "8": "2", "9": "3", "10": "3", "91": "2", "72": "2", "81": "2", "11": "2", "12": "3", "43": "3", "94": "2", "13": "2", "14": "3", "85": "2", "15": "2", "16": "3", "17": "2", "104": "2", "18": "2", "19": "2", "20": "1", "21": "2", "22": "2", "23": "2", "24": "3", "32": "2", "53": "2", "25": "2", "26": "2", "27": "3", "114": "2", "28": "2", "76": "2", "39": "2", "30": "2", "31": "2", "101": "3", "33": "2", "34": "2", "35": "1", "36": "2", "37": "2", "38": "1", "40": "2", "41": "2", "42": "2", "95": "2", "44": "2", "123": "3", "45": "2", "46": "2", "47": "3", "48": "1", "108": "2", "49": "2", "50": "2", "51": "3", "52": "2", "111": "2", "54": "2", "55": "1", "56": "2", "57": "2", "58": "2", "89": "2", "60": "2", "66": "2", "63": "2", "64": "2", "65": "2", "67": "1", "68": "2", "69": "2", "70": "2", "71": "2", "92": "3", "73": "2", "74": "3", "75": "2", "59": "1", "77": "2", "78": "2", "79": "2", "80": "1", "82": "1", "83": "2", "122": "3", "86": "3", "87": "2", "99": "2", "88": "1", "90": "2", "125": "2", "113": "3", "93": "1", "96": "2", "97": "3", "98": "2", "100": "2", "117": "2", "102": "2", "103": "3", "110": "2", "105": "3", "106": "2", "107": "2", "112": "1", "109": "2", "115": "2", "84": "1", "118": "2", "119": "2", "120": "2", "121": "3", "116": "1", "61": "1", "62": "1", "124": "2", "126": "1"}}