{"edges": [[1, 2], [2, 3], [3, 4], [4, 5], [5, 100], [5, 34], [5, 68], [6, 7], [7, 118], [8, 94], [9, 10], [10, 55], [10, 97], [10, 110], [12, 13], [13, 14], [14, 15], [15, 61], [15, 18], [16, 17], [17, 43], [17, 60], [18, 95], [19, 20], [20, 51], [21, 90], [22, 23], [23, 24], [24, 69], [25, 68], [26, 27], [27, 31], [27, 51], [29, 30], [30, 12], [31, 32], [32, 33], [33, 104], [33, 19], [34, 35], [35, 68], [36, 37], [37, 38], [38, 39], [39, 92], [39, 6], [39, 22], [40, 41], [41, 56], [41, 113], [42, 49], [43, 36], [44, 45], [45, 46], [46, 42], [46, 111], [47, 48], [48, 108], [49, 50], [50, 79], [51, 52], [52, 105], [52, 87], [52, 58], [53, 54], [54, 64], [54, 116], [56, 57], [57, 12], [58, 90], [60, 118], [60, 108], [61, 62], [62, 63], [63, 47], [64, 65], [65, 66], [66, 67], [67, 75], [68, 102], [69, 70], [71, 72], [72, 85], [73, 74], [74, 36], [75, 76], [76, 77], [77, 81], [77, 9], [78, 102], [79, 80], [80, 114], [81, 82], [82, 83], [83, 84], [84, 55], [84, 29], [84, 28], [85, 86], [87, 88], [88, 89], [89, 94], [89, 105], [90, 119], [90, 78], [92, 93], [93, 118], [94, 58], [95, 96], [97, 98], [98, 99], [99, 40], [99, 81], [100, 101], [101, 71], [101, 25], [102, 103], [103, 79], [103, 26], [104, 102], [105, 106], [106, 107], [107, 8], [107, 44], [108, 109], [109, 73], [109, 60], [109, 16], [110, 81], [111, 112], [112, 12], [113, 81], [114, 115], [115, 53], [116, 117], [117, 55], [117, 21], [118, 60], [118, 16], [119, 120], [120, 64]], "features": {"1": "1", "2": "2", "3": "2", "4": "2", "5": "4", "100": "2", "34": "2", "68": "4", "6": "2", "7": "2", "118": "5", "8": "2", "94": "3", "9": "2", "10": "4", "55": "3", "97": "2", "110": "2", "12": "4", "13": "2", "14": "2", "15": "3", "61": "2", "18": "2", "16": "3", "17": "3", "43": "2", "60": "5", "95": "2", "19": "2", "20": "2", "51": "3", "21": "2", "90": "4", "22": "2", "23": "2", "24": "2", "69": "2", "25": "2", "26": "2", "27": "3", "31": "2", "29": "2", "30": "2", "32": "2", "33": "3", "104": "2", "35": "2", "36": "3", "37": "2", "38": "2", "39": "4", "92": "2", "40": "2", "41": "3", "56": "2", "113": "2", "42": "2", "49": "2", "44": "2", "45": "2", "46": "3", "111": "2", "47": "2", "48": "2", "108": "3", "50": "2", "79": "3", "52": "4", "105": "3", "87": "2", "58": "3", "53": "2", "54": "3", "64": "3", "116": "2", "57": "2", "62": "2", "63": "2", "65": "2", "66": "2", "67": "2", "75": "2", "102": "4", "70": "1", "71": "2", "72": "2", "85": "2", "73": "2", "74": "2", "76": "2", "77": "3", "81": "5", "78": "2", "80": "2", "114": "2", "82": "2", "83": "2", "84": "4", "28": "1", "86": "1", "88": "2", "89": "3", "119": "2", "93": "2", "96": "1", "98": "2", "99": "3", "101": "3", "103": "3", "106": "2", "107": "3", "109": "4", "112": "2", "115": "2", "117": "3", "120": "2"}}