{"edges": [[1, 2], [2, 6], [3, 74], [4, 5], [5, 41], [6, 10], [6, 93], [8, 18], [8, 86], [9, 40], [10, 13], [11, 29], [12, 94], [13, 8], [16, 17], [17, 22], [18, 108], [20, 91], [22, 30], [22, 28], [23, 114], [24, 46], [27, 35], [28, 42], [29, 89], [30, 4], [30, 37], [31, 53], [32, 34], [34, 38], [34, 40], [35, 45], [37, 51], [38, 92], [40, 44], [42, 43], [43, 48], [44, 15], [45, 31], [45, 49], [46, 62], [48, 95], [49, 55], [50, 51], [51, 3], [51, 32], [53, 56], [53, 76], [54, 83], [55, 57], [55, 64], [56, 117], [57, 61], [58, 70], [61, 65], [61, 72], [64, 20], [64, 77], [65, 23], [68, 80], [68, 71], [70, 68], [70, 87], [71, 84], [72, 78], [72, 82], [73, 79], [74, 75], [75, 85], [76, 39], [77, 67], [77, 105], [79, 9], [80, 73], [82, 54], [84, 104], [85, 90], [86, 27], [87, 106], [87, 69], [89, 99], [90, 24], [90, 11], [91, 109], [92, 96], [93, 16], [94, 102], [95, 98], [96, 118], [96, 107], [98, 58], [98, 103], [99, 12], [99, 113], [101, 25], [106, 110], [110, 101]], "features": {"1": "1", "2": "2", "6": "3", "3": "2", "74": "2", "4": "2", "5": "2", "41": "1", "10": "2", "93": "2", "8": "3", "18": "2", "86": "2", "9": "2", "40": "3", "13": "2", "11": "2", "29": "2", "12": "2", "94": "2", "16": "2", "17": "2", "22": "3", "108": "1", "20": "2", "91": "2", "30": "3", "28": "2", "23": "2", "114": "1", "24": "2", "46": "2", "27": "2", "35": "2", "42": "2", "89": "2", "37": "2", "31": "2", "53": "3", "32": "2", "34": "3", "38": "2", "45": "3", "51": "4", "92": "2", "44": "2", "43": "2", "48": "2", "15": "1", "49": "2", "62": "1", "95": "2", "55": "3", "50": "1", "56": "2", "76": "2", "54": "2", "83": "1", "57": "2", "64": "3", "117": "1", "61": "3", "58": "2", "70": "3", "65": "2", "72": "3", "77": "3", "68": "3", "80": "2", "71": "2", "87": "3", "84": "2", "78": "1", "82": "2", "73": "2", "79": "2", "75": "2", "85": "2", "39": "1", "67": "1", "105": "1", "104": "1", "90": "3", "106": "2", "69": "1", "99": "3", "109": "1", "96": "3", "102": "1", "98": "3", "118": "1", "107": "1", "103": "1", "113": "1", "101": "2", "25": "1", "110": "2"}}