{"edges": [[1, 2], [2, 4], [4, 5], [5, 6], [6, 8], [7, 9], [8, 7], [8, 46], [8, 92], [9, 13], [12, 17], [13, 14], [13, 11], [14, 15], [15, 12], [15, 33], [17, 18], [17, 19], [19, 22], [20, 29], [20, 31], [21, 28], [22, 21], [22, 26], [26, 20], [28, 25], [28, 32], [31, 24], [33, 36], [36, 40], [36, 39], [37, 34], [37, 44], [39, 45], [40, 37], [45, 41], [45, 42], [46, 51], [47, 52], [48, 49], [49, 50], [50, 56], [50, 67], [51, 47], [51, 65], [52, 59], [53, 57], [53, 54], [54, 55], [55, 58], [55, 60], [56, 53], [59, 48], [59, 9], [60, 112], [60, 64], [61, 76], [61, 72], [65, 71], [67, 70], [70, 62], [70, 68], [71, 61], [72, 73], [72, 78], [73, 75], [75, 77], [77, 81], [77, 111], [78, 80], [80, 84], [82, 83], [83, 87], [83, 86], [84, 85], [85, 82], [87, 98], [89, 113], [90, 94], [92, 93], [93, 101], [93, 106], [97, 89], [97, 104], [97, 107], [98, 99], [99, 90], [99, 91], [101, 102], [102, 96], [102, 97], [104, 105], [106, 109], [107, 110], [109, 114], [109, 103]], "features": {"1": "1", "2": "2", "4": "2", "5": "2", "6": "2", "8": "4", "7": "2", "9": "3", "46": "2", "92": "2", "13": "3", "12": "2", "17": "3", "14": "2", "11": "1", "15": "3", "33": "2", "18": "1", "19": "2", "22": "3", "20": "3", "29": "1", "31": "2", "21": "2", "28": "3", "26": "2", "25": "1", "32": "1", "24": "1", "36": "3", "40": "2", "39": "2", "37": "3", "34": "1", "44": "1", "45": "3", "41": "1", "42": "1", "51": "3", "47": "2", "52": "2", "48": "2", "49": "2", "50": "3", "56": "2", "67": "2", "65": "2", "59": "3", "53": "3", "57": "1", "54": "2", "55": "3", "58": "1", "60": "3", "112": "1", "64": "1", "61": "3", "76": "1", "72": "3", "71": "2", "70": "3", "62": "1", "68": "1", "73": "2", "78": "2", "75": "2", "77": "3", "81": "1", "111": "1", "80": "2", "84": "2", "82": "2", "83": "3", "87": "2", "86": "1", "85": "2", "98": "2", "89": "2", "113": "1", "90": "2", "94": "1", "93": "3", "101": "2", "106": "2", "97": "4", "104": "2", "107": "2", "99": "3", "91": "1", "102": "3", "96": "1", "105": "1", "109": "3", "110": "1", "114": "1", "103": "1"}}