{"edges": [[1, 42], [1, 27], [2, 18], [2, 41], [3, 31], [4, 23], [5, 28], [6, 16], [7, 32], [7, 38], [8, 13], [9, 13], [10, 15], [10, 14], [11, 5], [12, 7], [14, 16], [15, 6], [15, 17], [16, 12], [18, 3], [19, 24], [20, 24], [21, 19], [23, 12], [24, 29], [25, 47], [26, 10], [26, 11], [27, 2], [28, 20], [28, 36], [29, 34], [29, 37], [30, 44], [31, 26], [32, 34], [33, 8], [33, 9], [35, 46], [35, 40], [36, 43], [36, 4], [37, 7], [38, 35], [39, 30], [40, 45], [41, 3], [42, 2], [43, 21], [44, 22], [44, 25], [45, 39], [45, 33]], "features": {"1": "2", "42": "2", "27": "2", "2": "4", "18": "2", "41": "2", "3": "3", "31": "2", "4": "2", "23": "2", "5": "2", "28": "3", "6": "2", "16": "3", "7": "4", "32": "2", "38": "2", "8": "2", "13": "2", "9": "2", "10": "3", "15": "3", "14": "2", "11": "2", "12": "3", "17": "1", "19": "2", "24": "3", "20": "2", "21": "2", "29": "3", "25": "2", "47": "1", "26": "3", "36": "3", "34": "2", "37": "2", "30": "2", "44": "3", "33": "3", "35": "3", "46": "1", "40": "2", "43": "2", "39": "2", "45": "3", "22": "1"}}