{"edges": [[1, 2], [2, 3], [3, 46], [4, 21], [5, 10], [6, 51], [8, 62], [8, 49], [9, 52], [10, 112], [12, 54], [13, 56], [13, 81], [15, 34], [18, 8], [20, 82], [23, 86], [24, 25], [25, 109], [25, 89], [26, 88], [29, 60], [30, 91], [30, 79], [31, 64], [33, 101], [34, 50], [34, 105], [35, 29], [37, 78], [38, 71], [39, 23], [42, 104], [44, 16], [45, 4], [46, 6], [47, 18], [49, 12], [50, 20], [51, 9], [52, 13], [54, 55], [55, 5], [56, 15], [57, 100], [59, 17], [60, 94], [61, 106], [61, 98], [62, 35], [64, 40], [65, 84], [68, 69], [69, 97], [71, 96], [71, 72], [72, 57], [74, 103], [75, 28], [76, 44], [78, 31], [79, 39], [79, 80], [80, 42], [81, 30], [82, 26], [82, 47], [84, 93], [86, 87], [87, 24], [88, 33], [89, 65], [93, 61], [94, 38], [94, 59], [97, 73], [98, 68], [100, 74], [100, 108], [101, 113], [103, 92], [104, 111], [104, 45], [105, 75], [108, 115], [109, 76], [112, 83], [113, 37], [113, 66]], "features": {"1": "1", "2": "2", "3": "2", "46": "2", "4": "2", "21": "1", "5": "2", "10": "2", "6": "2", "51": "2", "8": "3", "62": "2", "49": "2", "9": "2", "52": "2", "112": "2", "12": "2", "54": "2", "13": "3", "56": "2", "81": "2", "15": "2", "34": "3", "18": "2", "20": "2", "82": "3", "23": "2", "86": "2", "24": "2", "25": "3", "109": "2", "89": "2", "26": "2", "88": "2", "29": "2", "60": "2", "30": "3", "91": "1", "79": "3", "31": "2", "64": "2", "33": "2", "101": "2", "50": "2", "105": "2", "35": "2", "37": "2", "78": "2", "38": "2", "71": "3", "39": "2", "42": "2", "104": "3", "44": "2", "16": "1", "45": "2", "47": "2", "55": "2", "57": "2", "100": "3", "59": "2", "17": "1", "94": "3", "61": "3", "106": "1", "98": "2", "40": "1", "65": "2", "84": "2", "68": "2", "69": "2", "97": "2", "96": "1", "72": "2", "74": "2", "103": "2", "75": "2", "28": "1", "76": "2", "80": "2", "93": "2", "87": "2", "73": "1", "108": "2", "113": "3", "92": "1", "111": "1", "115": "1", "83": "1", "66": "1"}}