{"edges": [[1, 2], [2, 3], [3, 4], [4, 5], [5, 7], [7, 8], [8, 9], [9, 11], [11, 59], [11, 14], [12, 13], [13, 60], [14, 15], [15, 16], [16, 17], [17, 18], [18, 19], [19, 20], [20, 21], [21, 22], [22, 23], [23, 24], [24, 103], [24, 29], [25, 26], [26, 28], [28, 32], [29, 30], [30, 31], [31, 65], [31, 107], [32, 33], [33, 34], [34, 35], [35, 36], [36, 43], [36, 39], [37, 38], [39, 40], [40, 41], [41, 42], [42, 37], [42, 46], [43, 45], [45, 85], [46, 47], [47, 48], [48, 49], [49, 50], [50, 51], [51, 52], [52, 53], [53, 54], [54, 55], [55, 56], [56, 57], [57, 58], [57, 12], [57, 106], [59, 18], [60, 61], [61, 62], [62, 63], [63, 64], [64, 68], [65, 67], [67, 81], [68, 69], [69, 70], [70, 71], [71, 72], [72, 73], [73, 74], [74, 75], [75, 105], [76, 77], [77, 78], [78, 80], [80, 113], [81, 47], [82, 83], [83, 95], [84, 97], [85, 86], [86, 87], [87, 89], [89, 90], [91, 92], [92, 93], [93, 94], [94, 84], [94, 98], [95, 96], [98, 99], [99, 100], [100, 101], [101, 102], [102, 47], [103, 91], [103, 25], [105, 76], [105, 82], [107, 108], [108, 109], [109, 110], [110, 111], [111, 112]], "features": {"1": "1", "2": "2", "3": "2", "4": "2", "5": "2", "7": "2", "8": "2", "9": "2", "11": "3", "59": "2", "14": "2", "12": "2", "13": "2", "60": "2", "15": "2", "16": "2", "17": "2", "18": "3", "19": "2", "20": "2", "21": "2", "22": "2", "23": "2", "24": "3", "103": "3", "29": "2", "25": "2", "26": "2", "28": "2", "32": "2", "30": "2", "31": "3", "65": "2", "107": "2", "33": "2", "34": "2", "35": "2", "36": "3", "43": "2", "39": "2", "37": "2", "38": "1", "40": "2", "41": "2", "42": "3", "46": "2", "45": "2", "85": "2", "47": "4", "48": "2", "49": "2", "50": "2", "51": "2", "52": "2", "53": "2", "54": "2", "55": "2", "56": "2", "57": "4", "58": "1", "106": "1", "61": "2", "62": "2", "63": "2", "64": "2", "68": "2", "67": "2", "81": "2", "69": "2", "70": "2", "71": "2", "72": "2", "73": "2", "74": "2", "75": "2", "105": "3", "76": "2", "77": "2", "78": "2", "80": "2", "113": "1", "82": "2", "83": "2", "95": "2", "84": "2", "97": "1", "86": "2", "87": "2", "89": "2", "90": "1", "91": "2", "92": "2", "93": "2", "94": "3", "98": "2", "96": "1", "99": "2", "100": "2", "101": "2", "102": "2", "108": "2", "109": "2", "110": "2", "111": "2", "112": "1"}}