{"edges": [[1, 2], [2, 4], [4, 5], [4, 6], [5, 8], [6, 7], [6, 17], [7, 26], [7, 28], [8, 9], [9, 10], [9, 12], [10, 11], [11, 14], [11, 16], [12, 13], [13, 18], [13, 21], [14, 15], [16, 20], [16, 25], [17, 24], [17, 29], [18, 19], [21, 22], [22, 23], [24, 31], [24, 34], [25, 30], [25, 32], [26, 27], [30, 41], [31, 36], [32, 33], [33, 43], [33, 45], [34, 35], [35, 38], [35, 40], [36, 37], [38, 39], [41, 42], [41, 44], [42, 46], [42, 48], [46, 47], [47, 50], [47, 52], [48, 49], [49, 54], [49, 56], [50, 51], [52, 53], [54, 55]], "features": {"1": "1", "2": "2", "4": "3", "5": "2", "6": "3", "8": "2", "7": "3", "17": "3", "26": "2", "28": "1", "9": "3", "10": "2", "12": "2", "11": "3", "14": "2", "16": "3", "13": "3", "18": "2", "21": "2", "15": "1", "20": "1", "25": "3", "24": "3", "29": "1", "19": "1", "22": "2", "23": "1", "31": "2", "34": "2", "30": "2", "32": "2", "27": "1", "41": "3", "36": "2", "33": "3", "43": "1", "45": "1", "35": "3", "38": "2", "40": "1", "37": "1", "39": "1", "42": "3", "44": "1", "46": "2", "48": "2", "47": "3", "50": "2", "52": "2", "49": "3", "54": "2", "56": "1", "51": "1", "53": "1", "55": "1"}}