{"edges": [[1, 10], [1, 19], [3, 4], [4, 8], [5, 12], [5, 40], [6, 61], [10, 25], [10, 31], [12, 57], [14, 65], [16, 17], [16, 51], [17, 9], [18, 20], [19, 58], [20, 30], [20, 53], [22, 38], [25, 28], [27, 45], [27, 37], [28, 27], [30, 32], [30, 52], [31, 5], [34, 64], [36, 72], [37, 22], [37, 3], [38, 39], [39, 59], [40, 68], [42, 16], [45, 60], [46, 50], [46, 67], [47, 48], [48, 71], [48, 21], [50, 24], [51, 54], [53, 56], [54, 66], [57, 46], [57, 6], [58, 14], [58, 62], [62, 47], [62, 18], [64, 36], [65, 42], [66, 34], [66, 41], [67, 44], [68, 70], [71, 26], [71, 33]], "features": {"1": "2", "10": "3", "19": "2", "3": "2", "4": "2", "8": "1", "5": "3", "12": "2", "40": "2", "6": "2", "61": "1", "25": "2", "31": "2", "57": "3", "14": "2", "65": "2", "16": "3", "17": "2", "51": "2", "9": "1", "18": "2", "20": "3", "58": "3", "30": "3", "53": "2", "22": "2", "38": "2", "28": "2", "27": "3", "45": "2", "37": "3", "32": "1", "52": "1", "34": "2", "64": "2", "36": "2", "72": "1", "39": "2", "59": "1", "68": "2", "42": "2", "60": "1", "46": "3", "50": "2", "67": "2", "47": "2", "48": "3", "71": "3", "21": "1", "24": "1", "54": "2", "56": "1", "66": "3", "62": "3", "41": "1", "44": "1", "70": "1", "26": "1", "33": "1"}}