{"edges": [[1, 2], [2, 3], [3, 4], [4, 60], [4, 9], [6, 107], [6, 16], [7, 118], [9, 122], [11, 119], [11, 83], [13, 15], [15, 76], [17, 82], [18, 106], [18, 129], [20, 127], [22, 71], [22, 26], [23, 68], [24, 73], [25, 84], [26, 74], [27, 78], [28, 87], [32, 123], [32, 42], [33, 24], [34, 50], [35, 96], [36, 41], [37, 97], [37, 29], [38, 39], [39, 98], [40, 99], [41, 75], [42, 122], [43, 20], [43, 32], [44, 104], [45, 81], [46, 99], [47, 52], [48, 57], [51, 88], [52, 80], [52, 8], [53, 116], [53, 30], [54, 36], [55, 6], [56, 113], [57, 99], [58, 79], [58, 27], [59, 115], [60, 72], [63, 18], [63, 114], [66, 93], [67, 125], [67, 19], [68, 51], [69, 54], [70, 46], [70, 117], [70, 85], [71, 103], [71, 91], [72, 17], [73, 14], [73, 120], [74, 67], [75, 21], [75, 121], [76, 108], [76, 92], [77, 58], [78, 126], [79, 130], [80, 49], [81, 90], [82, 111], [82, 45], [83, 99], [84, 133], [85, 34], [86, 70], [87, 59], [87, 61], [88, 43], [89, 99], [90, 69], [90, 105], [91, 11], [93, 86], [94, 7], [94, 102], [95, 53], [96, 64], [96, 109], [97, 10], [98, 25], [98, 131], [99, 22], [99, 33], [99, 44], [99, 55], [99, 66], [99, 77], [100, 63], [100, 37], [102, 31], [103, 26], [104, 35], [105, 28], [106, 62], [107, 48], [108, 38], [109, 56], [110, 128], [111, 94], [113, 99], [115, 124], [115, 65], [116, 89], [117, 99], [118, 23], [120, 40], [120, 12], [121, 101], [122, 132], [124, 112], [124, 13], [125, 99], [126, 5], [126, 110], [130, 100], [130, 37], [131, 47], [132, 95]], "features": {"1": "1", "2": "2", "3": "2", "4": "3", "60": "2", "9": "2", "6": "3", "107": "2", "16": "1", "7": "2", "118": "2", "122": "3", "11": "3", "119": "1", "83": "2", "13": "2", "15": "2", "76": "3", "17": "2", "82": "3", "18": "3", "106": "2", "129": "1", "20": "2", "127": "1", "22": "3", "71": "3", "26": "3", "23": "2", "68": "2", "24": "2", "73": "3", "25": "2", "84": "2", "74": "2", "27": "2", "78": "2", "28": "2", "87": "3", "32": "3", "123": "1", "42": "2", "33": "2", "34": "2", "50": "1", "35": "2", "96": "3", "36": "2", "41": "2", "37": "4", "97": "2", "29": "1", "38": "2", "39": "2", "98": "3", "40": "2", "99": "14", "75": "3", "43": "3", "44": "2", "104": "2", "45": "2", "81": "2", "46": "2", "47": "2", "52": "3", "48": "2", "57": "2", "51": "2", "88": "2", "80": "2", "8": "1", "53": "3", "116": "2", "30": "1", "54": "2", "55": "2", "56": "2", "113": "2", "58": "3", "79": "2", "59": "2", "115": "3", "72": "2", "63": "3", "114": "1", "66": "2", "93": "2", "67": "3", "125": "2", "19": "1", "69": "2", "70": "4", "117": "2", "85": "2", "103": "2", "91": "2", "14": "1", "120": "3", "21": "1", "121": "2", "108": "2", "92": "1", "77": "2", "126": "3", "130": "3", "49": "1", "90": "3", "111": "2", "133": "1", "86": "2", "61": "1", "89": "2", "105": "2", "94": "3", "102": "2", "95": "2", "64": "1", "109": "2", "10": "1", "131": "2", "100": "3", "31": "1", "62": "1", "110": "2", "128": "1", "124": "3", "65": "1", "12": "1", "101": "1", "132": "2", "112": "1", "5": "1"}}