{"edges": [[1, 3], [3, 4], [4, 44], [4, 20], [5, 6], [6, 83], [6, 50], [8, 9], [9, 11], [11, 94], [11, 39], [13, 70], [15, 16], [16, 86], [16, 30], [18, 19], [20, 21], [21, 14], [21, 34], [22, 27], [24, 25], [25, 53], [25, 84], [27, 78], [27, 69], [28, 29], [34, 35], [35, 37], [37, 15], [37, 13], [37, 73], [39, 18], [39, 60], [40, 41], [42, 43], [43, 32], [43, 8], [43, 62], [44, 45], [45, 20], [45, 49], [46, 47], [47, 22], [47, 40], [49, 65], [49, 28], [49, 80], [50, 51], [51, 24], [54, 57], [60, 61], [61, 90], [61, 98], [62, 63], [64, 66], [66, 67], [67, 87], [67, 42], [67, 31], [70, 71], [71, 77], [71, 96], [77, 89], [77, 56], [78, 79], [79, 81], [79, 54], [84, 85], [85, 64], [85, 72], [87, 99], [87, 75], [88, 89], [90, 91], [91, 92], [92, 93], [93, 46], [93, 88], [94, 95], [96, 97], [97, 5], [97, 59]], "features": {"1": "1", "3": "2", "4": "3", "44": "2", "20": "3", "5": "2", "6": "3", "83": "1", "50": "2", "8": "2", "9": "2", "11": "3", "94": "2", "39": "3", "13": "2", "70": "2", "15": "2", "16": "3", "86": "1", "30": "1", "18": "2", "19": "1", "21": "3", "14": "1", "34": "2", "22": "2", "27": "3", "24": "2", "25": "3", "53": "1", "84": "2", "78": "2", "69": "1", "28": "2", "29": "1", "35": "2", "37": "4", "73": "1", "60": "2", "40": "2", "41": "1", "42": "2", "43": "4", "32": "1", "62": "2", "45": "3", "49": "4", "46": "2", "47": "3", "65": "1", "80": "1", "51": "2", "54": "2", "57": "1", "61": "3", "90": "2", "98": "1", "63": "1", "64": "2", "66": "2", "67": "4", "87": "3", "31": "1", "71": "3", "77": "3", "96": "2", "89": "2", "56": "1", "79": "3", "81": "1", "85": "3", "72": "1", "99": "1", "75": "1", "88": "2", "91": "2", "92": "2", "93": "3", "95": "1", "97": "3", "59": "1"}}