{"edges": [[2, 18], [2, 39], [6, 69], [6, 36], [7, 19], [10, 13], [11, 4], [11, 35], [13, 15], [15, 6], [16, 7], [16, 37], [18, 39], [19, 38], [19, 92], [20, 17], [20, 25], [22, 40], [22, 61], [25, 56], [25, 31], [27, 48], [31, 59], [35, 80], [39, 41], [39, 30], [41, 5], [41, 20], [44, 52], [47, 88], [48, 9], [48, 71], [48, 14], [49, 85], [50, 27], [51, 87], [51, 47], [52, 64], [54, 115], [55, 102], [57, 10], [57, 72], [58, 65], [59, 50], [59, 8], [61, 100], [61, 119], [62, 12], [62, 57], [64, 58], [64, 103], [65, 40], [65, 97], [66, 78], [68, 109], [68, 53], [69, 11], [71, 62], [72, 57], [73, 84], [73, 29], [74, 49], [75, 16], [78, 94], [79, 117], [80, 73], [83, 79], [84, 75], [85, 44], [88, 120], [89, 107], [92, 22], [93, 108], [94, 116], [95, 99], [95, 106], [97, 114], [97, 68], [98, 51], [99, 113], [100, 93], [101, 54], [103, 64], [104, 78], [105, 118], [106, 99], [107, 95], [108, 46], [108, 74], [109, 55], [109, 101], [110, 98], [112, 89], [112, 111], [113, 110], [115, 66], [115, 104], [116, 83], [116, 56], [117, 105], [118, 112], [119, 93]], "features": {"2": "2", "18": "2", "39": "4", "6": "3", "69": "2", "36": "1", "7": "2", "19": "3", "10": "2", "13": "2", "11": "3", "4": "1", "35": "2", "15": "2", "16": "3", "37": "1", "38": "1", "92": "2", "20": "3", "17": "1", "25": "3", "22": "3", "40": "2", "61": "3", "56": "2", "31": "2", "27": "2", "48": "4", "59": "3", "80": "2", "41": "3", "30": "1", "5": "1", "44": "2", "52": "2", "47": "2", "88": "2", "9": "1", "71": "2", "14": "1", "49": "2", "85": "2", "50": "2", "51": "3", "87": "1", "64": "4", "54": "2", "115": "3", "55": "2", "102": "1", "57": "4", "72": "2", "58": "2", "65": "3", "8": "1", "100": "2", "119": "2", "62": "3", "12": "1", "103": "2", "97": "3", "66": "2", "78": "3", "68": "3", "109": "3", "53": "1", "73": "3", "84": "2", "29": "1", "74": "2", "75": "2", "94": "2", "79": "2", "117": "2", "83": "2", "120": "1", "89": "2", "107": "2", "93": "3", "108": "3", "116": "3", "95": "3", "99": "3", "106": "2", "114": "1", "98": "2", "113": "2", "101": "2", "104": "2", "105": "2", "118": "2", "46": "1", "110": "2", "112": "3", "111": "1"}}