{"edges": [[2, 3], [3, 4], [3, 7], [4, 6], [6, 10], [6, 11], [7, 8], [8, 13], [8, 12], [10, 15], [10, 16], [11, 17], [11, 19], [12, 20], [12, 21], [13, 22], [13, 23], [15, 24], [15, 25], [16, 28], [16, 26], [17, 29], [19, 32], [19, 35], [20, 34], [20, 36], [21, 37], [23, 4], [24, 38], [24, 55], [25, 115], [26, 43], [26, 42], [29, 30], [30, 31], [31, 45], [31, 46], [32, 33], [33, 47], [33, 48], [36, 49], [36, 51], [37, 50], [37, 52], [38, 40], [40, 53], [40, 54], [42, 43], [43, 57], [43, 60], [43, 62], [45, 63], [45, 64], [46, 117], [47, 65], [47, 66], [48, 67], [48, 69], [49, 70], [49, 71], [50, 67], [53, 72], [53, 73], [54, 74], [54, 76], [55, 56], [56, 77], [56, 78], [57, 59], [59, 79], [59, 80], [60, 61], [61, 82], [61, 83], [62, 84], [62, 85], [65, 86], [65, 87], [66, 88], [66, 90], [69, 91], [70, 95], [70, 93], [72, 7], [74, 103], [74, 104], [76, 105], [76, 106], [77, 96], [77, 97], [79, 98], [80, 81], [81, 114], [87, 118], [87, 120], [88, 89], [89, 119], [89, 121], [91, 92], [95, 101], [95, 102], [96, 107], [96, 110], [97, 108], [98, 100], [100, 111], [100, 113], [102, 116], [105, 41]], "features": {"2": "1", "3": "3", "4": "3", "7": "3", "6": "3", "10": "3", "11": "3", "8": "3", "13": "3", "12": "3", "15": "3", "16": "3", "17": "2", "19": "3", "20": "3", "21": "2", "22": "1", "23": "2", "24": "3", "25": "2", "28": "1", "26": "3", "29": "2", "32": "2", "35": "1", "34": "1", "36": "3", "37": "3", "38": "2", "55": "2", "115": "1", "43": "5", "42": "2", "30": "2", "31": "3", "45": "3", "46": "2", "33": "3", "47": "3", "48": "3", "49": "3", "51": "1", "50": "2", "52": "1", "40": "3", "53": "3", "54": "3", "57": "2", "60": "2", "62": "3", "63": "1", "64": "1", "117": "1", "65": "3", "66": "3", "67": "2", "69": "2", "70": "3", "71": "1", "72": "2", "73": "1", "74": "3", "76": "3", "56": "3", "77": "3", "78": "1", "59": "3", "79": "2", "80": "2", "61": "3", "82": "1", "83": "1", "84": "1", "85": "1", "86": "1", "87": "3", "88": "2", "90": "1", "91": "2", "95": "3", "93": "1", "103": "1", "104": "1", "105": "2", "106": "1", "96": "3", "97": "2", "98": "2", "81": "2", "114": "1", "118": "1", "120": "1", "89": "3", "119": "1", "121": "1", "92": "1", "101": "1", "102": "2", "107": "1", "110": "1", "108": "1", "100": "3", "111": "1", "113": "1", "116": "1", "41": "1"}}