{"edges": [[1, 2], [2, 3], [3, 5], [5, 6], [6, 10], [6, 13], [7, 16], [9, 12], [10, 11], [11, 19], [11, 20], [12, 7], [12, 14], [13, 9], [14, 18], [16, 17], [17, 23], [17, 21], [18, 38], [19, 40], [19, 30], [20, 34], [20, 42], [21, 22], [22, 33], [22, 39], [23, 37], [23, 29], [24, 26], [26, 102], [26, 52], [27, 66], [29, 47], [30, 56], [30, 114], [32, 69], [32, 84], [33, 24], [34, 45], [36, 67], [37, 32], [37, 51], [38, 43], [38, 48], [39, 27], [39, 36], [40, 97], [40, 55], [42, 54], [43, 46], [45, 60], [45, 40], [46, 79], [46, 112], [47, 53], [47, 50], [48, 49], [49, 82], [49, 88], [50, 92], [51, 71], [52, 58], [54, 94], [56, 77], [58, 62], [58, 63], [60, 98], [60, 72], [63, 64], [64, 107], [67, 101], [67, 103], [69, 74], [71, 76], [76, 106], [76, 68], [77, 99], [79, 80], [80, 90], [82, 83], [83, 86], [86, 73], [86, 113], [88, 89], [89, 110], [90, 91], [91, 116], [91, 105], [94, 95], [95, 104], [95, 61], [98, 44], [99, 96], [99, 78], [110, 118], [113, 115]], "features": {"1": "1", "2": "2", "3": "2", "5": "2", "6": "3", "10": "2", "13": "2", "7": "2", "16": "2", "9": "2", "12": "3", "11": "3", "19": "3", "20": "3", "14": "2", "18": "2", "17": "3", "23": "3", "21": "2", "38": "3", "40": "4", "30": "3", "34": "2", "42": "2", "22": "3", "33": "2", "39": "3", "37": "3", "29": "2", "24": "2", "26": "3", "102": "1", "52": "2", "27": "2", "66": "1", "47": "3", "56": "2", "114": "1", "32": "3", "69": "2", "84": "1", "45": "3", "36": "2", "67": "3", "51": "2", "43": "2", "48": "2", "97": "1", "55": "1", "54": "2", "46": "3", "60": "3", "79": "2", "112": "1", "53": "1", "50": "2", "49": "3", "82": "2", "88": "2", "92": "1", "71": "2", "58": "3", "94": "2", "77": "2", "62": "1", "63": "2", "98": "2", "72": "1", "64": "2", "107": "1", "101": "1", "103": "1", "74": "1", "76": "3", "106": "1", "68": "1", "99": "3", "80": "2", "90": "2", "83": "2", "86": "3", "73": "1", "113": "2", "89": "2", "110": "2", "91": "3", "116": "1", "105": "1", "95": "3", "104": "1", "61": "1", "44": "1", "96": "1", "78": "1", "118": "1", "115": "1"}}