{"edges": [[1, 2], [2, 3], [3, 4], [4, 5], [5, 6], [6, 85], [7, 37], [10, 21], [11, 51], [11, 74], [12, 13], [13, 42], [14, 63], [16, 66], [18, 19], [19, 43], [20, 45], [21, 83], [23, 33], [24, 77], [24, 10], [25, 78], [26, 34], [27, 55], [28, 62], [30, 32], [32, 93], [33, 40], [33, 58], [35, 68], [35, 90], [36, 73], [36, 50], [37, 28], [38, 20], [40, 18], [41, 71], [41, 87], [41, 67], [42, 79], [43, 15], [44, 49], [45, 29], [48, 25], [48, 7], [50, 8], [50, 26], [51, 30], [52, 53], [56, 57], [57, 61], [57, 27], [58, 52], [59, 80], [60, 75], [61, 38], [62, 23], [64, 12], [64, 81], [66, 86], [67, 48], [68, 98], [68, 46], [69, 88], [70, 36], [71, 35], [72, 44], [73, 94], [74, 21], [74, 24], [75, 91], [75, 84], [78, 56], [79, 99], [80, 41], [82, 60], [82, 16], [83, 64], [85, 59], [87, 92], [88, 96], [90, 11], [91, 72], [92, 70], [94, 95], [95, 14], [96, 82], [98, 69]], "features": {"1": "1", "2": "2", "3": "2", "4": "2", "5": "2", "6": "2", "85": "2", "7": "2", "37": "2", "10": "2", "21": "3", "11": "3", "51": "2", "74": "3", "12": "2", "13": "2", "42": "2", "14": "2", "63": "1", "16": "2", "66": "2", "18": "2", "19": "2", "43": "2", "20": "2", "45": "2", "83": "2", "23": "2", "33": "3", "24": "3", "77": "1", "25": "2", "78": "2", "26": "2", "34": "1", "27": "2", "55": "1", "28": "2", "62": "2", "30": "2", "32": "2", "93": "1", "40": "2", "58": "2", "35": "3", "68": "3", "90": "2", "36": "3", "73": "2", "50": "3", "38": "2", "41": "4", "71": "2", "87": "2", "67": "2", "79": "2", "15": "1", "44": "2", "49": "1", "29": "1", "48": "3", "8": "1", "52": "2", "53": "1", "56": "2", "57": "3", "61": "2", "59": "2", "80": "2", "60": "2", "75": "3", "64": "3", "81": "1", "86": "1", "98": "2", "46": "1", "69": "2", "88": "2", "70": "2", "72": "2", "94": "2", "91": "2", "84": "1", "99": "1", "82": "3", "92": "2", "96": "2", "95": "2"}}