{"edges": [[1, 3], [3, 6], [3, 5], [5, 8], [5, 10], [6, 12], [8, 16], [8, 24], [10, 25], [12, 20], [12, 14], [13, 21], [13, 29], [14, 18], [14, 36], [16, 17], [18, 13], [20, 45], [21, 22], [22, 30], [24, 26], [25, 33], [26, 42], [26, 38], [29, 35], [29, 46], [35, 44], [38, 52], [38, 41], [41, 54], [42, 43], [44, 49], [44, 51], [52, 53]], "features": {"1": "1", "3": "3", "6": "2", "5": "3", "8": "3", "10": "2", "12": "3", "16": "2", "24": "2", "25": "2", "20": "2", "14": "3", "13": "3", "21": "2", "29": "3", "18": "2", "36": "1", "17": "1", "45": "1", "22": "2", "30": "1", "26": "3", "33": "1", "42": "2", "38": "3", "35": "2", "46": "1", "44": "3", "52": "2", "41": "2", "54": "1", "43": "1", "49": "1", "51": "1", "53": "1"}}