{"edges": [[1, 2], [2, 3], [3, 52], [4, 75], [4, 64], [7, 68], [8, 9], [9, 36], [10, 84], [11, 102], [11, 16], [12, 41], [13, 39], [14, 34], [16, 7], [17, 32], [17, 35], [18, 72], [21, 12], [22, 23], [23, 24], [24, 44], [25, 46], [25, 74], [26, 5], [28, 110], [29, 62], [31, 108], [32, 14], [33, 21], [35, 60], [36, 11], [38, 20], [39, 22], [39, 31], [41, 10], [42, 86], [43, 26], [44, 25], [45, 100], [45, 76], [46, 73], [50, 70], [51, 67], [52, 8], [54, 79], [55, 56], [56, 57], [57, 38], [58, 93], [59, 81], [60, 33], [62, 91], [62, 55], [63, 92], [63, 104], [64, 78], [65, 18], [68, 69], [69, 17], [70, 4], [72, 45], [74, 112], [75, 51], [76, 54], [78, 99], [79, 88], [81, 63], [82, 96], [83, 101], [83, 113], [84, 85], [85, 43], [85, 65], [88, 114], [88, 109], [91, 59], [92, 97], [93, 94], [94, 95], [95, 82], [96, 107], [97, 58], [97, 42], [100, 116], [101, 28], [102, 13], [104, 105], [105, 49], [107, 83], [108, 29], [109, 48], [112, 50], [114, 89]], "features": {"1": "1", "2": "2", "3": "2", "52": "2", "4": "3", "75": "2", "64": "2", "7": "2", "68": "2", "8": "2", "9": "2", "36": "2", "10": "2", "84": "2", "11": "3", "102": "2", "16": "2", "12": "2", "41": "2", "13": "2", "39": "3", "14": "2", "34": "1", "17": "3", "32": "2", "35": "2", "18": "2", "72": "2", "21": "2", "22": "2", "23": "2", "24": "2", "44": "2", "25": "3", "46": "2", "74": "2", "26": "2", "5": "1", "28": "2", "110": "1", "29": "2", "62": "3", "31": "2", "108": "2", "33": "2", "60": "2", "38": "2", "20": "1", "42": "2", "86": "1", "43": "2", "45": "3", "100": "2", "76": "2", "73": "1", "50": "2", "70": "2", "51": "2", "67": "1", "54": "2", "79": "2", "55": "2", "56": "2", "57": "2", "58": "2", "93": "2", "59": "2", "81": "2", "91": "2", "63": "3", "92": "2", "104": "2", "78": "2", "65": "2", "69": "2", "112": "2", "99": "1", "88": "3", "82": "2", "96": "2", "83": "3", "101": "2", "113": "1", "85": "3", "114": "2", "109": "2", "97": "3", "94": "2", "95": "2", "107": "2", "116": "1", "105": "2", "49": "1", "48": "1", "89": "1"}}