{"edges": [[1, 2], [2, 3], [3, 4], [4, 5], [5, 6], [6, 31], [7, 50], [8, 74], [9, 49], [10, 84], [11, 21], [13, 62], [14, 22], [14, 65], [15, 27], [16, 75], [17, 87], [18, 67], [19, 37], [20, 73], [20, 88], [21, 66], [22, 35], [23, 11], [24, 56], [25, 19], [26, 76], [27, 52], [30, 17], [31, 15], [32, 42], [33, 51], [34, 39], [36, 20], [37, 45], [39, 60], [40, 33], [41, 59], [42, 10], [43, 82], [44, 53], [45, 63], [45, 54], [47, 26], [48, 83], [49, 29], [50, 41], [52, 44], [53, 13], [54, 7], [55, 25], [55, 23], [56, 16], [57, 78], [59, 64], [60, 79], [62, 8], [63, 43], [64, 36], [64, 40], [65, 47], [66, 70], [66, 24], [68, 57], [68, 81], [69, 85], [70, 48], [74, 55], [75, 68], [76, 69], [77, 34], [78, 61], [79, 14], [82, 18], [82, 9], [83, 32], [84, 30], [84, 77], [85, 71]], "features": {"1": "1", "2": "2", "3": "2", "4": "2", "5": "2", "6": "2", "31": "2", "7": "2", "50": "2", "8": "2", "74": "2", "9": "2", "49": "2", "10": "2", "84": "3", "11": "2", "21": "2", "13": "2", "62": "2", "14": "3", "22": "2", "65": "2", "15": "2", "27": "2", "16": "2", "75": "2", "17": "2", "87": "1", "18": "2", "67": "1", "19": "2", "37": "2", "20": "3", "73": "1", "88": "1", "66": "3", "35": "1", "23": "2", "24": "2", "56": "2", "25": "2", "26": "2", "76": "2", "52": "2", "30": "2", "32": "2", "42": "2", "33": "2", "51": "1", "34": "2", "39": "2", "36": "2", "45": "3", "60": "2", "40": "2", "41": "2", "59": "2", "43": "2", "82": "3", "44": "2", "53": "2", "63": "2", "54": "2", "47": "2", "48": "2", "83": "2", "29": "1", "55": "3", "57": "2", "78": "2", "64": "3", "79": "2", "70": "2", "68": "3", "81": "1", "69": "2", "85": "2", "77": "2", "61": "1", "71": "1"}}