{"edges": [[1, 42], [2, 25], [2, 10], [3, 54], [4, 107], [6, 82], [6, 74], [7, 68], [10, 11], [11, 28], [12, 81], [12, 70], [14, 77], [14, 41], [15, 113], [17, 71], [18, 49], [19, 9], [20, 12], [21, 45], [22, 86], [22, 94], [24, 98], [25, 4], [28, 78], [29, 64], [29, 110], [32, 61], [33, 109], [34, 59], [36, 47], [37, 91], [38, 29], [40, 46], [41, 50], [42, 3], [43, 62], [45, 56], [46, 72], [47, 20], [48, 63], [49, 22], [52, 53], [53, 104], [54, 40], [57, 66], [58, 21], [59, 80], [62, 38], [63, 91], [64, 76], [65, 15], [66, 89], [68, 114], [69, 34], [70, 84], [71, 48], [71, 37], [72, 7], [74, 75], [75, 52], [76, 92], [77, 65], [78, 106], [80, 99], [81, 112], [82, 88], [83, 31], [84, 19], [86, 87], [87, 69], [88, 18], [89, 6], [91, 14], [92, 93], [93, 102], [93, 32], [96, 24], [97, 36], [98, 57], [101, 116], [102, 103], [103, 26], [103, 33], [106, 43], [107, 17], [109, 101], [110, 58], [112, 96], [113, 83], [113, 97], [114, 2], [116, 117]], "features": {"1": "1", "42": "2", "2": "3", "25": "2", "10": "2", "3": "2", "54": "2", "4": "2", "107": "2", "6": "3", "82": "2", "74": "2", "7": "2", "68": "2", "11": "2", "28": "2", "12": "3", "81": "2", "70": "2", "14": "3", "77": "2", "41": "2", "15": "2", "113": "3", "17": "2", "71": "3", "18": "2", "49": "2", "19": "2", "9": "1", "20": "2", "21": "2", "45": "2", "22": "3", "86": "2", "94": "1", "24": "2", "98": "2", "78": "2", "29": "3", "64": "2", "110": "2", "32": "2", "61": "1", "33": "2", "109": "2", "34": "2", "59": "2", "36": "2", "47": "2", "37": "2", "91": "3", "38": "2", "40": "2", "46": "2", "50": "1", "43": "2", "62": "2", "56": "1", "72": "2", "48": "2", "63": "2", "52": "2", "53": "2", "104": "1", "57": "2", "66": "2", "58": "2", "80": "2", "76": "2", "65": "2", "89": "2", "114": "2", "69": "2", "84": "2", "75": "2", "92": "2", "106": "2", "99": "1", "112": "2", "88": "2", "83": "2", "31": "1", "87": "2", "93": "3", "102": "2", "96": "2", "97": "2", "101": "2", "116": "2", "103": "3", "26": "1", "117": "1"}}