{"edges": [[1, 2], [2, 3], [3, 9], [5, 24], [6, 8], [6, 75], [8, 72], [9, 14], [10, 77], [11, 34], [11, 70], [12, 66], [13, 78], [14, 17], [14, 23], [14, 35], [16, 50], [17, 32], [18, 53], [18, 7], [19, 22], [21, 47], [21, 85], [21, 108], [22, 57], [22, 38], [23, 41], [24, 76], [24, 115], [27, 91], [30, 61], [30, 20], [31, 37], [32, 55], [33, 71], [33, 39], [35, 59], [36, 4], [37, 21], [38, 44], [39, 102], [39, 74], [40, 88], [41, 19], [41, 12], [42, 65], [44, 68], [46, 69], [48, 27], [49, 83], [49, 13], [49, 111], [50, 5], [51, 26], [51, 90], [52, 25], [52, 67], [53, 79], [54, 99], [55, 6], [56, 97], [57, 11], [58, 43], [58, 30], [59, 10], [61, 80], [62, 105], [63, 54], [64, 73], [64, 15], [65, 29], [66, 31], [67, 40], [68, 28], [69, 18], [70, 89], [71, 82], [72, 100], [73, 42], [74, 93], [74, 107], [77, 92], [78, 51], [79, 95], [80, 103], [84, 98], [85, 49], [86, 109], [86, 114], [86, 116], [88, 104], [89, 51], [90, 63], [91, 106], [91, 113], [92, 16], [92, 33], [93, 94], [94, 52], [95, 48], [95, 62], [97, 64], [98, 110], [99, 84], [99, 36], [100, 58], [101, 45], [103, 46], [104, 86], [106, 87], [107, 81], [108, 60], [108, 17], [108, 35], [110, 56], [110, 65], [112, 118], [113, 101], [114, 96], [115, 117], [116, 112]], "features": {"1": "1", "2": "2", "3": "2", "9": "2", "5": "2", "24": "3", "6": "3", "8": "2", "75": "1", "72": "2", "14": "4", "10": "2", "77": "2", "11": "3", "34": "1", "70": "2", "12": "2", "66": "2", "13": "2", "78": "2", "17": "3", "23": "2", "35": "3", "16": "2", "50": "2", "32": "2", "18": "3", "53": "2", "7": "1", "19": "2", "22": "3", "21": "4", "47": "1", "85": "2", "108": "4", "57": "2", "38": "2", "41": "3", "76": "1", "115": "2", "27": "2", "91": "3", "30": "3", "61": "2", "20": "1", "31": "2", "37": "2", "55": "2", "33": "3", "71": "2", "39": "3", "59": "2", "36": "2", "4": "1", "44": "2", "102": "1", "74": "3", "40": "2", "88": "2", "42": "2", "65": "3", "68": "2", "46": "2", "69": "2", "48": "2", "49": "4", "83": "1", "111": "1", "51": "4", "26": "1", "90": "2", "52": "3", "25": "1", "67": "2", "79": "2", "54": "2", "99": "3", "56": "2", "97": "2", "58": "3", "43": "1", "80": "2", "62": "2", "105": "1", "63": "2", "64": "3", "73": "2", "15": "1", "29": "1", "28": "1", "89": "2", "82": "1", "100": "2", "93": "2", "107": "2", "92": "3", "95": "3", "103": "2", "84": "2", "98": "2", "86": "4", "109": "1", "114": "2", "116": "2", "104": "2", "106": "2", "113": "2", "94": "2", "110": "3", "101": "2", "45": "1", "87": "1", "81": "1", "60": "1", "112": "2", "118": "1", "96": "1", "117": "1"}}