{"edges": [[1, 3], [3, 4], [4, 28], [5, 23], [6, 44], [6, 12], [8, 80], [9, 94], [11, 47], [12, 96], [15, 67], [16, 11], [17, 43], [18, 90], [19, 5], [19, 73], [20, 83], [23, 88], [25, 40], [26, 105], [27, 33], [28, 29], [29, 30], [30, 6], [31, 60], [32, 71], [33, 57], [34, 98], [36, 86], [36, 91], [37, 8], [38, 75], [38, 46], [39, 95], [40, 41], [42, 25], [43, 20], [44, 66], [46, 16], [47, 100], [49, 18], [50, 34], [51, 76], [52, 53], [53, 54], [54, 104], [55, 108], [55, 69], [56, 109], [56, 64], [57, 38], [59, 77], [60, 33], [62, 39], [62, 70], [64, 65], [65, 113], [66, 17], [67, 32], [69, 112], [70, 84], [71, 13], [72, 62], [73, 107], [75, 82], [76, 99], [77, 69], [77, 37], [79, 110], [80, 61], [82, 42], [83, 19], [84, 36], [86, 49], [87, 43], [88, 79], [88, 31], [91, 92], [92, 93], [93, 9], [94, 51], [95, 102], [96, 87], [98, 55], [99, 52], [100, 101], [101, 50], [102, 78], [104, 22], [105, 56], [107, 26], [108, 59], [109, 115], [110, 27], [112, 72], [112, 15]], "features": {"1": "1", "3": "2", "4": "2", "28": "2", "5": "2", "23": "2", "6": "3", "44": "2", "12": "2", "8": "2", "80": "2", "9": "2", "94": "2", "11": "2", "47": "2", "96": "2", "15": "2", "67": "2", "16": "2", "17": "2", "43": "3", "18": "2", "90": "1", "19": "3", "73": "2", "20": "2", "83": "2", "88": "3", "25": "2", "40": "2", "26": "2", "105": "2", "27": "2", "33": "3", "29": "2", "30": "2", "31": "2", "60": "2", "32": "2", "71": "2", "57": "2", "34": "2", "98": "2", "36": "3", "86": "2", "91": "2", "37": "2", "38": "3", "75": "2", "46": "2", "39": "2", "95": "2", "41": "1", "42": "2", "66": "2", "100": "2", "49": "2", "50": "2", "51": "2", "76": "2", "52": "2", "53": "2", "54": "2", "104": "2", "55": "3", "108": "2", "69": "3", "56": "3", "109": "2", "64": "2", "59": "2", "77": "3", "62": "3", "70": "2", "65": "2", "113": "1", "112": "3", "84": "2", "13": "1", "72": "2", "107": "2", "82": "2", "99": "2", "79": "2", "110": "2", "61": "1", "87": "2", "92": "2", "93": "2", "102": "2", "101": "2", "78": "1", "22": "1", "115": "1"}}