{"edges": [[1, 2], [1, 3], [1, 4], [1, 5], [2, 6], [2, 4], [2, 5], [3, 7], [3, 8], [3, 9], [4, 10], [4, 11], [4, 12], [5, 13], [5, 14], [5, 15], [8, 7], [8, 9], [9, 16], [9, 17], [10, 4], [11, 4], [12, 3], [12, 2], [12, 5], [13, 18], [13, 14], [14, 3], [14, 15], [15, 19], [15, 3], [15, 20], [16, 21], [17, 22], [17, 22], [19, 23], [20, 24], [20, 25], [20, 26], [20, 27], [21, 41], [21, 25], [21, 26], [21, 27], [25, 28], [26, 24], [26, 25], [26, 27], [26, 40], [28, 29], [28, 30], [29, 31], [29, 32], [30, 33], [30, 34], [30, 35], [31, 34], [31, 32], [32, 35], [32, 33], [32, 36], [33, 38], [35, 37], [35, 39], [36, 38], [38, 34], [38, 35], [39, 37], [39, 34], [40, 26]], "features": {"1": "4", "2": "5", "3": "7", "4": "7", "5": "6", "6": "1", "7": "2", "8": "3", "9": "4", "10": "2", "11": "2", "12": "4", "13": "3", "14": "4", "15": "5", "16": "2", "17": "3", "18": "1", "19": "2", "20": "5", "21": "5", "22": "2", "23": "1", "24": "2", "25": "4", "26": "7", "27": "3", "41": "1", "28": "3", "40": "2", "29": "3", "30": "4", "31": "3", "32": "5", "33": "3", "34": "4", "35": "5", "36": "2", "38": "4", "37": "2", "39": "3"}}