{"edges": [[1, 2], [2, 3], [3, 4], [4, 66], [4, 20], [5, 75], [6, 70], [6, 48], [6, 54], [7, 71], [9, 7], [10, 113], [11, 5], [12, 42], [14, 108], [15, 22], [16, 30], [17, 76], [18, 109], [18, 45], [19, 85], [20, 51], [20, 10], [23, 57], [24, 103], [24, 96], [24, 21], [26, 80], [28, 81], [28, 128], [29, 32], [30, 27], [31, 79], [31, 117], [33, 129], [34, 28], [35, 111], [35, 67], [36, 116], [37, 131], [37, 118], [39, 25], [41, 43], [41, 72], [42, 17], [43, 39], [45, 77], [46, 24], [47, 15], [48, 130], [49, 6], [50, 93], [50, 69], [51, 9], [52, 87], [53, 132], [55, 61], [55, 11], [57, 84], [57, 63], [58, 125], [59, 107], [60, 62], [60, 52], [61, 40], [62, 134], [63, 124], [64, 16], [64, 95], [66, 97], [68, 73], [70, 78], [71, 6], [72, 110], [73, 86], [75, 37], [76, 58], [77, 13], [77, 121], [78, 12], [78, 83], [79, 47], [80, 89], [80, 19], [81, 68], [82, 35], [82, 92], [83, 59], [84, 90], [85, 115], [85, 28], [87, 41], [88, 133], [88, 123], [89, 56], [90, 55], [92, 120], [92, 38], [93, 106], [94, 60], [95, 36], [96, 104], [97, 101], [98, 64], [99, 94], [101, 114], [104, 49], [106, 122], [107, 102], [107, 53], [109, 126], [110, 105], [113, 50], [114, 18], [115, 119], [116, 74], [117, 33], [118, 8], [119, 34], [119, 112], [120, 100], [121, 98], [122, 127], [122, 46], [123, 82], [124, 99], [125, 91], [125, 44], [126, 23], [126, 26], [127, 14], [130, 29], [130, 88], [131, 99], [132, 58], [133, 135], [134, 65], [135, 31]], "features": {"1": "1", "2": "2", "3": "2", "4": "3", "66": "2", "20": "3", "5": "2", "75": "2", "6": "5", "70": "2", "48": "2", "54": "1", "7": "2", "71": "2", "9": "2", "10": "2", "113": "2", "11": "2", "12": "2", "42": "2", "14": "2", "108": "1", "15": "2", "22": "1", "16": "2", "30": "2", "17": "2", "76": "2", "18": "3", "109": "2", "45": "2", "19": "2", "85": "3", "51": "2", "23": "2", "57": "3", "24": "4", "103": "1", "96": "2", "21": "1", "26": "2", "80": "3", "28": "4", "81": "2", "128": "1", "29": "2", "32": "1", "27": "1", "31": "3", "79": "2", "117": "2", "33": "2", "129": "1", "34": "2", "35": "3", "111": "1", "67": "1", "36": "2", "116": "2", "37": "3", "131": "2", "118": "2", "39": "2", "25": "1", "41": "3", "43": "2", "72": "2", "77": "3", "46": "2", "47": "2", "130": "3", "49": "2", "50": "3", "93": "2", "69": "1", "52": "2", "87": "2", "53": "2", "132": "2", "55": "3", "61": "2", "84": "2", "63": "2", "58": "3", "125": "3", "59": "2", "107": "3", "60": "3", "62": "2", "40": "1", "134": "2", "124": "2", "64": "3", "95": "2", "97": "2", "68": "2", "73": "2", "78": "3", "110": "2", "86": "1", "13": "1", "121": "2", "83": "2", "89": "2", "82": "3", "92": "3", "90": "2", "115": "2", "88": "3", "133": "2", "123": "2", "56": "1", "120": "2", "38": "1", "106": "2", "94": "2", "104": "2", "101": "2", "98": "2", "99": "3", "114": "2", "122": "3", "102": "1", "126": "3", "105": "1", "119": "3", "74": "1", "8": "1", "112": "1", "100": "1", "127": "2", "91": "1", "44": "1", "135": "2", "65": "1"}}