{"edges": [[1, 2], [2, 3], [3, 4], [4, 5], [5, 7], [7, 8], [8, 10], [10, 16], [11, 19], [12, 13], [13, 15], [15, 24], [15, 20], [15, 11], [16, 18], [18, 42], [18, 12], [21, 22], [22, 23], [23, 80], [23, 90], [24, 25], [25, 26], [26, 27], [27, 28], [28, 29], [29, 30], [30, 31], [31, 32], [31, 36], [32, 33], [33, 35], [36, 37], [37, 39], [39, 40], [42, 44], [44, 50], [45, 55], [46, 48], [48, 45], [48, 52], [50, 41], [50, 46], [52, 53], [53, 54], [54, 56], [54, 59], [57, 58], [58, 69], [59, 60], [60, 61], [60, 64], [61, 62], [62, 72], [64, 66], [66, 74], [66, 97], [69, 70], [70, 71], [71, 93], [71, 76], [72, 67], [72, 78], [74, 75], [76, 98], [76, 106], [78, 79], [81, 82], [82, 84], [84, 85], [85, 86], [86, 87], [87, 88], [87, 77], [88, 89], [88, 63], [90, 92], [92, 110], [93, 95], [95, 96], [96, 109], [96, 112], [98, 100]], "features": {"1": "1", "2": "2", "3": "2", "4": "2", "5": "2", "7": "2", "8": "2", "10": "2", "16": "2", "11": "2", "19": "1", "12": "2", "13": "2", "15": "4", "24": "2", "20": "1", "18": "3", "42": "2", "21": "1", "22": "2", "23": "3", "80": "1", "90": "2", "25": "2", "26": "2", "27": "2", "28": "2", "29": "2", "30": "2", "31": "3", "32": "2", "36": "2", "33": "2", "35": "1", "37": "2", "39": "2", "40": "1", "44": "2", "50": "3", "45": "2", "55": "1", "46": "2", "48": "3", "52": "2", "41": "1", "53": "2", "54": "3", "56": "1", "59": "2", "57": "1", "58": "2", "69": "2", "60": "3", "61": "2", "64": "2", "62": "2", "72": "3", "66": "3", "74": "2", "97": "1", "70": "2", "71": "3", "93": "2", "76": "3", "67": "1", "78": "2", "75": "1", "98": "2", "106": "1", "79": "1", "81": "1", "82": "2", "84": "2", "85": "2", "86": "2", "87": "3", "88": "3", "77": "1", "89": "1", "63": "1", "92": "2", "110": "1", "95": "2", "96": "3", "109": "1", "112": "1", "100": "1"}}