{"edges": [[1, 9], [7, 14], [7, 20], [9, 16], [9, 28], [14, 3], [14, 9], [16, 24], [16, 33], [20, 14], [21, 30], [24, 30], [24, 47], [28, 21], [28, 16], [30, 47], [33, 24], [33, 30], [38, 62], [41, 69], [45, 41], [47, 45], [47, 69], [51, 85], [51, 79], [55, 66], [58, 51], [61, 55], [62, 61], [62, 66], [66, 58], [66, 78], [69, 62], [69, 38], [73, 51], [73, 79], [75, 81], [78, 73], [79, 75], [81, 90], [81, 92], [85, 79], [86, 98], [86, 94], [90, 86], [92, 86], [94, 103], [94, 113], [98, 94], [99, 113], [103, 99], [103, 113], [106, 121], [109, 112], [109, 106], [112, 106], [113, 109], [116, 123], [121, 116], [123, 125]], "features": {"1": "1", "9": "4", "7": "2", "14": "4", "20": "2", "16": "4", "28": "3", "3": "1", "24": "4", "33": "3", "21": "2", "30": "4", "47": "4", "38": "2", "62": "4", "41": "2", "69": "4", "45": "2", "51": "4", "85": "2", "79": "4", "55": "2", "66": "4", "58": "2", "61": "2", "78": "2", "73": "3", "75": "2", "81": "3", "90": "2", "92": "2", "86": "4", "98": "2", "94": "4", "103": "3", "113": "4", "99": "2", "106": "3", "121": "2", "109": "3", "112": "2", "116": "2", "123": "2", "125": "1"}}