{"edges": [[1, 4], [1, 6], [4, 7], [4, 12], [6, 8], [7, 11], [7, 17], [8, 18], [8, 14], [10, 51], [10, 56], [11, 30], [11, 32], [12, 21], [12, 28], [17, 20], [17, 26], [18, 24], [21, 31], [24, 25], [26, 44], [28, 34], [28, 38], [30, 40], [31, 10], [31, 36], [31, 48], [34, 41], [34, 47], [36, 37], [38, 42], [38, 46], [40, 43], [40, 50], [43, 52], [44, 45], [48, 49], [52, 53], [52, 54], [54, 55]], "features": {"1": "2", "4": "3", "6": "2", "7": "3", "12": "3", "8": "3", "11": "3", "17": "3", "18": "2", "14": "1", "10": "3", "51": "1", "56": "1", "30": "2", "32": "1", "21": "2", "28": "3", "20": "1", "26": "2", "24": "2", "31": "4", "25": "1", "44": "2", "34": "3", "38": "3", "40": "3", "36": "2", "48": "2", "41": "1", "47": "1", "37": "1", "42": "1", "46": "1", "43": "2", "50": "1", "52": "3", "45": "1", "49": "1", "53": "1", "54": "2", "55": "1"}}