{"edges": [[1, 2], [2, 3], [3, 30], [6, 27], [7, 31], [7, 42], [8, 70], [10, 11], [11, 34], [12, 13], [13, 104], [14, 25], [14, 58], [15, 67], [18, 19], [19, 41], [20, 28], [22, 15], [23, 8], [24, 43], [24, 32], [25, 36], [27, 10], [28, 29], [29, 52], [29, 46], [30, 6], [31, 84], [32, 7], [34, 64], [35, 17], [36, 18], [38, 39], [39, 66], [41, 22], [42, 20], [43, 4], [44, 78], [46, 61], [47, 101], [50, 111], [51, 72], [52, 99], [54, 76], [57, 102], [58, 81], [59, 12], [59, 89], [61, 71], [62, 82], [63, 69], [64, 14], [66, 74], [66, 23], [67, 87], [71, 48], [72, 80], [74, 95], [75, 106], [76, 59], [78, 79], [79, 54], [79, 94], [81, 88], [82, 38], [84, 35], [84, 63], [85, 96], [85, 108], [87, 24], [88, 62], [89, 47], [92, 113], [94, 75], [95, 44], [96, 105], [98, 50], [98, 103], [99, 51], [99, 57], [101, 92], [102, 109], [103, 85], [105, 93], [106, 112], [108, 90], [111, 55], [112, 98]], "features": {"1": "1", "2": "2", "3": "2", "30": "2", "6": "2", "27": "2", "7": "3", "31": "2", "42": "2", "8": "2", "70": "1", "10": "2", "11": "2", "34": "2", "12": "2", "13": "2", "104": "1", "14": "3", "25": "2", "58": "2", "15": "2", "67": "2", "18": "2", "19": "2", "41": "2", "20": "2", "28": "2", "22": "2", "23": "2", "24": "3", "43": "2", "32": "2", "36": "2", "29": "3", "52": "2", "46": "2", "84": "3", "64": "2", "35": "2", "17": "1", "38": "2", "39": "2", "66": "3", "4": "1", "44": "2", "78": "2", "61": "2", "47": "2", "101": "2", "50": "2", "111": "2", "51": "2", "72": "2", "99": "3", "54": "2", "76": "2", "57": "2", "102": "2", "81": "2", "59": "3", "89": "2", "71": "2", "62": "2", "82": "2", "63": "2", "69": "1", "74": "2", "87": "2", "48": "1", "80": "1", "95": "2", "75": "2", "106": "2", "79": "3", "94": "2", "88": "2", "85": "3", "96": "2", "108": "2", "92": "2", "113": "1", "105": "2", "98": "3", "103": "2", "109": "1", "93": "1", "112": "2", "90": "1", "55": "1"}}