{"edges": [[3, 4], [4, 5], [5, 6], [6, 7], [7, 8], [8, 9], [9, 900], [9, 901], [9, 10], [11, 12], [12, 13], [13, 14], [14, 15], [15, 16], [16, 17], [17, 18], [18, 1800], [18, 1801], [18, 19], [20, 21], [21, 22], [22, 23], [23, 24], [24, 25], [25, 26], [26, 27], [27, 2700], [27, 2701], [27, 28], [29, 30], [30, 31], [31, 32], [32, 33], [33, 34], [34, 35], [35, 3500], [35, 3501], [35, 26], [37, 38], [38, 39], [39, 40], [40, 41], [41, 42], [42, 43], [43, 44], [44, 4400], [44, 4401], [44, 45], [46, 47], [47, 48], [48, 49], [49, 50], [50, 51], [51, 52], [52, 53], [53, 5300], [53, 5301], [53, 54], [55, 56], [56, 57], [57, 58], [58, 59], [59, 60], [60, 61], [61, 62], [62, 6200], [62, 6201], [62, 63], [64, 65], [65, 66], [66, 67], [67, 68], [68, 69], [69, 70], [70, 71], [71, 7100], [71, 7101], [71, 72], [73, 74], [74, 75], [75, 76], [76, 77], [77, 78], [78, 79], [79, 80], [80, 8000], [80, 8001], [80, 81], [82, 83], [83, 84], [84, 85], [85, 86], [86, 87], [87, 88], [88, 8800], [88, 8801], [88, 89]], "features": {"3": "1", "4": "2", "5": "2", "6": "2", "7": "2", "8": "2", "9": "4", "900": "1", "901": "1", "10": "1", "11": "1", "12": "2", "13": "2", "14": "2", "15": "2", "16": "2", "17": "2", "18": "4", "1800": "1", "1801": "1", "19": "1", "20": "1", "21": "2", "22": "2", "23": "2", "24": "2", "25": "2", "26": "3", "27": "4", "2700": "1", "2701": "1", "28": "1", "29": "1", "30": "2", "31": "2", "32": "2", "33": "2", "34": "2", "35": "4", "3500": "1", "3501": "1", "37": "1", "38": "2", "39": "2", "40": "2", "41": "2", "42": "2", "43": "2", "44": "4", "4400": "1", "4401": "1", "45": "1", "46": "1", "47": "2", "48": "2", "49": "2", "50": "2", "51": "2", "52": "2", "53": "4", "5300": "1", "5301": "1", "54": "1", "55": "1", "56": "2", "57": "2", "58": "2", "59": "2", "60": "2", "61": "2", "62": "4", "6200": "1", "6201": "1", "63": "1", "64": "1", "65": "2", "66": "2", "67": "2", "68": "2", "69": "2", "70": "2", "71": "4", "7100": "1", "7101": "1", "72": "1", "73": "1", "74": "2", "75": "2", "76": "2", "77": "2", "78": "2", "79": "2", "80": "4", "8000": "1", "8001": "1", "81": "1", "82": "1", "83": "2", "84": "2", "85": "2", "86": "2", "87": "2", "88": "4", "8800": "1", "8801": "1", "89": "1"}}