{"edges": [[1, 2], [2, 4], [4, 5], [5, 23], [6, 7], [7, 26], [8, 31], [10, 11], [11, 27], [13, 112], [14, 30], [15, 88], [16, 85], [17, 50], [18, 6], [20, 48], [23, 10], [24, 77], [24, 82], [25, 18], [26, 14], [26, 40], [27, 15], [28, 63], [28, 64], [30, 51], [31, 46], [31, 36], [32, 47], [33, 78], [34, 116], [36, 37], [37, 53], [39, 118], [40, 33], [42, 104], [45, 69], [45, 96], [46, 34], [47, 20], [47, 56], [48, 41], [50, 101], [51, 59], [54, 115], [54, 95], [55, 108], [56, 84], [58, 68], [59, 8], [61, 89], [62, 28], [64, 54], [66, 13], [67, 55], [69, 100], [70, 42], [72, 73], [73, 103], [74, 24], [75, 25], [77, 44], [78, 70], [79, 93], [80, 91], [81, 94], [81, 67], [84, 62], [85, 105], [86, 118], [88, 17], [88, 80], [90, 81], [91, 79], [93, 16], [95, 58], [96, 109], [99, 45], [99, 66], [100, 86], [100, 106], [100, 39], [100, 110], [101, 113], [103, 74], [104, 32], [104, 72], [105, 61], [105, 90], [106, 118], [108, 99], [109, 98], [110, 118], [112, 21], [113, 75]], "features": {"1": "1", "2": "2", "4": "2", "5": "2", "23": "2", "6": "2", "7": "2", "26": "3", "8": "2", "31": "3", "10": "2", "11": "2", "27": "2", "13": "2", "112": "2", "14": "2", "30": "2", "15": "2", "88": "3", "16": "2", "85": "2", "17": "2", "50": "2", "18": "2", "20": "2", "48": "2", "24": "3", "77": "2", "82": "1", "25": "2", "40": "2", "28": "3", "63": "1", "64": "2", "51": "2", "46": "2", "36": "2", "32": "2", "47": "3", "33": "2", "78": "2", "34": "2", "116": "1", "37": "2", "53": "1", "39": "2", "118": "4", "42": "2", "104": "3", "45": "3", "69": "2", "96": "2", "56": "2", "41": "1", "101": "2", "59": "2", "54": "3", "115": "1", "95": "2", "55": "2", "108": "2", "84": "2", "58": "2", "68": "1", "61": "2", "89": "1", "62": "2", "66": "2", "67": "2", "100": "5", "70": "2", "72": "2", "73": "2", "103": "2", "74": "2", "75": "2", "44": "1", "79": "2", "93": "2", "80": "2", "91": "2", "81": "3", "94": "1", "105": "3", "86": "2", "90": "2", "109": "2", "99": "3", "106": "2", "110": "2", "113": "2", "98": "1", "21": "1"}}