{"edges": [[1, 2], [2, 6], [4, 8], [5, 10], [6, 7], [7, 4], [7, 14], [8, 9], [9, 31], [9, 5], [10, 65], [10, 15], [11, 16], [12, 24], [14, 25], [15, 12], [17, 21], [18, 32], [18, 33], [19, 20], [20, 23], [21, 28], [24, 11], [25, 26], [26, 17], [26, 89], [28, 19], [28, 43], [30, 40], [31, 18], [32, 61], [33, 34], [34, 35], [35, 72], [38, 30], [38, 50], [40, 41], [41, 37], [43, 45], [45, 52], [46, 47], [47, 48], [50, 51], [51, 55], [52, 54], [54, 46], [54, 44], [55, 62], [55, 71], [56, 57], [56, 64], [58, 59], [59, 38], [59, 42], [62, 56], [65, 66], [65, 77], [66, 70], [66, 79], [67, 68], [68, 73], [68, 105], [70, 67], [72, 58], [73, 76], [73, 74], [76, 83], [77, 78], [78, 80], [79, 84], [80, 81], [81, 82], [84, 85], [85, 87], [87, 88], [87, 90], [88, 96], [89, 93], [93, 95], [95, 99], [95, 101], [99, 104], [100, 108], [101, 102], [102, 103], [103, 106], [103, 112], [104, 110], [105, 36], [106, 100], [106, 115]], "features": {"1": "1", "2": "2", "6": "2", "4": "2", "8": "2", "5": "2", "10": "3", "7": "3", "14": "2", "9": "3", "31": "2", "65": "3", "15": "2", "11": "2", "16": "1", "12": "2", "24": "2", "25": "2", "17": "2", "21": "2", "18": "3", "32": "2", "33": "2", "19": "2", "20": "2", "23": "1", "28": "3", "26": "3", "89": "2", "43": "2", "30": "2", "40": "2", "61": "1", "34": "2", "35": "2", "72": "2", "38": "3", "50": "2", "41": "2", "37": "1", "45": "2", "52": "2", "46": "2", "47": "2", "48": "1", "51": "2", "55": "3", "54": "3", "44": "1", "62": "2", "71": "1", "56": "3", "57": "1", "64": "1", "58": "2", "59": "3", "42": "1", "66": "3", "77": "2", "70": "2", "79": "2", "67": "2", "68": "3", "73": "3", "105": "2", "76": "2", "74": "1", "83": "1", "78": "2", "80": "2", "84": "2", "81": "2", "82": "1", "85": "2", "87": "3", "88": "2", "90": "1", "96": "1", "93": "2", "95": "3", "99": "2", "101": "2", "104": "2", "100": "2", "108": "1", "102": "2", "103": "3", "106": "3", "112": "1", "110": "1", "36": "1", "115": "1"}}