{"edges": [[1, 2], [2, 3], [3, 40], [4, 23], [6, 80], [7, 70], [8, 60], [9, 95], [11, 35], [12, 43], [13, 30], [14, 7], [17, 62], [18, 92], [19, 59], [20, 71], [22, 46], [23, 16], [23, 84], [25, 68], [26, 116], [27, 6], [27, 96], [28, 107], [30, 69], [31, 27], [33, 97], [35, 8], [37, 74], [39, 87], [40, 4], [42, 82], [43, 44], [44, 45], [45, 18], [46, 53], [47, 89], [48, 94], [50, 11], [51, 28], [53, 14], [54, 55], [55, 13], [55, 106], [56, 57], [57, 66], [59, 111], [60, 54], [61, 86], [62, 37], [62, 41], [64, 65], [65, 33], [66, 34], [69, 115], [70, 31], [71, 12], [71, 47], [74, 113], [75, 48], [76, 77], [77, 114], [78, 19], [78, 90], [80, 81], [81, 61], [81, 99], [83, 25], [83, 101], [84, 50], [86, 20], [89, 42], [90, 108], [91, 75], [92, 51], [92, 102], [94, 83], [95, 89], [95, 104], [96, 56], [97, 36], [97, 26], [99, 100], [100, 9], [101, 76], [102, 39], [104, 91], [106, 22], [107, 17], [107, 64], [108, 110], [110, 103], [111, 52], [114, 78], [115, 72]], "features": {"1": "1", "2": "2", "3": "2", "40": "2", "4": "2", "23": "3", "6": "2", "80": "2", "7": "2", "70": "2", "8": "2", "60": "2", "9": "2", "95": "3", "11": "2", "35": "2", "12": "2", "43": "2", "13": "2", "30": "2", "14": "2", "17": "2", "62": "3", "18": "2", "92": "3", "19": "2", "59": "2", "20": "2", "71": "3", "22": "2", "46": "2", "16": "1", "84": "2", "25": "2", "68": "1", "26": "2", "116": "1", "27": "3", "96": "2", "28": "2", "107": "3", "69": "2", "31": "2", "33": "2", "97": "3", "37": "2", "74": "2", "39": "2", "87": "1", "42": "2", "82": "1", "44": "2", "45": "2", "53": "2", "47": "2", "89": "3", "48": "2", "94": "2", "50": "2", "51": "2", "54": "2", "55": "3", "106": "2", "56": "2", "57": "2", "66": "2", "111": "2", "61": "2", "86": "2", "41": "1", "64": "2", "65": "2", "34": "1", "115": "2", "113": "1", "75": "2", "76": "2", "77": "2", "114": "2", "78": "3", "90": "2", "81": "3", "99": "2", "83": "3", "101": "2", "108": "2", "91": "2", "102": "2", "104": "2", "36": "1", "100": "2", "110": "2", "103": "1", "52": "1", "72": "1"}}