{"edges": [[1, 2], [2, 3], [3, 5], [5, 12], [6, 7], [7, 8], [8, 28], [8, 32], [9, 10], [10, 11], [11, 18], [12, 14], [14, 15], [15, 16], [16, 17], [17, 19], [18, 6], [19, 20], [20, 21], [21, 22], [22, 24], [24, 9], [24, 18], [25, 26], [26, 27], [27, 40], [27, 37], [28, 30], [30, 31], [32, 33], [33, 34], [34, 36], [36, 25], [37, 39], [39, 44], [40, 42], [42, 43], [43, 56], [43, 49], [44, 45], [45, 46], [45, 53], [45, 83], [47, 48], [48, 83], [49, 50], [50, 51], [51, 52], [53, 54], [54, 58], [56, 57], [57, 49], [58, 59], [59, 61], [61, 69], [61, 47], [62, 63], [63, 64], [64, 84], [64, 93], [65, 66], [66, 68], [68, 71], [68, 74], [69, 70], [71, 72], [72, 73], [74, 76], [77, 78], [78, 79], [79, 80], [80, 82], [82, 62], [83, 95], [83, 77], [84, 85], [85, 86], [86, 87], [88, 89], [89, 92], [92, 111], [93, 94], [94, 102], [95, 96], [96, 97], [97, 65], [98, 99], [99, 101], [101, 104], [101, 88], [102, 103], [102, 106], [104, 105], [106, 108], [108, 109], [109, 110], [110, 98], [111, 112], [112, 113]], "features": {"1": "1", "2": "2", "3": "2", "5": "2", "12": "2", "6": "2", "7": "2", "8": "3", "28": "2", "32": "2", "9": "2", "10": "2", "11": "2", "18": "3", "14": "2", "15": "2", "16": "2", "17": "2", "19": "2", "20": "2", "21": "2", "22": "2", "24": "3", "25": "2", "26": "2", "27": "3", "40": "2", "37": "2", "30": "2", "31": "1", "33": "2", "34": "2", "36": "2", "39": "2", "44": "2", "42": "2", "43": "3", "56": "2", "49": "3", "45": "4", "46": "1", "53": "2", "83": "4", "47": "2", "48": "2", "50": "2", "51": "2", "52": "1", "54": "2", "58": "2", "57": "2", "59": "2", "61": "3", "69": "2", "62": "2", "63": "2", "64": "3", "84": "2", "93": "2", "65": "2", "66": "2", "68": "3", "71": "2", "74": "2", "70": "1", "72": "2", "73": "1", "76": "1", "77": "2", "78": "2", "79": "2", "80": "2", "82": "2", "95": "2", "85": "2", "86": "2", "87": "1", "88": "2", "89": "2", "92": "2", "111": "2", "94": "2", "102": "3", "96": "2", "97": "2", "98": "2", "99": "2", "101": "3", "104": "2", "103": "1", "106": "2", "105": "1", "108": "2", "109": "2", "110": "2", "112": "2", "113": "1"}}