{"edges": [[5, 11], [5, 28], [11, 14], [13, 38], [14, 17], [14, 42], [17, 25], [17, 20], [20, 22], [23, 24], [25, 13], [28, 58], [28, 32], [32, 35], [32, 23], [32, 61], [35, 55], [38, 40], [42, 48], [42, 51], [48, 50], [51, 53], [55, 57], [58, 60], [61, 37], [61, 9]], "features": {"5": "2", "11": "2", "28": "3", "14": "3", "13": "2", "38": "2", "17": "3", "42": "3", "25": "2", "20": "2", "22": "1", "23": "2", "24": "1", "58": "2", "32": "4", "35": "2", "61": "3", "55": "2", "40": "1", "48": "2", "51": "2", "50": "1", "53": "1", "57": "1", "60": "1", "37": "1", "9": "1"}}