{"edges": [[1, 2], [2, 3], [3, 4], [4, 5], [5, 6], [6, 7], [7, 10], [7, 33], [9, 71], [10, 27], [11, 41], [11, 26], [12, 69], [14, 36], [15, 25], [17, 96], [18, 50], [19, 43], [19, 28], [23, 88], [25, 30], [26, 15], [27, 14], [28, 68], [33, 9], [34, 23], [36, 49], [39, 51], [41, 18], [42, 52], [43, 28], [43, 17], [47, 54], [49, 19], [50, 31], [51, 61], [52, 22], [56, 37], [58, 59], [59, 98], [61, 79], [61, 65], [62, 44], [63, 12], [64, 82], [64, 87], [65, 67], [67, 112], [68, 34], [68, 39], [70, 102], [71, 107], [72, 63], [74, 45], [75, 76], [76, 80], [79, 58], [76, 64], [77, 95], [77, 70], [79, 62], [80, 81], [81, 100], [81, 91], [82, 47], [84, 85], [85, 104], [85, 101], [87, 46], [88, 93], [89, 113], [91, 109], [92, 20], [93, 56], [93, 51], [95, 89], [96, 97], [97, 11], [98, 38], [98, 74], [100, 110], [101, 92], [102, 108], [104, 105], [105, 72], [107, 75], [108, 84], [109, 77], [110, 55], [112, 42]], "features": {"1": "1", "2": "2", "3": "2", "4": "2", "5": "2", "6": "2", "7": "3", "10": "2", "33": "2", "9": "2", "71": "2", "27": "2", "11": "3", "41": "2", "26": "2", "12": "2", "69": "1", "14": "2", "36": "2", "15": "2", "25": "2", "17": "2", "96": "2", "18": "2", "50": "2", "19": "3", "43": "3", "28": "3", "23": "2", "88": "2", "30": "1", "68": "3", "34": "2", "49": "2", "39": "2", "51": "3", "42": "2", "52": "2", "47": "2", "54": "1", "31": "1", "61": "3", "22": "1", "56": "2", "37": "1", "58": "2", "59": "2", "98": "3", "79": "3", "65": "2", "62": "2", "44": "1", "63": "2", "64": "3", "82": "2", "87": "2", "67": "2", "112": "2", "70": "2", "102": "2", "107": "2", "72": "2", "74": "2", "45": "1", "75": "2", "76": "3", "80": "2", "77": "3", "95": "2", "81": "3", "100": "2", "91": "2", "84": "2", "85": "3", "104": "2", "101": "2", "46": "1", "93": "3", "89": "2", "113": "1", "109": "2", "92": "2", "20": "1", "97": "2", "38": "1", "110": "2", "108": "2", "105": "2", "55": "1"}}