{"edges": [[1, 2], [2, 5], [4, 14], [5, 12], [7, 19], [8, 9], [9, 17], [9, 100], [9, 50], [12, 13], [13, 36], [13, 4], [14, 8], [14, 86], [15, 18], [15, 24], [17, 41], [18, 21], [19, 97], [19, 111], [20, 32], [20, 38], [21, 42], [23, 52], [24, 20], [26, 53], [28, 23], [29, 72], [32, 29], [34, 66], [36, 47], [37, 80], [38, 39], [39, 57], [42, 26], [42, 28], [44, 48], [44, 34], [45, 115], [47, 65], [47, 7], [48, 85], [49, 83], [49, 58], [50, 99], [54, 64], [56, 63], [57, 25], [58, 76], [60, 45], [60, 74], [61, 78], [63, 30], [64, 56], [64, 60], [65, 71], [65, 92], [67, 108], [71, 75], [71, 89], [75, 98], [83, 70], [84, 88], [84, 76], [84, 10], [85, 54], [85, 103], [86, 44], [88, 94], [89, 91], [91, 110], [92, 105], [93, 106], [94, 49], [97, 67], [98, 68], [98, 33], [100, 101], [101, 15], [101, 37], [104, 81], [105, 40], [105, 96], [106, 77], [106, 107], [107, 112], [108, 104], [108, 93], [110, 84], [112, 113], [113, 61]], "features": {"1": "1", "2": "2", "5": "2", "4": "2", "14": "3", "12": "2", "7": "2", "19": "3", "8": "2", "9": "4", "17": "2", "100": "2", "50": "2", "13": "3", "36": "2", "86": "2", "15": "3", "18": "2", "24": "2", "41": "1", "21": "2", "97": "2", "111": "1", "20": "3", "32": "2", "38": "2", "42": "3", "23": "2", "52": "1", "26": "2", "53": "1", "28": "2", "29": "2", "72": "1", "34": "2", "66": "1", "47": "3", "37": "2", "80": "1", "39": "2", "57": "2", "44": "3", "48": "2", "45": "2", "115": "1", "65": "3", "85": "3", "49": "3", "83": "2", "58": "2", "99": "1", "54": "2", "64": "3", "56": "2", "63": "2", "25": "1", "76": "2", "60": "3", "74": "1", "61": "2", "78": "1", "30": "1", "71": "3", "92": "2", "67": "2", "108": "3", "75": "2", "89": "2", "98": "3", "70": "1", "84": "4", "88": "2", "10": "1", "103": "1", "94": "2", "91": "2", "110": "2", "105": "3", "93": "2", "106": "3", "68": "1", "33": "1", "101": "3", "104": "2", "81": "1", "40": "1", "96": "1", "77": "1", "107": "2", "112": "2", "113": "2"}}