{"edges": [[1, 2], [2, 3], [3, 48], [6, 7], [7, 46], [8, 9], [9, 71], [9, 58], [10, 106], [12, 54], [13, 67], [13, 53], [15, 23], [16, 17], [17, 68], [18, 116], [20, 100], [21, 4], [22, 104], [25, 94], [26, 20], [27, 28], [28, 29], [29, 103], [29, 38], [30, 31], [31, 110], [33, 113], [34, 59], [35, 79], [35, 118], [37, 22], [38, 112], [39, 26], [40, 25], [42, 90], [43, 101], [43, 82], [44, 45], [45, 52], [46, 108], [48, 56], [49, 62], [51, 119], [52, 99], [53, 10], [54, 6], [54, 16], [55, 63], [56, 8], [58, 33], [59, 98], [59, 37], [62, 96], [62, 18], [63, 84], [66, 105], [68, 30], [69, 13], [69, 39], [71, 107], [72, 117], [72, 114], [73, 88], [74, 65], [76, 77], [77, 51], [77, 92], [80, 81], [81, 12], [82, 97], [84, 43], [85, 27], [88, 72], [89, 42], [90, 44], [92, 93], [93, 60], [93, 87], [94, 76], [96, 73], [97, 111], [98, 15], [100, 49], [101, 74], [104, 89], [105, 55], [106, 26], [107, 34], [108, 69], [110, 85], [111, 40], [112, 76], [113, 80], [114, 66], [116, 35], [117, 21], [118, 76]], "features": {"1": "1", "2": "2", "3": "2", "48": "2", "6": "2", "7": "2", "46": "2", "8": "2", "9": "3", "71": "2", "58": "2", "10": "2", "106": "2", "12": "2", "54": "3", "13": "3", "67": "1", "53": "2", "15": "2", "23": "1", "16": "2", "17": "2", "68": "2", "18": "2", "116": "2", "20": "2", "100": "2", "21": "2", "4": "1", "22": "2", "104": "2", "25": "2", "94": "2", "26": "3", "27": "2", "28": "2", "29": "3", "103": "1", "38": "2", "30": "2", "31": "2", "110": "2", "33": "2", "113": "2", "34": "2", "59": "3", "35": "3", "79": "1", "118": "2", "37": "2", "112": "2", "39": "2", "40": "2", "42": "2", "90": "2", "43": "3", "101": "2", "82": "2", "44": "2", "45": "2", "52": "2", "108": "2", "56": "2", "49": "2", "62": "3", "51": "2", "119": "1", "99": "1", "55": "2", "63": "2", "98": "2", "96": "2", "84": "2", "66": "2", "105": "2", "69": "3", "107": "2", "72": "3", "117": "2", "114": "2", "73": "2", "88": "2", "74": "2", "65": "1", "76": "4", "77": "3", "92": "2", "80": "2", "81": "2", "97": "2", "85": "2", "89": "2", "93": "3", "60": "1", "87": "1", "111": "2"}}