{"edges": [[1, 2], [2, 4], [4, 5], [5, 15], [5, 17], [6, 91], [6, 57], [7, 48], [7, 16], [8, 9], [9, 26], [9, 32], [10, 6], [10, 64], [12, 13], [13, 36], [13, 0], [14, 0], [14, 66], [15, 97], [15, 20], [17, 101], [17, 8], [18, 19], [19, 25], [19, 35], [20, 21], [21, 7], [22, 23], [23, 63], [24, 0], [25, 36], [26, 12], [26, 36], [26, 18], [26, 50], [28, 29], [29, 44], [30, 31], [31, 6], [31, 40], [32, 33], [35, 49], [36, 37], [37, 52], [38, 39], [39, 45], [39, 78], [40, 41], [41, 10], [41, 56], [42, 74], [42, 47], [44, 80], [44, 70], [46, 76], [46, 94], [46, 43], [47, 88], [48, 68], [48, 11], [49, 35], [50, 60], [50, 0], [52, 53], [53, 28], [53, 0], [54, 65], [54, 14], [54, 0], [58, 59], [59, 92], [60, 67], [60, 0], [61, 38], [62, 24], [62, 84], [63, 42], [63, 46], [63, 82], [65, 85], [65, 0], [67, 32], [68, 22], [70, 71], [71, 90], [72, 73], [73, 83], [76, 77], [77, 30], [78, 86], [80, 81], [81, 54], [82, 95], [82, 75], [83, 0], [85, 71], [86, 87], [87, 34], [87, 55], [87, 72], [88, 30], [90, 61], [91, 58], [92, 93], [93, 62]], "features": {"1": "1", "2": "2", "4": "2", "5": "3", "15": "3", "17": "3", "6": "4", "91": "2", "57": "1", "7": "3", "48": "3", "16": "1", "8": "2", "9": "3", "26": "5", "32": "3", "10": "3", "64": "1", "12": "2", "13": "3", "36": "4", "0": "9", "14": "3", "66": "1", "97": "1", "20": "2", "101": "1", "18": "2", "19": "3", "25": "2", "35": "3", "21": "2", "22": "2", "23": "2", "63": "4", "24": "2", "50": "3", "28": "2", "29": "2", "44": "3", "30": "3", "31": "3", "40": "2", "33": "1", "49": "2", "37": "2", "52": "2", "38": "2", "39": "3", "45": "1", "78": "2", "41": "3", "56": "1", "42": "3", "74": "1", "47": "2", "80": "2", "70": "2", "46": "4", "76": "2", "94": "1", "43": "1", "88": "2", "68": "2", "11": "1", "60": "3", "53": "3", "54": "4", "65": "3", "58": "2", "59": "2", "92": "2", "67": "2", "61": "2", "62": "3", "84": "1", "82": "3", "85": "2", "71": "3", "90": "2", "72": "2", "73": "2", "83": "2", "77": "2", "86": "2", "81": "2", "95": "1", "75": "1", "87": "4", "34": "1", "55": "1", "93": "2"}}