{"edges": [[1, 13], [1, 8], [6, 13], [8, 6], [8, 19], [10, 26], [10, 50], [13, 26], [13, 22], [19, 13], [22, 10], [22, 36], [24, 30], [26, 24], [26, 33], [30, 52], [30, 45], [33, 49], [33, 38], [36, 26], [38, 30], [42, 58], [45, 55], [45, 69], [49, 42], [50, 26], [52, 59], [55, 64], [58, 30], [59, 81], [59, 115], [59, 69], [64, 52], [69, 30], [70, 91], [74, 118], [74, 103], [76, 103], [76, 107], [81, 70], [85, 101], [85, 93], [85, 99], [91, 85], [93, 76], [93, 110], [99, 103], [101, 99], [101, 74], [103, 93], [107, 123], [110, 69], [115, 81], [118, 26], [123, 125]], "features": {"1": "2", "13": "5", "8": "3", "6": "2", "19": "2", "10": "3", "26": "7", "50": "2", "22": "3", "36": "2", "24": "2", "30": "6", "33": "3", "52": "3", "45": "3", "49": "2", "38": "2", "42": "2", "58": "2", "55": "2", "69": "4", "59": "4", "64": "2", "81": "3", "115": "2", "70": "2", "91": "2", "74": "3", "118": "2", "103": "4", "76": "3", "107": "2", "85": "4", "101": "3", "93": "4", "99": "3", "110": "2", "123": "2", "125": "1"}}