{"edges": [[1, 2], [2, 8], [2, 11], [3, 16], [3, 21], [4, 5], [5, 47], [6, 33], [6, 57], [8, 9], [9, 14], [9, 22], [10, 31], [11, 12], [12, 13], [13, 31], [13, 10], [14, 26], [14, 18], [16, 17], [17, 50], [18, 19], [19, 25], [21, 34], [21, 27], [22, 23], [23, 24], [24, 6], [24, 4], [25, 28], [25, 30], [26, 48], [26, 32], [27, 52], [28, 29], [29, 36], [29, 40], [30, 28], [31, 3], [34, 35], [36, 37], [37, 38], [38, 42], [38, 45], [40, 41], [41, 53], [42, 43], [43, 44], [45, 55], [48, 49], [50, 51]], "features": {"1": "1", "2": "3", "8": "2", "11": "2", "3": "3", "16": "2", "21": "3", "4": "2", "5": "2", "47": "1", "6": "3", "33": "1", "57": "1", "9": "3", "14": "3", "22": "2", "10": "2", "31": "3", "12": "2", "13": "3", "26": "3", "18": "2", "17": "2", "50": "2", "19": "2", "25": "3", "34": "2", "27": "2", "23": "2", "24": "3", "28": "3", "30": "2", "48": "2", "32": "1", "52": "1", "29": "3", "36": "2", "40": "2", "35": "1", "37": "2", "38": "3", "42": "2", "45": "2", "41": "2", "53": "1", "43": "2", "44": "1", "55": "1", "49": "1", "51": "1"}}