{"edges": [[1, 2], [2, 7], [2, 19], [2, 26], [5, 62], [5, 9], [7, 29], [9, 74], [10, 57], [10, 69], [12, 107], [14, 92], [19, 98], [19, 52], [19, 37], [21, 114], [22, 12], [22, 33], [25, 46], [25, 28], [26, 71], [27, 61], [28, 49], [29, 34], [29, 47], [34, 72], [34, 110], [37, 88], [37, 60], [38, 16], [38, 89], [40, 4], [40, 79], [41, 50], [41, 13], [43, 106], [43, 56], [45, 20], [45, 65], [46, 113], [46, 93], [47, 5], [47, 40], [48, 83], [49, 97], [49, 116], [50, 22], [52, 76], [52, 38], [53, 102], [53, 24], [54, 45], [55, 73], [56, 103], [56, 86], [57, 48], [58, 35], [58, 53], [60, 68], [61, 109], [63, 112], [65, 80], [68, 21], [68, 27], [69, 115], [69, 66], [71, 81], [72, 41], [72, 101], [73, 84], [73, 94], [74, 17], [74, 82], [76, 95], [76, 55], [77, 100], [79, 30], [81, 77], [81, 99], [82, 90], [82, 8], [83, 118], [83, 14], [86, 117], [88, 54], [93, 87], [97, 75], [98, 10], [99, 25], [100, 108], [101, 43], [102, 36], [104, 99], [106, 111], [108, 58], [108, 104], [113, 63], [113, 67], [116, 32], [118, 42]], "features": {"1": "1", "2": "4", "7": "2", "19": "4", "26": "2", "5": "3", "62": "1", "9": "2", "29": "3", "74": "3", "10": "3", "57": "2", "69": "3", "12": "2", "107": "1", "14": "2", "92": "1", "98": "2", "52": "3", "37": "3", "21": "2", "114": "1", "22": "3", "33": "1", "25": "3", "46": "3", "28": "2", "71": "2", "27": "2", "61": "2", "49": "3", "34": "3", "47": "3", "72": "3", "110": "1", "88": "2", "60": "2", "38": "3", "16": "1", "89": "1", "40": "3", "4": "1", "79": "2", "41": "3", "50": "2", "13": "1", "43": "3", "106": "2", "56": "3", "45": "3", "20": "1", "65": "2", "113": "3", "93": "2", "48": "2", "83": "3", "97": "2", "116": "2", "76": "3", "53": "3", "102": "2", "24": "1", "54": "2", "55": "2", "73": "3", "103": "1", "86": "2", "58": "3", "35": "1", "68": "3", "109": "1", "63": "2", "112": "1", "80": "1", "115": "1", "66": "1", "81": "3", "101": "2", "84": "1", "94": "1", "17": "1", "82": "3", "95": "1", "77": "2", "100": "2", "30": "1", "99": "3", "90": "1", "8": "1", "118": "2", "117": "1", "87": "1", "75": "1", "108": "3", "36": "1", "104": "2", "111": "1", "67": "1", "32": "1", "42": "1"}}