{"edges": [[1, 2], [2, 3], [3, 32], [3, 44], [4, 33], [5, 43], [6, 70], [6, 134], [7, 50], [8, 51], [8, 18], [9, 27], [10, 15], [11, 21], [12, 60], [13, 9], [15, 57], [16, 40], [17, 24], [18, 108], [19, 56], [20, 75], [21, 131], [21, 16], [22, 82], [22, 47], [23, 107], [23, 130], [24, 88], [24, 63], [25, 127], [26, 36], [26, 100], [27, 62], [28, 80], [30, 8], [31, 106], [32, 65], [33, 128], [34, 77], [35, 11], [37, 14], [37, 58], [38, 122], [39, 55], [39, 81], [41, 6], [42, 132], [44, 135], [45, 109], [46, 89], [47, 35], [48, 102], [49, 68], [50, 113], [50, 67], [51, 69], [52, 78], [53, 133], [55, 66], [56, 91], [56, 13], [57, 84], [57, 126], [58, 4], [59, 48], [61, 129], [62, 85], [62, 38], [63, 34], [64, 92], [65, 54], [66, 22], [68, 20], [68, 52], [69, 95], [70, 61], [71, 112], [72, 12], [74, 119], [75, 64], [76, 87], [77, 86], [79, 81], [80, 103], [81, 96], [82, 101], [83, 45], [84, 28], [85, 25], [86, 116], [88, 71], [89, 130], [89, 23], [90, 26], [91, 53], [92, 105], [93, 72], [94, 59], [94, 41], [95, 76], [96, 31], [96, 42], [97, 5], [98, 39], [100, 93], [101, 30], [102, 73], [102, 111], [103, 114], [105, 110], [106, 74], [106, 119], [108, 121], [109, 104], [110, 37], [110, 17], [111, 132], [112, 98], [113, 83], [115, 118], [116, 10], [116, 96], [117, 99], [119, 123], [121, 94], [122, 7], [125, 29], [126, 90], [126, 84], [128, 115], [128, 97], [128, 125], [129, 117], [129, 79], [130, 19], [131, 124], [132, 46], [134, 120], [135, 49]], "features": {"1": "1", "2": "2", "3": "3", "32": "2", "44": "2", "4": "2", "33": "2", "5": "2", "43": "1", "6": "3", "70": "2", "134": "2", "7": "2", "50": "3", "8": "3", "51": "2", "18": "2", "9": "2", "27": "2", "10": "2", "15": "2", "11": "2", "21": "3", "12": "2", "60": "1", "13": "2", "57": "3", "16": "2", "40": "1", "17": "2", "24": "3", "108": "2", "19": "2", "56": "3", "20": "2", "75": "2", "131": "2", "22": "3", "82": "2", "47": "2", "23": "3", "107": "1", "130": "3", "88": "2", "63": "2", "25": "2", "127": "1", "26": "3", "36": "1", "100": "2", "62": "3", "28": "2", "80": "2", "30": "2", "31": "2", "106": "3", "65": "2", "128": "4", "34": "2", "77": "2", "35": "2", "37": "3", "14": "1", "58": "2", "38": "2", "122": "2", "39": "3", "55": "2", "81": "3", "41": "2", "42": "2", "132": "3", "135": "2", "45": "2", "109": "2", "46": "2", "89": "3", "48": "2", "102": "3", "49": "2", "68": "3", "113": "2", "67": "1", "69": "2", "52": "2", "78": "1", "53": "2", "133": "1", "66": "2", "91": "2", "84": "3", "126": "3", "59": "2", "61": "2", "129": "3", "85": "2", "64": "2", "92": "2", "54": "1", "95": "2", "71": "2", "112": "2", "72": "2", "74": "2", "119": "3", "76": "2", "87": "1", "86": "2", "79": "2", "103": "2", "96": "4", "101": "2", "83": "2", "116": "3", "90": "2", "105": "2", "93": "2", "94": "3", "97": "2", "98": "2", "73": "1", "111": "2", "114": "1", "110": "3", "121": "2", "104": "1", "115": "2", "118": "1", "117": "2", "99": "1", "123": "1", "125": "2", "29": "1", "124": "1", "120": "1"}}