{"edges": [[1, 2], [2, 4], [4, 5], [5, 6], [6, 7], [7, 8], [8, 9], [9, 10], [10, 11], [11, 12], [12, 13], [13, 15], [15, 16], [16, 17], [17, 18], [18, 19], [19, 20], [20, 21], [21, 23], [23, 24], [24, 25], [25, 26], [26, 27], [27, 28], [28, 29], [29, 30], [30, 31], [31, 33], [33, 34], [34, 35], [35, 20], [35, 36], [36, 37], [37, 38], [38, 39], [39, 41], [41, 42], [42, 43], [43, 44], [44, 45], [45, 47], [47, 48], [48, 49], [49, 50], [50, 51], [51, 52], [52, 54], [54, 55], [55, 56], [56, 57], [57, 58], [58, 59], [59, 61], [61, 62], [62, 66], [66, 63], [63, 64], [64, 65], [65, 67], [67, 69], [69, 70], [70, 71], [71, 72], [72, 73], [73, 74], [74, 75], [75, 76], [76, 77], [77, 78], [78, 79], [79, 77], [79, 78], [79, 80], [80, 118], [118, 19], [80, 81], [81, 82], [82, 83], [83, 84], [84, 82], [84, 83], [84, 85], [85, 86], [86, 88], [88, 89], [89, 90], [90, 91], [91, 92], [92, 93], [93, 19], [93, 94], [94, 95], [95, 96], [96, 97], [97, 98], [98, 99], [99, 20], [99, 100], [100, 101], [101, 102], [102, 103], [103, 105], [105, 106], [106, 107], [107, 108], [108, 109], [109, 111], [111, 113], [113, 114], [114, 115], [115, 117]], "features": {"1": "1", "2": "2", "4": "2", "5": "2", "6": "2", "7": "2", "8": "2", "9": "2", "10": "2", "11": "2", "12": "2", "13": "2", "15": "2", "16": "2", "17": "2", "18": "2", "19": "4", "20": "4", "21": "2", "23": "2", "24": "2", "25": "2", "26": "2", "27": "2", "28": "2", "29": "2", "30": "2", "31": "2", "33": "2", "34": "2", "35": "3", "36": "2", "37": "2", "38": "2", "39": "2", "41": "2", "42": "2", "43": "2", "44": "2", "45": "2", "47": "2", "48": "2", "49": "2", "50": "2", "51": "2", "52": "2", "54": "2", "55": "2", "56": "2", "57": "2", "58": "2", "59": "2", "61": "2", "62": "2", "66": "2", "63": "2", "64": "2", "65": "2", "67": "2", "69": "2", "70": "2", "71": "2", "72": "2", "73": "2", "74": "2", "75": "2", "76": "2", "77": "3", "78": "3", "79": "4", "80": "3", "118": "2", "81": "2", "82": "3", "83": "3", "84": "4", "85": "2", "86": "2", "88": "2", "89": "2", "90": "2", "91": "2", "92": "2", "93": "3", "94": "2", "95": "2", "96": "2", "97": "2", "98": "2", "99": "3", "100": "2", "101": "2", "102": "2", "103": "2", "105": "2", "106": "2", "107": "2", "108": "2", "109": "2", "111": "2", "113": "2", "114": "2", "115": "2", "117": "1"}}