{"edges": [[1, 2], [2, 8], [7, 19], [8, 16], [9, 38], [10, 40], [12, 34], [15, 24], [16, 43], [16, 28], [18, 10], [18, 21], [19, 37], [21, 7], [21, 27], [23, 41], [24, 9], [24, 50], [26, 33], [27, 31], [28, 44], [28, 46], [31, 23], [32, 12], [34, 4], [38, 49], [41, 24], [41, 15], [43, 18], [44, 26], [46, 53], [46, 54], [49, 32]], "features": {"1": "1", "2": "2", "8": "2", "7": "2", "19": "2", "16": "3", "9": "2", "38": "2", "10": "2", "40": "1", "12": "2", "34": "2", "15": "2", "24": "4", "43": "2", "28": "3", "18": "3", "21": "3", "37": "1", "27": "2", "23": "2", "41": "3", "50": "1", "26": "2", "33": "1", "31": "2", "44": "2", "46": "3", "32": "2", "4": "1", "49": "2", "53": "1", "54": "1"}}