{"edges": [[2, 20], [2, 11], [4, 12], [4, 27], [5, 8], [6, 15], [7, 16], [8, 31], [9, 17], [9, 37], [10, 35], [10, 29], [11, 21], [12, 38], [13, 5], [13, 19], [14, 34], [15, 50], [16, 42], [16, 36], [17, 30], [20, 3], [21, 28], [24, 7], [24, 16], [24, 36], [24, 60], [28, 4], [28, 33], [29, 32], [30, 58], [31, 46], [32, 9], [34, 71], [36, 60], [38, 13], [42, 55], [43, 45], [43, 67], [45, 67], [46, 6], [47, 57], [48, 77], [49, 83], [50, 24], [50, 62], [51, 85], [51, 48], [53, 66], [54, 53], [54, 56], [55, 10], [56, 66], [57, 95], [57, 44], [58, 14], [58, 41], [59, 76], [63, 113], [63, 49], [64, 95], [66, 81], [67, 82], [71, 43], [74, 90], [75, 89], [76, 104], [77, 86], [78, 52], [80, 101], [81, 90], [82, 47], [82, 64], [82, 103], [83, 111], [83, 54], [84, 115], [84, 87], [86, 61], [87, 116], [87, 44], [87, 88], [89, 63], [90, 91], [91, 84], [91, 70], [91, 74], [92, 106], [93, 109], [93, 94], [94, 105], [95, 59], [95, 108], [98, 118], [98, 117], [99, 75], [100, 102], [101, 92], [101, 65], [102, 112], [103, 95], [104, 78], [105, 107], [106, 99], [107, 110], [107, 100], [109, 94], [112, 114], [114, 98], [116, 93], [118, 119], [88, 91]], "features": {"2": "2", "20": "2", "11": "2", "4": "3", "12": "2", "27": "1", "5": "2", "8": "2", "6": "2", "15": "2", "7": "2", "16": "4", "31": "2", "9": "3", "17": "2", "37": "1", "10": "3", "35": "1", "29": "2", "21": "2", "38": "2", "13": "3", "19": "1", "14": "2", "34": "2", "50": "3", "42": "2", "36": "3", "30": "2", "3": "1", "28": "3", "24": "5", "60": "2", "33": "1", "32": "2", "58": "3", "46": "2", "71": "2", "55": "2", "43": "3", "45": "2", "67": "3", "47": "2", "57": "3", "48": "2", "77": "2", "49": "2", "83": "3", "62": "1", "51": "2", "85": "1", "53": "2", "66": "3", "54": "3", "56": "2", "95": "5", "44": "2", "41": "1", "59": "2", "76": "2", "63": "3", "113": "1", "64": "2", "81": "2", "82": "4", "74": "2", "90": "3", "75": "2", "89": "2", "104": "2", "86": "2", "78": "2", "52": "1", "80": "1", "101": "3", "103": "2", "111": "1", "84": "3", "115": "1", "87": "4", "61": "1", "116": "2", "88": "2", "91": "5", "70": "1", "92": "2", "106": "2", "93": "3", "109": "2", "94": "3", "105": "2", "108": "1", "98": "3", "118": "2", "117": "1", "99": "2", "100": "2", "102": "2", "65": "1", "112": "2", "107": "3", "110": "1", "114": "2", "119": "1"}}