{"edges": [[1, 2], [2, 5], [2, 10], [4, 7], [4, 12], [5, 6], [6, 8], [6, 26], [7, 9], [7, 16], [8, 25], [8, 44], [9, 11], [9, 3], [10, 7], [10, 4], [11, 13], [12, 17], [13, 20], [13, 28], [14, 42], [16, 23], [17, 22], [17, 21], [19, 100], [19, 77], [21, 24], [21, 18], [23, 19], [23, 43], [24, 14], [25, 27], [26, 29], [27, 61], [27, 88], [29, 41], [29, 65], [31, 113], [31, 72], [32, 62], [32, 70], [33, 36], [34, 85], [34, 106], [35, 53], [39, 48], [39, 54], [40, 95], [40, 84], [41, 89], [42, 114], [42, 101], [47, 58], [47, 82], [49, 69], [49, 78], [50, 67], [51, 71], [51, 66], [52, 118], [52, 40], [53, 73], [53, 99], [54, 116], [57, 110], [57, 98], [60, 94], [60, 50], [61, 115], [62, 104], [64, 117], [70, 30], [71, 55], [71, 105], [74, 92], [76, 64], [76, 59], [77, 31], [81, 112], [88, 102], [88, 81], [89, 74], [89, 109], [90, 35], [90, 75], [92, 49], [92, 108], [93, 37], [94, 76], [95, 111], [100, 51], [102, 107], [102, 97], [104, 52], [104, 96], [105, 79], [107, 91], [108, 34], [108, 46], [109, 32], [110, 39], [111, 63], [111, 38], [112, 60], [112, 33], [113, 47], [114, 57], [115, 90], [115, 80], [116, 93], [116, 86], [117, 87], [117, 56]], "features": {"1": "1", "2": "3", "5": "2", "10": "3", "4": "3", "7": "4", "12": "2", "6": "3", "8": "3", "26": "2", "9": "3", "16": "2", "25": "2", "44": "1", "11": "2", "3": "1", "13": "3", "17": "3", "20": "1", "28": "1", "14": "2", "42": "3", "23": "3", "22": "1", "21": "3", "19": "3", "100": "2", "77": "2", "24": "2", "18": "1", "43": "1", "27": "3", "29": "3", "61": "2", "88": "3", "41": "2", "65": "1", "31": "3", "113": "2", "72": "1", "32": "3", "62": "2", "70": "2", "33": "2", "36": "1", "34": "3", "85": "1", "106": "1", "35": "2", "53": "3", "39": "3", "48": "1", "54": "2", "40": "3", "95": "2", "84": "1", "89": "3", "114": "2", "101": "1", "47": "3", "58": "1", "82": "1", "49": "3", "69": "1", "78": "1", "50": "2", "67": "1", "51": "3", "71": "3", "66": "1", "52": "3", "118": "1", "73": "1", "99": "1", "116": "3", "57": "3", "110": "2", "98": "1", "60": "3", "94": "2", "115": "3", "104": "3", "64": "2", "117": "3", "30": "1", "55": "1", "105": "2", "74": "2", "92": "3", "76": "3", "59": "1", "81": "2", "112": "3", "102": "3", "109": "2", "90": "3", "75": "1", "108": "3", "93": "2", "37": "1", "111": "3", "107": "2", "97": "1", "96": "1", "79": "1", "91": "1", "46": "1", "63": "1", "38": "1", "80": "1", "86": "1", "87": "1", "56": "1"}}