{"edges": [[8, 15], [9, 16], [10, 12], [11, 26], [12, 11], [12, 20], [13, 26], [14, 10], [14, 9], [15, 24], [15, 17], [16, 30], [17, 12], [18, 31], [19, 27], [20, 23], [21, 18], [21, 29], [22, 21], [23, 13], [23, 25], [24, 14], [25, 26], [26, 30], [28, 19], [29, 28], [30, 22], [31, 19]], "features": {"8": "1", "15": "3", "9": "2", "16": "2", "10": "2", "12": "4", "11": "2", "26": "4", "20": "2", "13": "2", "14": "3", "24": "2", "17": "2", "30": "3", "18": "2", "31": "2", "19": "3", "27": "1", "23": "3", "21": "3", "29": "2", "22": "2", "25": "2", "28": "2"}}