{"edges": [[1, 11], [1, 5], [1, 25], [2, 33], [2, 39], [2, 13], [2, 30], [2, 21], [3, 31], [4, 9], [5, 1], [6, 43], [6, 28], [6, 29], [6, 21], [7, 40], [8, 37], [8, 35], [9, 31], [9, 4], [9, 42], [9, 35], [10, 21], [11, 1], [12, 42], [13, 42], [14, 27], [15, 12], [15, 24], [16, 30], [17, 21], [17, 21], [18, 22], [18, 32], [19, 23], [20, 30], [21, 3], [21, 10], [21, 17], [21, 6], [21, 2], [21, 25], [22, 18], [23, 19], [23, 32], [23, 36], [24, 42], [25, 1], [25, 21], [26, 42], [28, 6], [29, 40], [29, 6], [30, 20], [30, 16], [30, 2], [30, 32], [31, 9], [31, 9], [32, 18], [32, 30], [32, 23], [33, 2], [34, 2], [35, 8], [35, 9], [36, 41], [36, 15], [36, 23], [37, 27], [38, 14], [39, 2], [39, 37], [39, 2], [40, 7], [40, 29], [41, 36], [42, 26], [42, 13], [42, 9], [42, 38], [43, 6]], "features": {"1": "6", "11": "2", "5": "2", "25": "4", "2": "11", "33": "2", "39": "4", "13": "3", "30": "8", "21": "12", "3": "2", "31": "4", "4": "2", "9": "9", "6": "8", "43": "2", "28": "2", "29": "4", "7": "2", "40": "4", "8": "3", "37": "3", "35": "4", "42": "9", "10": "2", "12": "2", "14": "2", "27": "2", "15": "3", "24": "2", "16": "2", "17": "3", "18": "4", "22": "2", "32": "6", "19": "2", "23": "6", "20": "2", "36": "5", "26": "2", "34": "1", "41": "2", "38": "2"}}