{"edges": [[1, 2], [2, 3], [3, 5], [5, 6], [6, 7], [7, 8], [8, 59], [8, 51], [9, 60], [10, 11], [11, 69], [11, 23], [12, 13], [13, 70], [14, 15], [15, 16], [16, 17], [17, 19], [19, 20], [20, 21], [23, 25], [25, 74], [25, 35], [26, 75], [29, 30], [30, 76], [30, 41], [31, 33], [35, 36], [36, 37], [37, 39], [39, 40], [40, 49], [41, 43], [43, 44], [44, 45], [45, 46], [49, 50], [51, 53], [53, 54], [54, 57], [55, 77], [57, 9], [57, 92], [59, 10], [60, 61], [61, 63], [63, 64], [64, 65], [65, 66], [66, 67], [67, 12], [67, 83], [69, 14], [70, 71], [71, 73], [73, 86], [73, 26], [74, 29], [75, 89], [75, 55], [76, 31], [77, 79], [79, 80], [80, 81], [81, 82], [83, 84], [84, 85], [89, 90], [90, 91], [92, 93], [93, 94], [94, 95], [95, 96], [96, 97], [97, 99], [99, 100], [100, 101], [101, 102], [102, 22], [102, 116], [103, 104], [104, 117], [106, 107], [107, 109], [109, 110], [110, 111], [111, 113], [113, 114], [114, 115], [115, 34], [115, 103], [116, 106], [117, 118], [118, 119], [119, 27]], "features": {"1": "1", "2": "2", "3": "2", "5": "2", "6": "2", "7": "2", "8": "3", "59": "2", "51": "2", "9": "2", "60": "2", "10": "2", "11": "3", "69": "2", "23": "2", "12": "2", "13": "2", "70": "2", "14": "2", "15": "2", "16": "2", "17": "2", "19": "2", "20": "2", "21": "1", "25": "3", "74": "2", "35": "2", "26": "2", "75": "3", "29": "2", "30": "3", "76": "2", "41": "2", "31": "2", "33": "1", "36": "2", "37": "2", "39": "2", "40": "2", "49": "2", "43": "2", "44": "2", "45": "2", "46": "1", "50": "1", "53": "2", "54": "2", "57": "3", "55": "2", "77": "2", "92": "2", "61": "2", "63": "2", "64": "2", "65": "2", "66": "2", "67": "3", "83": "2", "71": "2", "73": "3", "86": "1", "89": "2", "79": "2", "80": "2", "81": "2", "82": "1", "84": "2", "85": "1", "90": "2", "91": "1", "93": "2", "94": "2", "95": "2", "96": "2", "97": "2", "99": "2", "100": "2", "101": "2", "102": "3", "22": "1", "116": "2", "103": "2", "104": "2", "117": "2", "106": "2", "107": "2", "109": "2", "110": "2", "111": "2", "113": "2", "114": "2", "115": "3", "34": "1", "118": "2", "119": "2", "27": "1"}}