{"edges": [[1, 2], [2, 3], [3, 4], [3, 7], [4, 17], [4, 24], [6, 36], [7, 51], [7, 14], [8, 87], [9, 115], [10, 115], [11, 13], [13, 21], [13, 55], [14, 58], [15, 39], [16, 115], [17, 35], [19, 95], [20, 33], [20, 63], [21, 57], [22, 65], [22, 69], [23, 115], [24, 49], [24, 62], [25, 115], [26, 27], [27, 115], [28, 96], [32, 22], [32, 108], [35, 11], [35, 52], [36, 37], [37, 82], [37, 84], [38, 75], [39, 29], [39, 98], [40, 115], [41, 53], [42, 115], [43, 110], [43, 23], [44, 45], [45, 97], [45, 25], [46, 48], [46, 112], [48, 115], [49, 32], [50, 115], [51, 113], [51, 85], [52, 61], [52, 70], [53, 12], [53, 93], [54, 44], [54, 94], [56, 19], [56, 38], [57, 64], [57, 28], [58, 41], [58, 20], [60, 115], [61, 104], [62, 15], [62, 66], [63, 56], [64, 115], [65, 76], [66, 114], [66, 72], [68, 73], [70, 71], [71, 60], [71, 67], [72, 115], [73, 105], [73, 42], [75, 92], [75, 106], [76, 79], [76, 10], [77, 107], [79, 115], [80, 46], [82, 83], [84, 115], [85, 54], [86, 8], [86, 6], [87, 9], [87, 89], [89, 115], [90, 91], [91, 68], [91, 30], [91, 81], [92, 102], [92, 50], [93, 77], [93, 101], [95, 115], [96, 31], [96, 26], [97, 111], [98, 103], [99, 115], [101, 115], [102, 115], [103, 115], [104, 115], [105, 115], [106, 115], [107, 40], [107, 78], [108, 109], [109, 115], [111, 16], [111, 80], [113, 43], [113, 86], [114, 99], [114, 90]], "features": {"1": "1", "2": "2", "3": "3", "4": "3", "7": "3", "17": "2", "24": "3", "6": "2", "36": "2", "51": "3", "14": "2", "8": "2", "87": "3", "9": "2", "115": "25", "10": "2", "11": "2", "13": "3", "21": "2", "55": "1", "58": "3", "15": "2", "39": "3", "16": "2", "35": "3", "19": "2", "95": "2", "20": "3", "33": "1", "63": "2", "57": "3", "22": "3", "65": "2", "69": "1", "23": "2", "49": "2", "62": "3", "25": "2", "26": "2", "27": "2", "28": "2", "96": "3", "32": "3", "108": "2", "52": "3", "37": "3", "82": "2", "84": "2", "38": "2", "75": "3", "29": "1", "98": "2", "40": "2", "41": "2", "53": "3", "42": "2", "43": "3", "110": "1", "44": "2", "45": "3", "97": "2", "46": "3", "48": "2", "112": "1", "50": "2", "113": "3", "85": "2", "61": "2", "70": "2", "12": "1", "93": "3", "54": "3", "94": "1", "56": "3", "64": "2", "60": "2", "104": "2", "66": "3", "76": "3", "114": "3", "72": "2", "68": "2", "73": "3", "71": "3", "67": "1", "105": "2", "92": "3", "106": "2", "79": "2", "77": "2", "107": "3", "80": "2", "83": "1", "86": "3", "89": "2", "90": "2", "91": "4", "30": "1", "81": "1", "102": "2", "101": "2", "31": "1", "111": "3", "103": "2", "99": "2", "78": "1", "109": "2"}}