{"edges": [[1, 2], [2, 3], [3, 4], [3, 6], [3, 8], [4, 11], [4, 26], [6, 13], [6, 18], [6, 21], [8, 9], [9, 45], [9, 22], [11, 25], [11, 12], [12, 18], [12, 36], [13, 16], [18, 30], [18, 32], [21, 27], [21, 29], [22, 51], [22, 52], [25, 34], [25, 8], [26, 15], [29, 42], [29, 41], [30, 31], [31, 32], [32, 33], [34, 35], [36, 37], [37, 38], [37, 48], [38, 40], [41, 44], [45, 46], [46, 47], [48, 52], [52, 53]], "features": {"1": "1", "2": "2", "3": "4", "4": "3", "6": "4", "8": "3", "11": "3", "26": "2", "13": "2", "18": "4", "21": "3", "9": "3", "45": "2", "22": "3", "25": "3", "12": "3", "36": "2", "16": "1", "30": "2", "32": "3", "27": "1", "29": "3", "51": "1", "52": "3", "34": "2", "15": "1", "42": "1", "41": "2", "31": "2", "33": "1", "35": "1", "37": "3", "38": "2", "48": "2", "40": "1", "44": "1", "46": "2", "47": "1", "53": "1"}}