{"edges": [[1, 2], [2, 7], [2, 8], [4, 10], [7, 11], [7, 20], [8, 16], [10, 13], [10, 14], [11, 21], [13, 17], [14, 24], [14, 32], [16, 4], [16, 18], [17, 43], [17, 41], [18, 26], [18, 27], [20, 22], [21, 30], [21, 38], [22, 23], [23, 34], [24, 46], [26, 28], [27, 49], [34, 45], [37, 50], [40, 48], [43, 37], [49, 40], [50, 51]], "features": {"1": "1", "2": "3", "7": "3", "8": "2", "4": "2", "10": "3", "11": "2", "20": "2", "16": "3", "13": "2", "14": "3", "21": "3", "17": "3", "24": "2", "32": "1", "18": "3", "43": "2", "41": "1", "26": "2", "27": "2", "22": "2", "30": "1", "38": "1", "23": "2", "34": "2", "46": "1", "28": "1", "49": "2", "45": "1", "37": "2", "50": "2", "40": "2", "48": "1", "51": "1"}}