{"edges": [[1, 3], [3, 48], [3, 5], [5, 6], [6, 9], [6, 34], [9, 10], [10, 12], [12, 13], [13, 15], [15, 22], [15, 16], [16, 20], [16, 17], [17, 18], [18, 19], [20, 21], [21, 41], [22, 23], [23, 24], [23, 29], [24, 26], [26, 27], [27, 28], [28, 42], [29, 30], [30, 31], [31, 32], [32, 25], [34, 35], [35, 36], [36, 37], [37, 38], [37, 51], [37, 44], [38, 40], [44, 45], [45, 46], [48, 49], [49, 50], [51, 53], [53, 47]], "features": {"1": "1", "3": "3", "48": "2", "5": "2", "6": "3", "9": "2", "34": "2", "10": "2", "12": "2", "13": "2", "15": "3", "22": "2", "16": "3", "20": "2", "17": "2", "18": "2", "19": "1", "21": "2", "41": "1", "23": "3", "24": "2", "29": "2", "26": "2", "27": "2", "28": "2", "42": "1", "30": "2", "31": "2", "32": "2", "25": "1", "35": "2", "36": "2", "37": "4", "38": "2", "51": "2", "44": "2", "40": "1", "45": "2", "46": "1", "49": "2", "50": "1", "53": "2", "47": "1"}}