{"edges": [[1, 2], [2, 3], [3, 4], [3, 7], [4, 6], [6, 15], [6, 10], [7, 8], [8, 9], [9, 48], [9, 13], [10, 11], [11, 12], [12, 56], [12, 64], [13, 14], [14, 18], [15, 16], [16, 17], [17, 23], [17, 21], [18, 52], [21, 22], [22, 38], [22, 26], [23, 25], [25, 27], [25, 33], [26, 30], [26, 58], [27, 28], [28, 29], [29, 42], [29, 35], [30, 32], [32, 47], [32, 61], [33, 34], [35, 36], [36, 37], [37, 43], [37, 92], [38, 39], [39, 40], [40, 45], [40, 91], [40, 97], [43, 44], [47, 76], [47, 62], [48, 49], [49, 51], [51, 105], [51, 110], [52, 53], [52, 71], [53, 54], [54, 70], [54, 104], [56, 65], [56, 124], [58, 59], [59, 60], [61, 79], [61, 86], [62, 77], [65, 66], [66, 67], [67, 68], [69, 94], [69, 84], [70, 93], [70, 101], [71, 73], [73, 74], [74, 109], [74, 114], [76, 78], [76, 75], [77, 81], [77, 82], [78, 69], [79, 80], [83, 89], [84, 85], [86, 87], [94, 96], [94, 99], [97, 98], [99, 100], [101, 102], [105, 107], [107, 108], [108, 112], [108, 115], [110, 111], [111, 118], [111, 120], [112, 113], [115, 116], [116, 117], [118, 90], [118, 122], [120, 121], [122, 123], [123, 83], [124, 125]], "features": {"1": "1", "2": "2", "3": "3", "4": "2", "7": "2", "6": "3", "15": "2", "10": "2", "8": "2", "9": "3", "48": "2", "13": "2", "11": "2", "12": "3", "56": "3", "64": "1", "14": "2", "18": "2", "16": "2", "17": "3", "23": "2", "21": "2", "52": "3", "22": "3", "38": "2", "26": "3", "25": "3", "27": "2", "33": "2", "30": "2", "58": "2", "28": "2", "29": "3", "42": "1", "35": "2", "32": "3", "47": "3", "61": "3", "34": "1", "36": "2", "37": "3", "43": "2", "92": "1", "39": "2", "40": "4", "45": "1", "91": "1", "97": "2", "44": "1", "76": "3", "62": "2", "49": "2", "51": "3", "105": "2", "110": "2", "53": "2", "71": "2", "54": "3", "70": "3", "104": "1", "65": "2", "124": "2", "59": "2", "60": "1", "79": "2", "86": "2", "77": "3", "66": "2", "67": "2", "68": "1", "69": "3", "94": "3", "84": "2", "93": "1", "101": "2", "73": "2", "74": "3", "109": "1", "114": "1", "78": "2", "75": "1", "81": "1", "82": "1", "80": "1", "83": "2", "89": "1", "85": "1", "87": "1", "96": "1", "99": "2", "98": "1", "100": "1", "102": "1", "107": "2", "108": "3", "112": "2", "115": "2", "111": "3", "118": "3", "120": "2", "113": "1", "116": "2", "117": "1", "90": "1", "122": "2", "121": "1", "123": "2", "125": "1"}}