{"edges": [[1, 2], [2, 3], [3, 4], [3, 9], [3, 12], [4, 6], [5, 61], [6, 8], [8, 14], [9, 10], [10, 11], [11, 18], [12, 13], [13, 26], [14, 15], [14, 67], [15, 17], [17, 30], [17, 33], [18, 40], [18, 20], [20, 21], [21, 22], [22, 23], [23, 24], [24, 25], [25, 31], [25, 42], [26, 27], [27, 28], [27, 5], [28, 29], [29, 69], [29, 81], [30, 32], [31, 52], [32, 70], [32, 72], [33, 34], [34, 35], [34, 37], [35, 36], [36, 79], [37, 38], [38, 39], [39, 51], [40, 41], [41, 55], [42, 43], [43, 44], [48, 49], [49, 128], [52, 47], [52, 48], [55, 56], [56, 57], [57, 60], [58, 123], [60, 88], [60, 84], [61, 92], [63, 64], [67, 68], [68, 102], [70, 71], [72, 73], [73, 74], [73, 76], [74, 75], [76, 77], [78, 120], [79, 80], [79, 83], [80, 82], [81, 63], [83, 78], [84, 86], [85, 99], [86, 87], [87, 119], [88, 89], [89, 90], [90, 91], [92, 94], [93, 106], [94, 98], [96, 97], [97, 115], [97, 129], [98, 85], [98, 101], [99, 100], [101, 85], [102, 103], [103, 93], [103, 105], [106, 107], [107, 108], [108, 58], [111, 112], [114, 116], [119, 96], [120, 121], [120, 122], [122, 125], [123, 132], [128, 126], [129, 131], [131, 111], [131, 114], [132, 133]], "features": {"1": "1", "2": "2", "3": "4", "4": "2", "9": "2", "12": "2", "6": "2", "5": "2", "61": "2", "8": "2", "14": "3", "10": "2", "11": "2", "18": "3", "13": "2", "26": "2", "15": "2", "67": "2", "17": "3", "30": "2", "33": "2", "40": "2", "20": "2", "21": "2", "22": "2", "23": "2", "24": "2", "25": "3", "31": "2", "42": "2", "27": "3", "28": "2", "29": "3", "69": "1", "81": "2", "32": "3", "52": "3", "70": "2", "72": "2", "34": "3", "35": "2", "37": "2", "36": "2", "79": "3", "38": "2", "39": "2", "51": "1", "41": "2", "55": "2", "43": "2", "44": "1", "48": "2", "49": "2", "128": "2", "47": "1", "56": "2", "57": "2", "60": "3", "58": "2", "123": "2", "88": "2", "84": "2", "92": "2", "63": "2", "64": "1", "68": "2", "102": "2", "71": "1", "73": "3", "74": "2", "76": "2", "75": "1", "77": "1", "78": "2", "120": "3", "80": "2", "83": "2", "82": "1", "86": "2", "85": "3", "99": "2", "87": "2", "119": "2", "89": "2", "90": "2", "91": "1", "94": "2", "93": "2", "106": "2", "98": "3", "96": "2", "97": "3", "115": "1", "129": "2", "101": "2", "100": "1", "103": "3", "105": "1", "107": "2", "108": "2", "111": "2", "112": "1", "114": "2", "116": "1", "121": "1", "122": "2", "125": "1", "132": "2", "126": "1", "131": "3", "133": "1"}}