{"edges": [[2, 3], [3, 4], [3, 6], [4, 7], [4, 8], [4, 9], [6, 12], [6, 14], [7, 16], [7, 17], [8, 10], [9, 20], [9, 22], [10, 24], [10, 25], [12, 13], [13, 28], [13, 29], [14, 15], [15, 31], [15, 33], [16, 34], [16, 78], [17, 18], [18, 19], [19, 36], [19, 40], [20, 21], [21, 26], [22, 42], [22, 43], [24, 26], [25, 46], [25, 50], [26, 27], [27, 91], [27, 94], [28, 49], [29, 30], [30, 100], [30, 102], [31, 32], [32, 55], [32, 56], [33, 64], [33, 66], [34, 35], [35, 10], [36, 37], [37, 38], [38, 82], [38, 84], [42, 6], [43, 88], [43, 89], [44, 45], [45, 64], [47, 48], [48, 54], [48, 114], [49, 52], [49, 53], [49, 74], [50, 96], [50, 98], [52, 53], [52, 47], [52, 44], [53, 52], [53, 47], [53, 44], [55, 57], [55, 58], [56, 60], [56, 62], [60, 61], [61, 68], [61, 70], [64, 65], [65, 72], [65, 74], [68, 76], [68, 75], [70, 71], [71, 104], [72, 73], [73, 81], [73, 106], [78, 79], [78, 80], [80, 29], [84, 86], [86, 83], [86, 87], [87, 107], [87, 108], [88, 90], [88, 93], [89, 29], [94, 95], [96, 38], [100, 101], [101, 103], [101, 105], [103, 104], [105, 18], [107, 110], [107, 111], [107, 112]], "features": {"2": "1", "3": "3", "4": "4", "6": "4", "7": "3", "8": "2", "9": "3", "12": "2", "14": "2", "16": "3", "17": "2", "10": "4", "20": "2", "22": "3", "24": "2", "25": "3", "13": "3", "28": "2", "29": "4", "15": "3", "31": "2", "33": "3", "34": "2", "78": "3", "18": "3", "19": "3", "36": "2", "40": "1", "21": "2", "26": "3", "42": "2", "43": "3", "46": "1", "50": "3", "27": "3", "91": "1", "94": "2", "49": "4", "30": "3", "100": "2", "102": "1", "32": "3", "55": "3", "56": "3", "64": "3", "66": "1", "35": "2", "37": "2", "38": "4", "82": "1", "84": "2", "88": "3", "89": "2", "44": "3", "45": "2", "47": "3", "48": "3", "54": "1", "114": "1", "52": "5", "53": "5", "74": "2", "96": "2", "98": "1", "57": "1", "58": "1", "60": "2", "62": "1", "61": "3", "68": "3", "70": "2", "65": "3", "72": "2", "76": "1", "75": "1", "71": "2", "104": "2", "73": "3", "81": "1", "106": "1", "79": "1", "80": "2", "86": "3", "83": "1", "87": "3", "107": "4", "108": "1", "90": "1", "93": "1", "95": "1", "101": "3", "103": "2", "105": "2", "110": "1", "111": "1", "112": "1"}}