{"edges": [[1, 2], [2, 3], [3, 4], [4, 5], [5, 6], [6, 7], [7, 8], [8, 9], [9, 10], [10, 11], [11, 12], [12, 13], [12, 18], [13, 14], [14, 15], [15, 16], [16, 17], [17, 8], [18, 19], [19, 20], [20, 21], [21, 22], [21, 28], [22, 23], [23, 24], [24, 25], [25, 26], [26, 27], [27, 36], [27, 43], [28, 29], [29, 30], [30, 31], [31, 32], [32, 33], [32, 38], [32, 50], [33, 34], [34, 35], [35, 38], [35, 50], [36, 37], [37, 24], [38, 39], [39, 40], [40, 41], [41, 42], [42, 62], [42, 64], [43, 44], [44, 45], [45, 46], [46, 47], [47, 48], [48, 49], [49, 56], [50, 51], [51, 52], [52, 53], [53, 54], [54, 55], [55, 44], [56, 57], [57, 58], [58, 59], [59, 60], [60, 61], [61, 67], [61, 98], [62, 63], [63, 50], [64, 65], [65, 66], [66, 84], [66, 93], [66, 98], [67, 68], [68, 69], [69, 70], [70, 71], [71, 72], [72, 73], [73, 74], [74, 75], [75, 76], [76, 77], [77, 78], [78, 79], [79, 80], [80, 81], [81, 82], [82, 83], [83, 103], [84, 85], [85, 86], [86, 87], [87, 88], [88, 89], [89, 90], [90, 91], [91, 92], [92, 64], [93, 94], [94, 95], [95, 96], [96, 97], [97, 44], [97, 98], [98, 99], [99, 100], [100, 101], [101, 102], [102, 44], [103, 104], [104, 105], [105, 106], [106, 107], [107, 108], [108, 109], [109, 110]], "features": {"1": "1", "2": "2", "3": "2", "4": "2", "5": "2", "6": "2", "7": "2", "8": "3", "9": "2", "10": "2", "11": "2", "12": "3", "13": "2", "18": "2", "14": "2", "15": "2", "16": "2", "17": "2", "19": "2", "20": "2", "21": "3", "22": "2", "28": "2", "23": "2", "24": "3", "25": "2", "26": "2", "27": "3", "36": "2", "43": "2", "29": "2", "30": "2", "31": "2", "32": "4", "33": "2", "38": "3", "50": "4", "34": "2", "35": "3", "37": "2", "39": "2", "40": "2", "41": "2", "42": "3", "62": "2", "64": "3", "44": "5", "45": "2", "46": "2", "47": "2", "48": "2", "49": "2", "56": "2", "51": "2", "52": "2", "53": "2", "54": "2", "55": "2", "57": "2", "58": "2", "59": "2", "60": "2", "61": "3", "67": "2", "98": "4", "63": "2", "65": "2", "66": "4", "84": "2", "93": "2", "68": "2", "69": "2", "70": "2", "71": "2", "72": "2", "73": "2", "74": "2", "75": "2", "76": "2", "77": "2", "78": "2", "79": "2", "80": "2", "81": "2", "82": "2", "83": "2", "103": "2", "85": "2", "86": "2", "87": "2", "88": "2", "89": "2", "90": "2", "91": "2", "92": "2", "94": "2", "95": "2", "96": "2", "97": "3", "99": "2", "100": "2", "101": "2", "102": "2", "104": "2", "105": "2", "106": "2", "107": "2", "108": "2", "109": "2", "110": "1"}}