{"edges": [[1, 2], [2, 9], [2, 12], [2, 16], [3, 33], [5, 11], [5, 19], [6, 62], [8, 73], [9, 15], [10, 38], [11, 23], [12, 21], [13, 94], [14, 27], [15, 18], [16, 22], [17, 32], [18, 24], [18, 34], [19, 28], [21, 26], [22, 31], [23, 36], [23, 42], [24, 58], [26, 30], [26, 37], [27, 56], [28, 43], [28, 47], [29, 83], [30, 45], [31, 51], [31, 57], [32, 52], [33, 50], [35, 49], [36, 40], [36, 46], [37, 41], [38, 54], [38, 117], [39, 93], [39, 96], [41, 66], [41, 77], [43, 64], [44, 53], [44, 59], [45, 60], [46, 70], [47, 55], [49, 8], [49, 14], [50, 6], [50, 44], [51, 63], [52, 67], [52, 76], [54, 102], [54, 104], [55, 65], [56, 75], [56, 86], [57, 74], [58, 69], [60, 71], [60, 3], [61, 48], [61, 35], [62, 89], [63, 78], [63, 85], [65, 82], [65, 87], [66, 80], [67, 72], [68, 61], [69, 5], [72, 110], [72, 118], [73, 84], [73, 98], [74, 81], [74, 10], [75, 92], [76, 97], [77, 68], [80, 103], [80, 13], [82, 95], [84, 90], [85, 17], [86, 101], [87, 100], [89, 99], [90, 105], [93, 106], [96, 112], [97, 113], [98, 111], [100, 108], [101, 114], [102, 20], [103, 4], [106, 109], [108, 39], [112, 116], [114, 115], [117, 29], [117, 88]], "features": {"1": "1", "2": "4", "9": "2", "12": "2", "16": "2", "3": "2", "33": "2", "5": "3", "11": "2", "19": "2", "6": "2", "62": "2", "8": "2", "73": "3", "15": "2", "10": "2", "38": "3", "23": "3", "21": "2", "13": "2", "94": "1", "14": "2", "27": "2", "18": "3", "22": "2", "17": "2", "32": "2", "24": "2", "34": "1", "28": "3", "26": "3", "31": "3", "36": "3", "42": "1", "58": "2", "30": "2", "37": "2", "56": "3", "43": "2", "47": "2", "29": "2", "83": "1", "45": "2", "51": "2", "57": "2", "52": "3", "50": "3", "35": "2", "49": "3", "40": "1", "46": "2", "41": "3", "54": "3", "117": "3", "39": "3", "93": "2", "96": "2", "66": "2", "77": "2", "64": "1", "44": "3", "53": "1", "59": "1", "60": "3", "70": "1", "55": "2", "63": "3", "67": "2", "76": "2", "102": "2", "104": "1", "65": "3", "75": "2", "86": "2", "74": "3", "69": "2", "71": "1", "61": "3", "48": "1", "89": "2", "78": "1", "85": "2", "82": "2", "87": "2", "80": "3", "72": "3", "68": "2", "110": "1", "118": "1", "84": "2", "98": "2", "81": "1", "92": "1", "97": "2", "103": "2", "95": "1", "90": "2", "101": "2", "100": "2", "99": "1", "105": "1", "106": "2", "112": "2", "113": "1", "111": "1", "108": "2", "114": "2", "20": "1", "4": "1", "109": "1", "116": "1", "115": "1", "88": "1"}}