{"edges": [[1, 2], [2, 3], [3, 4], [4, 5], [5, 6], [6, 17], [7, 8], [8, 9], [9, 10], [10, 11], [11, 22], [13, 12], [14, 13], [15, 14], [16, 15], [17, 18], [17, 28], [18, 7], [19, 20], [20, 21], [21, 32], [22, 33], [23, 34], [24, 23], [25, 24], [26, 25], [26, 27], [27, 16], [28, 39], [30, 19], [30, 41], [31, 30], [32, 43], [33, 44], [34, 45], [36, 35], [37, 26], [38, 37], [39, 38], [39, 50], [40, 29], [41, 52], [42, 31], [45, 46], [46, 57], [47, 36], [48, 49], [50, 51], [51, 40], [52, 63], [53, 42], [54, 53], [56, 67], [57, 56], [58, 47], [59, 48], [60, 59], [61, 60], [62, 61], [63, 62], [64, 65], [65, 54], [66, 55], [67, 68], [68, 69], [69, 58], [69, 70], [70, 71], [71, 72], [72, 73], [73, 74], [74, 75], [75, 64], [75, 76], [76, 77], [77, 66]], "features": {"1": "1", "2": "2", "3": "2", "4": "2", "5": "2", "6": "2", "17": "3", "7": "2", "8": "2", "9": "2", "10": "2", "11": "2", "22": "2", "13": "2", "12": "1", "14": "2", "15": "2", "16": "2", "18": "2", "28": "2", "19": "2", "20": "2", "21": "2", "32": "2", "33": "2", "23": "2", "34": "2", "24": "2", "25": "2", "26": "3", "27": "2", "39": "3", "30": "3", "41": "2", "31": "2", "43": "1", "44": "1", "45": "2", "36": "2", "35": "1", "37": "2", "38": "2", "50": "2", "40": "2", "29": "1", "52": "2", "42": "2", "46": "2", "57": "2", "47": "2", "48": "2", "49": "1", "51": "2", "63": "2", "53": "2", "54": "2", "56": "2", "67": "2", "58": "2", "59": "2", "60": "2", "61": "2", "62": "2", "64": "2", "65": "2", "66": "2", "55": "1", "68": "2", "69": "3", "70": "2", "71": "2", "72": "2", "73": "2", "74": "2", "75": "3", "76": "2", "77": "2"}}