{"edges": [[1, 2], [2, 3], [3, 20], [3, 8], [4, 5], [5, 40], [5, 25], [7, 30], [8, 24], [10, 4], [13, 22], [14, 7], [14, 26], [15, 16], [16, 10], [16, 13], [18, 45], [18, 35], [19, 14], [20, 21], [21, 18], [22, 23], [23, 36], [23, 32], [24, 15], [24, 19], [25, 47], [26, 27], [27, 29], [32, 34], [34, 38], [35, 48], [36, 37], [38, 39], [39, 43], [48, 49], [49, 50]], "features": {"1": "1", "2": "2", "3": "3", "20": "2", "8": "2", "4": "2", "5": "3", "40": "1", "25": "2", "7": "2", "30": "1", "24": "3", "10": "2", "13": "2", "22": "2", "14": "3", "26": "2", "15": "2", "16": "3", "18": "3", "45": "1", "35": "2", "19": "2", "21": "2", "23": "3", "36": "2", "32": "2", "47": "1", "27": "2", "29": "1", "34": "2", "38": "2", "48": "2", "37": "1", "39": "2", "43": "1", "49": "2", "50": "1"}}