{"edges": [[1, 2], [2, 3], [3, 70], [6, 7], [7, 73], [10, 29], [11, 22], [11, 26], [12, 13], [13, 71], [14, 15], [15, 28], [16, 92], [16, 67], [18, 50], [19, 38], [20, 21], [21, 33], [21, 8], [22, 23], [23, 72], [24, 5], [25, 40], [28, 78], [29, 42], [29, 80], [30, 31], [33, 76], [34, 83], [35, 4], [36, 97], [38, 39], [39, 98], [42, 43], [43, 94], [44, 91], [45, 77], [46, 36], [47, 52], [49, 53], [50, 51], [51, 44], [51, 35], [52, 89], [53, 16], [53, 68], [54, 56], [56, 20], [57, 90], [58, 25], [59, 81], [59, 18], [60, 61], [61, 49], [62, 63], [63, 84], [64, 58], [66, 88], [68, 69], [68, 10], [70, 46], [71, 47], [72, 64], [73, 19], [76, 37], [77, 11], [78, 79], [79, 1], [80, 74], [81, 66], [83, 57], [84, 85], [85, 45], [86, 12], [87, 14], [88, 34], [89, 30], [90, 96], [91, 6], [92, 86], [94, 95], [95, 24], [96, 60], [96, 87], [97, 59], [98, 99], [99, 62], [99, 54]], "features": {"1": "2", "2": "2", "3": "2", "70": "2", "6": "2", "7": "2", "73": "2", "10": "2", "29": "3", "11": "3", "22": "2", "26": "1", "12": "2", "13": "2", "71": "2", "14": "2", "15": "2", "28": "2", "16": "3", "92": "2", "67": "1", "18": "2", "50": "2", "19": "2", "38": "2", "20": "2", "21": "3", "33": "2", "8": "1", "23": "2", "72": "2", "24": "2", "5": "1", "25": "2", "40": "1", "78": "2", "42": "2", "80": "2", "30": "2", "31": "1", "76": "2", "34": "2", "83": "2", "35": "2", "4": "1", "36": "2", "97": "2", "39": "2", "98": "2", "43": "2", "94": "2", "44": "2", "91": "2", "45": "2", "77": "2", "46": "2", "47": "2", "52": "2", "49": "2", "53": "3", "51": "3", "89": "2", "68": "3", "54": "2", "56": "2", "57": "2", "90": "2", "58": "2", "59": "3", "81": "2", "60": "2", "61": "2", "62": "2", "63": "2", "84": "2", "64": "2", "66": "2", "88": "2", "69": "1", "37": "1", "79": "2", "74": "1", "85": "2", "86": "2", "87": "2", "96": "3", "95": "2", "99": "3"}}