{"edges": [[1, 3], [3, 4], [4, 82], [5, 83], [8, 95], [8, 99], [9, 32], [10, 19], [11, 54], [11, 17], [14, 15], [15, 6], [15, 86], [15, 89], [16, 24], [16, 35], [17, 59], [19, 33], [20, 63], [21, 84], [21, 29], [22, 8], [24, 88], [25, 38], [25, 41], [27, 105], [29, 10], [32, 16], [33, 111], [33, 50], [35, 104], [36, 51], [37, 67], [37, 69], [38, 76], [40, 53], [41, 42], [42, 43], [43, 87], [45, 65], [47, 62], [48, 72], [49, 107], [49, 55], [50, 108], [51, 30], [51, 48], [54, 100], [55, 60], [56, 40], [58, 78], [59, 21], [60, 79], [62, 73], [63, 37], [65, 28], [66, 54], [67, 102], [68, 27], [68, 81], [69, 47], [70, 93], [72, 49], [73, 58], [75, 13], [76, 51], [78, 45], [78, 98], [79, 70], [79, 20], [81, 110], [82, 5], [83, 11], [84, 14], [86, 56], [87, 109], [88, 96], [89, 90], [90, 91], [91, 66], [92, 22], [92, 103], [96, 25], [98, 29], [99, 68], [100, 9], [103, 44], [104, 75], [104, 36], [108, 92], [109, 74]], "features": {"1": "1", "3": "2", "4": "2", "82": "2", "5": "2", "83": "2", "8": "3", "95": "1", "99": "2", "9": "2", "32": "2", "10": "2", "19": "2", "11": "3", "54": "3", "17": "2", "14": "2", "15": "4", "6": "1", "86": "2", "89": "2", "16": "3", "24": "2", "35": "2", "59": "2", "33": "3", "20": "2", "63": "2", "21": "3", "84": "2", "29": "3", "22": "2", "88": "2", "25": "3", "38": "2", "41": "2", "27": "2", "105": "1", "111": "1", "50": "2", "104": "3", "36": "2", "51": "4", "37": "3", "67": "2", "69": "2", "76": "2", "40": "2", "53": "1", "42": "2", "43": "2", "87": "2", "45": "2", "65": "2", "47": "2", "62": "2", "48": "2", "72": "2", "49": "3", "107": "1", "55": "2", "108": "2", "30": "1", "100": "2", "60": "2", "56": "2", "58": "2", "78": "3", "79": "3", "73": "2", "28": "1", "66": "2", "102": "1", "68": "3", "81": "2", "70": "2", "93": "1", "75": "2", "13": "1", "98": "2", "110": "1", "109": "2", "96": "2", "90": "2", "91": "2", "92": "3", "103": "2", "44": "1", "74": "1"}}