{"edges": [[1, 2], [2, 5], [4, 23], [4, 15], [5, 80], [5, 9], [6, 10], [6, 29], [8, 68], [9, 11], [10, 33], [10, 18], [11, 6], [12, 14], [14, 20], [14, 34], [15, 16], [16, 19], [18, 62], [19, 54], [19, 24], [19, 46], [20, 28], [22, 30], [23, 32], [24, 22], [26, 22], [28, 89], [29, 4], [29, 12], [30, 25], [30, 39], [32, 90], [32, 26], [33, 40], [34, 35], [35, 84], [35, 65], [37, 44], [40, 74], [40, 98], [44, 106], [44, 56], [45, 53], [46, 70], [48, 72], [48, 105], [49, 58], [50, 71], [54, 55], [57, 66], [60, 57], [60, 43], [62, 63], [63, 8], [63, 37], [64, 78], [65, 83], [66, 67], [67, 61], [67, 109], [68, 48], [68, 69], [69, 102], [102, 50], [70, 38], [70, 60], [72, 73], [73, 45], [75, 64], [75, 76], [77, 110], [80, 81], [81, 77], [81, 86], [84, 92], [86, 87], [87, 113], [87, 91], [89, 75], [89, 96], [91, 95], [91, 100], [92, 97], [92, 99], [98, 49], [98, 103], [99, 108], [100, 52], [106, 114], [107, 93], [107, 104], [110, 107]], "features": {"1": "1", "2": "2", "5": "3", "4": "3", "23": "2", "15": "2", "80": "2", "9": "2", "6": "3", "10": "3", "29": "3", "8": "2", "68": "3", "11": "2", "33": "2", "18": "2", "12": "2", "14": "3", "20": "2", "34": "2", "16": "2", "19": "4", "62": "2", "54": "2", "24": "2", "46": "2", "28": "2", "22": "3", "30": "3", "32": "3", "26": "2", "89": "3", "25": "1", "39": "1", "90": "1", "40": "3", "35": "3", "84": "2", "65": "2", "37": "2", "44": "3", "74": "1", "98": "3", "106": "2", "56": "1", "45": "2", "53": "1", "70": "3", "48": "3", "72": "2", "105": "1", "49": "2", "58": "1", "50": "2", "71": "1", "55": "1", "57": "2", "66": "2", "60": "3", "43": "1", "63": "3", "64": "2", "78": "1", "83": "1", "67": "3", "61": "1", "109": "1", "69": "2", "102": "2", "38": "1", "73": "2", "75": "3", "76": "1", "77": "2", "110": "2", "81": "3", "86": "2", "92": "3", "87": "3", "113": "1", "91": "3", "96": "1", "95": "1", "100": "2", "97": "1", "99": "2", "103": "1", "108": "1", "52": "1", "114": "1", "107": "3", "93": "1", "104": "1"}}