{"edges": [[1, 2], [2, 10], [4, 20], [4, 110], [6, 14], [8, 9], [9, 36], [9, 18], [10, 4], [11, 88], [13, 8], [13, 64], [14, 15], [15, 111], [15, 79], [17, 37], [18, 24], [20, 21], [21, 6], [22, 34], [24, 32], [24, 17], [25, 82], [27, 40], [28, 53], [30, 51], [31, 49], [32, 46], [34, 67], [35, 38], [35, 16], [36, 42], [37, 77], [37, 27], [38, 104], [39, 22], [39, 102], [40, 99], [41, 30], [41, 50], [42, 78], [44, 45], [45, 31], [47, 54], [47, 66], [50, 44], [51, 47], [52, 73], [53, 95], [53, 93], [56, 57], [57, 62], [57, 80], [59, 81], [59, 98], [60, 61], [61, 87], [64, 69], [65, 94], [65, 96], [69, 90], [70, 89], [71, 116], [72, 70], [73, 108], [74, 52], [74, 76], [76, 5], [78, 35], [79, 28], [82, 39], [84, 114], [86, 59], [90, 91], [91, 74], [91, 72], [93, 65], [94, 115], [95, 86], [95, 84], [99, 25], [99, 56], [100, 101], [101, 82], [104, 105], [105, 103], [105, 41], [107, 83], [107, 109], [108, 112], [110, 107], [111, 13], [112, 60], [112, 71], [115, 100], [115, 11]], "features": {"1": "1", "2": "2", "10": "2", "4": "3", "20": "2", "110": "2", "6": "2", "14": "2", "8": "2", "9": "3", "36": "2", "18": "2", "11": "2", "88": "1", "13": "3", "64": "2", "15": "3", "111": "2", "79": "2", "17": "2", "37": "3", "24": "3", "21": "2", "22": "2", "34": "2", "32": "2", "25": "2", "82": "3", "27": "2", "40": "2", "28": "2", "53": "3", "30": "2", "51": "2", "31": "2", "49": "1", "46": "1", "67": "1", "35": "3", "38": "2", "16": "1", "42": "2", "77": "1", "104": "2", "39": "3", "102": "1", "99": "3", "41": "3", "50": "2", "78": "2", "44": "2", "45": "2", "47": "3", "54": "1", "66": "1", "52": "2", "73": "2", "95": "3", "93": "2", "56": "2", "57": "3", "62": "1", "80": "1", "59": "3", "81": "1", "98": "1", "60": "2", "61": "2", "87": "1", "69": "2", "65": "3", "94": "2", "96": "1", "90": "2", "70": "2", "89": "1", "71": "2", "116": "1", "72": "2", "108": "2", "74": "3", "76": "2", "5": "1", "84": "2", "114": "1", "86": "2", "91": "3", "115": "3", "100": "2", "101": "2", "105": "3", "103": "1", "107": "3", "83": "1", "109": "1", "112": "3"}}