{"edges": [[5, 6], [6, 50], [7, 99], [8, 10], [9, 16], [9, 64], [10, 19], [10, 40], [10, 77], [12, 14], [14, 60], [15, 74], [16, 12], [16, 25], [18, 39], [19, 20], [20, 68], [22, 56], [23, 95], [24, 85], [25, 97], [26, 9], [28, 70], [28, 96], [29, 33], [30, 66], [32, 47], [33, 53], [34, 26], [38, 72], [39, 32], [39, 43], [39, 81], [40, 28], [42, 15], [43, 7], [43, 90], [44, 24], [45, 94], [47, 61], [48, 13], [50, 8], [52, 18], [53, 73], [54, 62], [57, 78], [58, 29], [60, 35], [61, 38], [62, 75], [63, 56], [64, 17], [68, 69], [69, 102], [70, 52], [70, 100], [72, 76], [72, 83], [73, 22], [73, 98], [74, 36], [74, 46], [75, 58], [75, 67], [77, 44], [77, 54], [78, 80], [80, 92], [81, 91], [84, 51], [85, 89], [88, 63], [89, 45], [89, 84], [90, 82], [92, 104], [94, 30], [94, 88], [96, 86], [98, 42], [99, 34], [99, 48], [99, 57], [100, 23], [102, 103], [103, 60]], "features": {"5": "1", "6": "2", "50": "2", "7": "2", "99": "4", "8": "2", "10": "4", "9": "3", "16": "3", "64": "2", "19": "2", "40": "2", "77": "3", "12": "2", "14": "2", "60": "3", "15": "2", "74": "3", "25": "2", "18": "2", "39": "4", "20": "2", "68": "2", "22": "2", "56": "2", "23": "2", "95": "1", "24": "2", "85": "2", "97": "1", "26": "2", "28": "3", "70": "3", "96": "2", "29": "2", "33": "2", "30": "2", "66": "1", "32": "2", "47": "2", "53": "2", "34": "2", "38": "2", "72": "3", "43": "3", "81": "2", "42": "2", "90": "2", "44": "2", "45": "2", "94": "3", "61": "2", "48": "2", "13": "1", "52": "2", "73": "3", "54": "2", "62": "2", "57": "2", "78": "2", "58": "2", "35": "1", "75": "3", "63": "2", "17": "1", "69": "2", "102": "2", "100": "2", "76": "1", "83": "1", "98": "2", "36": "1", "46": "1", "67": "1", "80": "2", "92": "2", "91": "1", "84": "2", "51": "1", "89": "3", "88": "2", "82": "1", "104": "1", "86": "1", "103": "2"}}