{"edges": [[1, 7], [3, 13], [3, 33], [5, 17], [5, 20], [7, 9], [7, 3], [9, 14], [9, 10], [10, 19], [10, 23], [13, 26], [13, 24], [14, 5], [17, 29], [17, 36], [19, 14], [20, 44], [20, 29], [23, 50], [24, 31], [24, 34], [26, 43], [31, 32], [33, 38], [36, 40], [38, 53], [40, 41], [42, 48], [43, 42], [43, 46], [48, 49]], "features": {"1": "1", "7": "3", "3": "3", "13": "3", "33": "2", "5": "3", "17": "3", "20": "3", "9": "3", "14": "3", "10": "3", "19": "2", "23": "2", "26": "2", "24": "3", "29": "2", "36": "2", "44": "1", "50": "1", "31": "2", "34": "1", "43": "3", "32": "1", "38": "2", "40": "2", "53": "1", "41": "1", "42": "2", "48": "2", "46": "1", "49": "1"}}