{"edges": [[1, 2], [2, 3], [3, 4], [3, 33], [3, 7], [4, 5], [5, 6], [6, 44], [6, 27], [6, 17], [7, 8], [8, 9], [9, 21], [9, 10], [9, 19], [10, 12], [10, 13], [12, 13], [13, 14], [14, 55], [14, 21], [15, 16], [16, 35], [16, 40], [17, 18], [18, 42], [18, 27], [18, 52], [19, 20], [20, 24], [20, 23], [21, 22], [23, 15], [23, 39], [24, 25], [25, 26], [27, 28], [28, 29], [29, 30], [30, 32], [33, 34], [35, 37], [37, 38], [39, 40], [40, 41], [42, 45], [42, 46], [44, 35], [44, 40], [46, 47], [47, 49], [49, 50], [50, 51], [52, 53], [53, 54], [55, 56], [56, 58]], "features": {"1": "1", "2": "2", "3": "4", "4": "2", "33": "2", "7": "2", "5": "2", "6": "4", "44": "3", "27": "3", "17": "2", "8": "2", "9": "4", "21": "3", "10": "3", "19": "2", "12": "2", "13": "3", "14": "3", "55": "2", "15": "2", "16": "3", "35": "3", "40": "4", "18": "4", "42": "3", "52": "2", "20": "3", "24": "2", "23": "3", "22": "1", "39": "2", "25": "2", "26": "1", "28": "2", "29": "2", "30": "2", "32": "1", "34": "1", "37": "2", "38": "1", "41": "1", "45": "1", "46": "2", "47": "2", "49": "2", "50": "2", "51": "1", "53": "2", "54": "1", "56": "2", "58": "1"}}