{"edges": [[1, 2], [2, 4], [2, 8], [4, 7], [7, 11], [7, 14], [7, 21], [8, 12], [8, 16], [11, 33], [11, 40], [12, 19], [12, 25], [14, 24], [14, 28], [16, 20], [16, 23], [19, 42], [21, 22], [22, 27], [23, 37], [25, 43], [28, 31], [31, 39], [33, 35], [39, 8], [40, 44], [40, 45]], "features": {"1": "1", "2": "3", "4": "2", "8": "4", "7": "4", "11": "3", "14": "3", "21": "2", "12": "3", "16": "3", "33": "2", "40": "3", "19": "2", "25": "2", "24": "1", "28": "2", "20": "1", "23": "2", "42": "1", "22": "2", "27": "1", "37": "1", "43": "1", "31": "2", "39": "2", "35": "1", "44": "1", "45": "1"}}