{"edges": [[1, 2], [2, 3], [3, 4], [4, 16], [4, 50], [5, 73], [6, 21], [7, 52], [8, 63], [9, 34], [12, 39], [13, 22], [14, 83], [15, 59], [16, 41], [17, 24], [18, 32], [19, 28], [20, 40], [21, 9], [22, 61], [24, 78], [24, 54], [25, 5], [26, 36], [28, 46], [29, 66], [30, 14], [31, 7], [31, 12], [32, 51], [34, 70], [35, 77], [36, 56], [37, 57], [38, 45], [39, 75], [40, 60], [41, 6], [42, 29], [43, 26], [45, 58], [47, 18], [48, 17], [49, 69], [50, 9], [51, 65], [52, 30], [54, 71], [55, 64], [56, 67], [57, 82], [58, 68], [59, 74], [59, 47], [60, 43], [61, 15], [64, 13], [65, 38], [66, 31], [67, 37], [67, 49], [68, 25], [68, 20], [69, 72], [70, 55], [71, 10], [72, 76], [73, 42], [73, 48], [75, 80], [76, 84], [77, 8], [78, 19], [83, 35], [84, 81]], "features": {"1": "1", "2": "2", "3": "2", "4": "3", "16": "2", "50": "2", "5": "2", "73": "3", "6": "2", "21": "2", "7": "2", "52": "2", "8": "2", "63": "1", "9": "3", "34": "2", "12": "2", "39": "2", "13": "2", "22": "2", "14": "2", "83": "2", "15": "2", "59": "3", "41": "2", "17": "2", "24": "3", "18": "2", "32": "2", "19": "2", "28": "2", "20": "2", "40": "2", "61": "2", "78": "2", "54": "2", "25": "2", "26": "2", "36": "2", "46": "1", "29": "2", "66": "2", "30": "2", "31": "3", "51": "2", "70": "2", "35": "2", "77": "2", "56": "2", "37": "2", "57": "2", "38": "2", "45": "2", "75": "2", "60": "2", "42": "2", "43": "2", "58": "2", "47": "2", "48": "2", "49": "2", "69": "2", "65": "2", "71": "2", "55": "2", "64": "2", "67": "3", "82": "1", "68": "3", "74": "1", "72": "2", "10": "1", "76": "2", "80": "1", "84": "2", "81": "1"}}