{"edges": [[1, 2], [1, 4], [2, 3], [2, 5], [3, 8], [3, 9], [4, 6], [4, 7], [5, 10], [5, 12], [6, 13], [6, 14], [7, 16], [7, 17], [8, 18], [8, 20], [9, 24], [9, 21], [10, 11], [11, 25], [11, 22], [12, 26], [12, 27], [13, 28], [13, 29], [14, 15], [15, 30], [15, 31], [18, 19], [19, 34], [19, 32], [20, 4], [21, 35], [21, 36], [25, 37], [25, 38], [26, 39], [26, 40], [29, 41], [29, 44], [30, 43], [30, 45], [32, 33], [33, 48], [33, 49], [34, 46], [34, 47], [35, 50], [35, 51], [37, 52], [37, 53], [38, 4], [39, 54], [39, 55], [40, 56], [41, 42], [42, 59], [42, 60], [43, 2], [46, 61], [46, 62], [47, 63], [47, 64], [48, 66], [48, 67], [49, 68], [49, 69], [50, 70], [50, 71], [51, 72], [51, 73], [54, 74], [54, 76], [55, 78], [55, 77], [56, 999], [56, 58], [58, 81], [58, 80], [59, 82], [59, 83], [61, 2], [63, 91], [63, 92], [64, 65], [65, 93], [65, 94], [66, 84], [66, 85], [68, 86], [68, 87], [73, 101], [73, 102], [74, 75], [75, 103], [75, 104], [76, 105], [76, 106], [78, 108], [78, 107], [82, 88], [82, 90], [84, 95], [84, 98], [85, 96], [85, 97], [87, 99], [87, 100], [93, 94]], "features": {"1": "2", "2": "5", "4": "5", "3": "3", "5": "3", "8": "3", "9": "3", "6": "3", "7": "3", "10": "2", "12": "3", "13": "3", "14": "2", "16": "1", "17": "1", "18": "2", "20": "2", "24": "1", "21": "3", "11": "3", "25": "3", "22": "1", "26": "3", "27": "1", "28": "1", "29": "3", "15": "3", "30": "3", "31": "1", "19": "3", "34": "3", "32": "2", "35": "3", "36": "1", "37": "3", "38": "2", "39": "3", "40": "2", "41": "2", "44": "1", "43": "2", "45": "1", "33": "3", "48": "3", "49": "3", "46": "3", "47": "3", "50": "3", "51": "3", "52": "1", "53": "1", "54": "3", "55": "3", "56": "3", "42": "3", "59": "3", "60": "1", "61": "2", "62": "1", "63": "3", "64": "2", "66": "3", "67": "1", "68": "3", "69": "1", "70": "1", "71": "1", "72": "1", "73": "3", "74": "2", "76": "3", "78": "3", "77": "1", "999": "1", "58": "3", "81": "1", "80": "1", "82": "3", "83": "1", "91": "1", "92": "1", "65": "3", "93": "2", "94": "2", "84": "3", "85": "3", "86": "1", "87": "3", "101": "1", "102": "1", "75": "3", "103": "1", "104": "1", "105": "1", "106": "1", "108": "1", "107": "1", "88": "1", "90": "1", "95": "1", "98": "1", "96": "1", "97": "1", "99": "1", "100": "1"}}