{"edges": [[2, 8], [2, 6], [6, 13], [6, 20], [9, 12], [10, 9], [12, 23], [12, 14], [12, 100], [14, 25], [15, 10], [15, 18], [16, 26], [17, 28], [18, 1], [20, 15], [21, 30], [22, 29], [22, 17], [24, 33], [25, 16], [26, 22], [28, 21], [30, 19], [30, 24], [31, 38], [33, 39], [33, 36], [35, 42], [36, 31], [37, 48], [38, 43], [40, 49], [40, 54], [42, 37], [43, 32], [43, 35], [44, 46], [44, 53], [46, 57], [47, 67], [47, 55], [48, 45], [48, 40], [50, 44], [52, 47], [54, 41], [54, 50], [55, 58], [57, 52], [58, 61], [60, 69], [61, 68], [61, 65], [62, 77], [62, 66], [63, 78], [64, 79], [65, 70], [66, 63], [69, 62], [70, 60], [71, 80], [71, 83], [76, 85], [76, 64], [78, 71], [79, 81], [79, 86], [81, 84], [82, 90], [82, 87], [83, 76], [84, 95], [88, 97], [90, 88], [90, 100], [92, 99], [95, 82], [96, 98], [96, 93], [97, 92], [98, 103], [99, 96], [101, 110], [101, 102], [103, 94], [103, 105], [105, 101], [107, 112], [107, 117], [110, 113], [113, 104], [113, 107], [114, 98], [116, 120], [117, 115], [117, 118], [118, 116], [120, 121]], "features": {"2": "2", "8": "1", "6": "3", "13": "1", "20": "2", "9": "2", "12": "4", "10": "2", "23": "1", "14": "2", "100": "2", "25": "2", "15": "3", "18": "2", "16": "2", "26": "2", "17": "2", "28": "2", "1": "1", "21": "2", "30": "3", "22": "3", "29": "1", "24": "2", "33": "3", "19": "1", "31": "2", "38": "2", "39": "1", "36": "2", "35": "2", "42": "2", "37": "2", "48": "3", "43": "3", "40": "3", "49": "1", "54": "3", "32": "1", "44": "3", "46": "2", "53": "1", "57": "2", "47": "3", "67": "1", "55": "2", "45": "1", "50": "2", "52": "2", "41": "1", "58": "2", "61": "3", "60": "2", "69": "2", "68": "1", "65": "2", "62": "3", "77": "1", "66": "2", "63": "2", "78": "2", "64": "2", "79": "3", "70": "2", "71": "3", "80": "1", "83": "2", "76": "3", "85": "1", "81": "2", "86": "1", "84": "2", "82": "3", "90": "3", "87": "1", "95": "2", "88": "2", "97": "2", "92": "2", "99": "2", "96": "3", "98": "3", "93": "1", "103": "3", "101": "3", "110": "2", "102": "1", "94": "1", "105": "2", "107": "3", "112": "1", "117": "3", "113": "3", "104": "1", "114": "1", "116": "2", "120": "2", "115": "1", "118": "2", "121": "1"}}