{"edges": [[1, 4], [4, 8], [5, 40], [5, 33], [6, 18], [6, 16], [8, 31], [9, 20], [11, 27], [11, 25], [12, 44], [12, 6], [13, 36], [13, 38], [14, 26], [16, 22], [18, 19], [19, 14], [19, 40], [22, 32], [22, 28], [23, 11], [25, 5], [26, 23], [28, 29], [29, 17], [29, 9], [31, 12], [36, 37], [37, 42], [39, 55], [39, 62], [39, 95], [40, 50], [42, 46], [42, 71], [44, 67], [45, 91], [46, 48], [48, 39], [50, 13], [51, 89], [52, 79], [55, 58], [56, 57], [57, 60], [57, 65], [58, 51], [58, 68], [60, 80], [61, 84], [62, 43], [64, 87], [65, 61], [65, 75], [67, 74], [68, 56], [69, 73], [70, 90], [71, 34], [73, 81], [74, 69], [74, 52], [75, 113], [75, 107], [76, 77], [77, 82], [79, 64], [81, 76], [81, 2], [82, 53], [82, 86], [83, 96], [83, 94], [86, 79], [87, 70], [87, 45], [88, 101], [88, 103], [90, 102], [91, 83], [93, 108], [94, 3], [95, 99], [96, 97], [97, 47], [97, 93], [100, 111], [102, 110], [103, 109], [105, 112], [106, 75], [108, 100], [108, 88], [109, 102], [110, 95], [110, 105], [112, 106]], "features": {"1": "1", "4": "2", "8": "2", "5": "3", "40": "3", "33": "1", "6": "3", "18": "2", "16": "2", "31": "2", "9": "2", "20": "1", "11": "3", "27": "1", "25": "2", "12": "3", "44": "2", "13": "3", "36": "2", "38": "1", "14": "2", "26": "2", "22": "3", "19": "3", "32": "1", "28": "2", "23": "2", "29": "3", "17": "1", "37": "2", "42": "3", "39": "4", "55": "2", "62": "2", "95": "3", "50": "2", "46": "2", "71": "2", "67": "2", "45": "2", "91": "2", "48": "2", "51": "2", "89": "1", "52": "2", "79": "3", "58": "3", "56": "2", "57": "3", "60": "2", "65": "3", "68": "2", "80": "1", "61": "2", "84": "1", "43": "1", "64": "2", "87": "3", "75": "4", "74": "3", "69": "2", "73": "2", "70": "2", "90": "2", "34": "1", "81": "3", "113": "1", "107": "1", "76": "2", "77": "2", "82": "3", "2": "1", "53": "1", "86": "2", "83": "3", "96": "2", "94": "2", "88": "3", "101": "1", "103": "2", "102": "3", "93": "2", "108": "3", "3": "1", "99": "1", "97": "3", "47": "1", "100": "2", "111": "1", "110": "3", "109": "2", "105": "2", "112": "2", "106": "2"}}