{"edges": [[2, 3], [3, 4], [4, 5], [5, 6], [6, 7], [7, 8], [7, 10], [8, 9], [9, 12], [9, 14], [10, 11], [11, 16], [11, 18], [12, 13], [13, 20], [13, 24], [14, 15], [15, 26], [15, 28], [16, 17], [17, 32], [17, 34], [18, 19], [19, 36], [19, 38], [20, 22], [22, 23], [23, 44], [23, 46], [24, 25], [25, 48], [25, 49], [26, 27], [27, 30], [27, 31], [28, 29], [28, 40], [28, 42], [32, 33], [33, 50], [33, 52], [34, 35], [35, 54], [35, 55], [36, 37], [37, 56], [37, 57], [38, 39], [39, 58], [39, 60], [40, 41], [41, 72], [41, 73], [42, 43], [43, 74], [43, 76], [46, 47], [47, 63], [47, 64], [52, 53], [53, 61], [53, 62], [58, 59], [59, 82], [59, 84], [64, 66], [64, 68], [66, 67], [67, 69], [67, 70], [70, 71], [74, 75], [75, 78], [75, 79], [76, 80], [76, 81], [82, 83]], "features": {"2": "1", "3": "2", "4": "2", "5": "2", "6": "2", "7": "3", "8": "2", "10": "2", "9": "3", "12": "2", "14": "2", "11": "3", "16": "2", "18": "2", "13": "3", "20": "2", "24": "2", "15": "3", "26": "2", "28": "4", "17": "3", "32": "2", "34": "2", "19": "3", "36": "2", "38": "2", "22": "2", "23": "3", "44": "1", "46": "2", "25": "3", "48": "1", "49": "1", "27": "3", "30": "1", "31": "1", "29": "1", "40": "2", "42": "2", "33": "3", "50": "1", "52": "2", "35": "3", "54": "1", "55": "1", "37": "3", "56": "1", "57": "1", "39": "3", "58": "2", "60": "1", "41": "3", "72": "1", "73": "1", "43": "3", "74": "2", "76": "3", "47": "3", "63": "1", "64": "3", "53": "3", "61": "1", "62": "1", "59": "3", "82": "2", "84": "1", "66": "2", "68": "1", "67": "3", "69": "1", "70": "2", "71": "1", "75": "3", "78": "1", "79": "1", "80": "1", "81": "1", "83": "1"}}