{"edges": [[1, 2], [2, 3], [3, 4], [4, 5], [5, 6], [6, 17], [6, 44], [6, 49], [7, 8], [9, 10], [11, 12], [12, 7], [12, 19], [14, 15], [17, 18], [18, 122], [18, 121], [19, 20], [20, 25], [20, 9], [21, 22], [22, 23], [23, 114], [23, 14], [25, 26], [26, 35], [26, 110], [27, 28], [28, 29], [30, 44], [33, 34], [34, 42], [34, 89], [35, 36], [36, 37], [37, 38], [38, 39], [40, 41], [42, 43], [43, 58], [43, 47], [44, 45], [45, 46], [46, 33], [46, 51], [47, 48], [49, 50], [50, 70], [50, 117], [51, 52], [52, 53], [53, 96], [53, 105], [54, 55], [56, 57], [58, 59], [59, 60], [60, 61], [61, 27], [61, 62], [62, 63], [63, 91], [63, 67], [64, 65], [68, 69], [69, 74], [69, 85], [70, 71], [71, 72], [72, 78], [72, 54], [74, 75], [76, 77], [78, 79], [79, 80], [80, 68], [80, 76], [81, 82], [83, 84], [85, 86], [86, 87], [87, 88], [89, 90], [91, 92], [93, 94], [94, 95], [95, 98], [95, 40], [96, 97], [98, 99], [99, 111], [99, 11], [100, 101], [101, 102], [102, 103], [103, 104], [104, 81], [104, 107], [105, 64], [105, 83], [107, 108], [108, 109], [111, 112], [112, 113], [114, 115], [115, 116], [117, 118], [118, 119], [119, 120], [120, 100], [120, 56], [121, 30], [121, 32], [122, 93], [122, 21]], "features": {"1": "1", "2": "2", "3": "2", "4": "2", "5": "2", "6": "4", "17": "2", "44": "3", "49": "2", "7": "2", "8": "1", "9": "2", "10": "1", "11": "2", "12": "3", "19": "2", "14": "2", "15": "1", "18": "3", "122": "3", "121": "3", "20": "3", "25": "2", "21": "2", "22": "2", "23": "3", "114": "2", "26": "3", "35": "2", "110": "1", "27": "2", "28": "2", "29": "1", "30": "2", "33": "2", "34": "3", "42": "2", "89": "2", "36": "2", "37": "2", "38": "2", "39": "1", "40": "2", "41": "1", "43": "3", "58": "2", "47": "2", "45": "2", "46": "3", "51": "2", "48": "1", "50": "3", "70": "2", "117": "2", "52": "2", "53": "3", "96": "2", "105": "3", "54": "2", "55": "1", "56": "2", "57": "1", "59": "2", "60": "2", "61": "3", "62": "2", "63": "3", "91": "2", "67": "1", "64": "2", "65": "1", "68": "2", "69": "3", "74": "2", "85": "2", "71": "2", "72": "3", "78": "2", "75": "1", "76": "2", "77": "1", "79": "2", "80": "3", "81": "2", "82": "1", "83": "2", "84": "1", "86": "2", "87": "2", "88": "1", "90": "1", "92": "1", "93": "2", "94": "2", "95": "3", "98": "2", "97": "1", "99": "3", "111": "2", "100": "2", "101": "2", "102": "2", "103": "2", "104": "3", "107": "2", "108": "2", "109": "1", "112": "2", "113": "1", "115": "2", "116": "1", "118": "2", "119": "2", "120": "3", "32": "1"}}