{"edges": [[1, 2], [2, 3], [3, 5], [5, 6], [6, 7], [7, 8], [8, 9], [9, 11], [11, 12], [12, 72], [12, 111], [13, 14], [14, 73], [17, 18], [18, 19], [19, 20], [20, 21], [21, 23], [23, 79], [23, 48], [24, 49], [25, 27], [27, 28], [28, 29], [29, 31], [31, 32], [32, 33], [33, 34], [34, 87], [34, 57], [35, 37], [37, 59], [39, 40], [40, 41], [41, 43], [43, 44], [44, 45], [45, 46], [46, 47], [47, 95], [47, 24], [48, 25], [49, 50], [50, 51], [51, 53], [53, 54], [54, 55], [55, 35], [55, 100], [57, 58], [58, 39], [59, 60], [60, 61], [61, 62], [62, 63], [63, 65], [65, 66], [66, 67], [67, 69], [69, 70], [70, 71], [71, 107], [71, 13], [72, 17], [73, 74], [74, 75], [75, 77], [77, 78], [79, 81], [81, 82], [82, 83], [83, 85], [85, 86], [86, 101], [87, 88], [88, 89], [89, 91], [91, 92], [92, 93], [93, 39], [95, 96], [96, 97], [97, 98], [98, 49], [100, 101], [101, 103], [103, 104], [104, 105], [105, 106], [107, 109], [111, 112], [112, 113], [113, 115], [115, 116]], "features": {"1": "1", "2": "2", "3": "2", "5": "2", "6": "2", "7": "2", "8": "2", "9": "2", "11": "2", "12": "3", "72": "2", "111": "2", "13": "2", "14": "2", "73": "2", "17": "2", "18": "2", "19": "2", "20": "2", "21": "2", "23": "3", "79": "2", "48": "2", "24": "2", "49": "3", "25": "2", "27": "2", "28": "2", "29": "2", "31": "2", "32": "2", "33": "2", "34": "3", "87": "2", "57": "2", "35": "2", "37": "2", "59": "2", "39": "3", "40": "2", "41": "2", "43": "2", "44": "2", "45": "2", "46": "2", "47": "3", "95": "2", "50": "2", "51": "2", "53": "2", "54": "2", "55": "3", "100": "2", "58": "2", "60": "2", "61": "2", "62": "2", "63": "2", "65": "2", "66": "2", "67": "2", "69": "2", "70": "2", "71": "3", "107": "2", "74": "2", "75": "2", "77": "2", "78": "1", "81": "2", "82": "2", "83": "2", "85": "2", "86": "2", "101": "3", "88": "2", "89": "2", "91": "2", "92": "2", "93": "2", "96": "2", "97": "2", "98": "2", "103": "2", "104": "2", "105": "2", "106": "1", "109": "1", "112": "2", "113": "2", "115": "2", "116": "1"}}