{"edges": [[1, 2], [2, 57], [2, 84], [3, 120], [4, 30], [5, 62], [5, 103], [6, 122], [7, 114], [8, 127], [9, 55], [10, 40], [10, 74], [12, 39], [13, 71], [13, 82], [14, 59], [14, 41], [15, 44], [16, 115], [17, 111], [19, 56], [19, 4], [20, 28], [21, 6], [22, 61], [24, 128], [25, 124], [26, 63], [27, 17], [27, 111], [28, 72], [29, 50], [31, 97], [32, 110], [33, 45], [35, 19], [35, 76], [37, 65], [37, 10], [38, 25], [39, 80], [39, 121], [40, 118], [41, 132], [42, 12], [43, 90], [43, 16], [44, 37], [45, 104], [48, 70], [49, 130], [50, 15], [50, 35], [50, 77], [51, 85], [52, 98], [52, 83], [53, 33], [53, 18], [54, 107], [55, 94], [56, 11], [57, 66], [58, 79], [59, 52], [61, 123], [62, 125], [63, 9], [63, 24], [64, 78], [65, 32], [66, 81], [68, 89], [69, 7], [69, 106], [70, 26], [71, 36], [73, 51], [73, 92], [74, 65], [75, 68], [76, 105], [77, 22], [79, 13], [80, 44], [81, 113], [82, 8], [83, 34], [85, 23], [85, 96], [87, 31], [88, 60], [89, 27], [90, 38], [92, 100], [93, 134], [94, 102], [95, 91], [96, 5], [98, 88], [99, 93], [100, 29], [101, 133], [102, 116], [103, 43], [104, 119], [105, 3], [105, 117], [106, 20], [106, 112], [106, 46], [108, 48], [108, 15], [108, 35], [109, 47], [110, 21], [110, 49], [111, 131], [113, 53], [115, 58], [116, 87], [116, 126], [118, 69], [119, 73], [120, 129], [121, 75], [123, 108], [124, 14], [126, 42], [127, 67], [129, 109], [130, 95], [131, 54], [132, 99], [133, 64], [134, 86], [134, 101]], "features": {"1": "1", "2": "3", "57": "2", "84": "1", "3": "2", "120": "2", "4": "2", "30": "1", "5": "3", "62": "2", "103": "2", "6": "2", "122": "1", "7": "2", "114": "1", "8": "2", "127": "2", "9": "2", "55": "2", "10": "3", "40": "2", "74": "2", "12": "2", "39": "3", "13": "3", "71": "2", "82": "2", "14": "3", "59": "2", "41": "2", "15": "3", "44": "3", "16": "2", "115": "2", "17": "2", "111": "3", "19": "3", "56": "2", "20": "2", "28": "2", "21": "2", "22": "2", "61": "2", "24": "2", "128": "1", "25": "2", "124": "2", "26": "2", "63": "3", "27": "3", "72": "1", "29": "2", "50": "4", "31": "2", "97": "1", "32": "2", "110": "3", "33": "2", "45": "2", "35": "4", "76": "2", "37": "3", "65": "3", "38": "2", "80": "2", "121": "2", "118": "2", "132": "2", "42": "2", "43": "3", "90": "2", "104": "2", "48": "2", "70": "2", "49": "2", "130": "2", "77": "2", "51": "2", "85": "3", "52": "3", "98": "2", "83": "2", "53": "3", "18": "1", "54": "2", "107": "1", "94": "2", "11": "1", "66": "2", "58": "2", "79": "2", "123": "2", "125": "1", "64": "2", "78": "1", "81": "2", "68": "2", "89": "2", "69": "3", "106": "4", "36": "1", "73": "3", "92": "2", "75": "2", "105": "3", "113": "2", "34": "1", "23": "1", "96": "2", "87": "2", "88": "2", "60": "1", "100": "2", "93": "2", "134": "3", "102": "2", "95": "2", "91": "1", "99": "2", "101": "2", "133": "2", "116": "3", "119": "2", "117": "1", "112": "1", "46": "1", "108": "4", "109": "2", "47": "1", "131": "2", "126": "2", "129": "2", "67": "1", "86": "1"}}