{"edges": [[1, 2], [2, 3], [3, 4], [4, 5], [5, 10], [6, 19], [6, 7], [7, 40], [8, 65], [9, 46], [9, 43], [10, 38], [12, 41], [13, 62], [14, 66], [15, 68], [15, 26], [16, 82], [16, 73], [17, 74], [18, 50], [19, 75], [21, 58], [22, 78], [23, 49], [24, 69], [25, 47], [26, 64], [27, 83], [28, 57], [29, 22], [30, 29], [31, 61], [32, 36], [33, 34], [34, 8], [36, 81], [38, 67], [39, 63], [40, 82], [40, 13], [41, 15], [42, 16], [43, 53], [44, 72], [46, 17], [47, 56], [48, 39], [48, 28], [49, 80], [50, 25], [50, 30], [51, 76], [53, 70], [54, 77], [57, 84], [58, 33], [58, 32], [59, 14], [61, 59], [61, 23], [62, 42], [63, 9], [64, 79], [65, 12], [66, 48], [67, 6], [68, 44], [69, 27], [69, 51], [73, 18], [74, 54], [75, 24], [78, 52], [80, 35], [82, 21], [83, 31]], "features": {"1": "1", "2": "2", "3": "2", "4": "2", "5": "2", "10": "2", "6": "3", "19": "2", "7": "2", "40": "3", "8": "2", "65": "2", "9": "3", "46": "2", "43": "2", "38": "2", "12": "2", "41": "2", "13": "2", "62": "2", "14": "2", "66": "2", "15": "3", "68": "2", "26": "2", "16": "3", "82": "3", "73": "2", "17": "2", "74": "2", "18": "2", "50": "3", "75": "2", "21": "2", "58": "3", "22": "2", "78": "2", "23": "2", "49": "2", "24": "2", "69": "3", "25": "2", "47": "2", "64": "2", "27": "2", "83": "2", "28": "2", "57": "2", "29": "2", "30": "2", "31": "2", "61": "3", "32": "2", "36": "2", "33": "2", "34": "2", "81": "1", "67": "2", "39": "2", "63": "2", "42": "2", "53": "2", "44": "2", "72": "1", "56": "1", "48": "3", "80": "2", "51": "2", "76": "1", "70": "1", "54": "2", "77": "1", "84": "1", "59": "2", "79": "1", "52": "1", "35": "1"}}