{"edges": [[1, 9], [1, 12], [6, 14], [6, 12], [9, 17], [12, 26], [14, 9], [16, 24], [17, 6], [17, 12], [20, 34], [20, 38], [24, 20], [26, 16], [26, 24], [29, 41], [29, 36], [34, 6], [36, 46], [38, 34], [38, 29], [41, 26], [44, 29], [46, 54], [46, 50], [50, 64], [52, 54], [54, 44], [58, 69], [64, 82], [64, 58], [69, 73], [69, 81], [69, 76], [72, 107], [73, 50], [76, 89], [81, 73], [81, 76], [82, 52], [82, 58], [84, 101], [84, 96], [89, 81], [89, 84], [96, 105], [101, 96], [105, 72], [105, 113], [107, 113], [110, 116], [113, 117], [113, 110], [116, 89], [116, 120], [117, 89], [120, 125]], "features": {"1": "2", "9": "3", "12": "4", "6": "4", "14": "2", "17": "3", "26": "4", "16": "2", "24": "3", "20": "3", "34": "3", "38": "3", "29": "4", "41": "2", "36": "2", "46": "3", "44": "2", "54": "3", "50": "3", "64": "3", "52": "2", "58": "3", "69": "4", "82": "3", "73": "3", "81": "4", "76": "3", "72": "2", "107": "2", "89": "5", "84": "3", "101": "2", "96": "3", "105": "3", "113": "4", "110": "2", "116": "3", "117": "2", "120": "2", "125": "1"}}