{"edges": [[1, 2], [2, 3], [3, 17], [3, 7], [4, 5], [5, 6], [6, 14], [6, 34], [7, 30], [7, 57], [8, 9], [9, 10], [10, 21], [10, 23], [12, 13], [13, 11], [13, 27], [14, 16], [16, 39], [16, 37], [17, 18], [18, 19], [19, 20], [20, 32], [20, 54], [21, 22], [22, 44], [22, 42], [23, 56], [25, 26], [26, 12], [26, 28], [28, 19], [30, 31], [30, 8], [30, 4], [32, 33], [33, 50], [33, 45], [34, 35], [35, 36], [37, 38], [39, 41], [42, 43], [45, 46], [46, 47], [47, 48], [50, 51], [51, 53], [54, 55], [55, 59], [57, 25]], "features": {"1": "1", "2": "2", "3": "3", "17": "2", "7": "3", "4": "2", "5": "2", "6": "3", "14": "2", "34": "2", "30": "4", "57": "2", "8": "2", "9": "2", "10": "3", "21": "2", "23": "2", "12": "2", "13": "3", "11": "1", "27": "1", "16": "3", "39": "2", "37": "2", "18": "2", "19": "3", "20": "3", "32": "2", "54": "2", "22": "3", "44": "1", "42": "2", "56": "1", "25": "2", "26": "3", "28": "2", "31": "1", "33": "3", "50": "2", "45": "2", "35": "2", "36": "1", "38": "1", "41": "1", "43": "1", "46": "2", "47": "2", "48": "1", "51": "2", "53": "1", "55": "2", "59": "1"}}