{"edges": [[1, 64], [4, 44], [4, 46], [6, 38], [12, 33], [12, 31], [14, 17], [17, 20], [17, 42], [19, 4], [22, 41], [24, 37], [25, 62], [24, 27], [28, 39], [28, 52], [31, 9], [31, 59], [32, 8], [32, 68], [33, 40], [33, 25], [34, 66], [37, 10], [37, 14], [38, 16], [38, 34], [39, 60], [39, 52], [41, 65], [42, 45], [46, 67], [48, 36], [48, 57], [51, 56], [52, 53], [53, 72], [54, 61], [54, 13], [56, 54], [56, 48], [57, 30], [58, 11], [58, 18], [59, 71], [60, 47], [60, 52], [62, 51], [62, 32], [64, 70], [65, 27], [65, 4], [67, 28], [68, 50], [68, 6], [70, 21], [70, 58], [70, 12], [71, 19], [71, 22]], "features": {"1": "1", "64": "2", "4": "4", "44": "1", "46": "2", "6": "2", "38": "3", "12": "3", "33": "3", "31": "3", "14": "2", "17": "3", "20": "1", "42": "2", "19": "2", "22": "2", "41": "2", "24": "2", "37": "3", "25": "2", "62": "3", "27": "2", "28": "3", "39": "3", "52": "4", "9": "1", "59": "2", "32": "3", "8": "1", "68": "3", "40": "1", "34": "2", "66": "1", "10": "1", "16": "1", "60": "3", "65": "3", "45": "1", "67": "2", "48": "3", "36": "1", "57": "2", "51": "2", "56": "3", "53": "2", "72": "1", "54": "3", "61": "1", "13": "1", "30": "1", "58": "3", "11": "1", "18": "1", "71": "3", "47": "1", "70": "4", "50": "1", "21": "1"}}