{"edges": [[1, 2], [2, 4], [2, 7], [4, 5], [5, 14], [5, 12], [7, 8], [8, 9], [9, 10], [10, 11], [11, 26], [11, 18], [12, 54], [14, 17], [15, 52], [17, 25], [17, 30], [18, 21], [21, 22], [22, 15], [22, 33], [25, 51], [26, 27], [27, 28], [28, 46], [30, 32], [32, 47], [33, 34], [34, 36], [36, 37], [40, 41], [41, 42], [42, 45], [46, 39], [46, 40], [47, 48], [47, 29], [52, 53], [54, 55]], "features": {"1": "1", "2": "3", "4": "2", "7": "2", "5": "3", "14": "2", "12": "2", "8": "2", "9": "2", "10": "2", "11": "3", "26": "2", "18": "2", "54": "2", "17": "3", "15": "2", "52": "2", "25": "2", "30": "2", "21": "2", "22": "3", "33": "2", "51": "1", "27": "2", "28": "2", "46": "3", "32": "2", "47": "3", "34": "2", "36": "2", "37": "1", "40": "2", "41": "2", "42": "2", "45": "1", "39": "1", "48": "1", "29": "1", "53": "1", "55": "1"}}