{"edges": [[1, 2], [2, 3], [3, 4], [4, 5], [5, 6], [6, 7], [7, 8], [8, 9], [9, 10], [10, 11], [10, 16], [11, 12], [12, 13], [13, 14], [14, 15], [15, 19], [15, 29], [16, 17], [17, 18], [18, 24], [18, 32], [19, 20], [20, 21], [21, 22], [22, 23], [23, 43], [23, 77], [24, 25], [25, 26], [26, 27], [27, 28], [28, 34], [28, 51], [29, 30], [30, 31], [31, 72], [31, 83], [32, 33], [33, 38], [33, 46], [34, 35], [35, 36], [36, 37], [38, 39], [39, 40], [40, 41], [41, 54], [41, 62], [43, 44], [44, 57], [44, 67], [46, 47], [47, 48], [48, 49], [49, 50], [51, 52], [52, 53], [54, 55], [55, 56], [57, 58], [58, 59], [59, 60], [60, 61], [62, 63], [63, 64], [64, 65], [65, 66], [67, 68], [68, 69], [69, 70], [70, 71], [72, 73], [73, 74], [74, 75], [75, 76], [77, 78], [78, 79], [79, 80], [80, 81], [81, 82], [83, 84], [84, 85], [85, 86], [86, 87]], "features": {"1": "1", "2": "2", "3": "2", "4": "2", "5": "2", "6": "2", "7": "2", "8": "2", "9": "2", "10": "3", "11": "2", "16": "2", "12": "2", "13": "2", "14": "2", "15": "3", "19": "2", "29": "2", "17": "2", "18": "3", "24": "2", "32": "2", "20": "2", "21": "2", "22": "2", "23": "3", "43": "2", "77": "2", "25": "2", "26": "2", "27": "2", "28": "3", "34": "2", "51": "2", "30": "2", "31": "3", "72": "2", "83": "2", "33": "3", "38": "2", "46": "2", "35": "2", "36": "2", "37": "1", "39": "2", "40": "2", "41": "3", "54": "2", "62": "2", "44": "3", "57": "2", "67": "2", "47": "2", "48": "2", "49": "2", "50": "1", "52": "2", "53": "1", "55": "2", "56": "1", "58": "2", "59": "2", "60": "2", "61": "1", "63": "2", "64": "2", "65": "2", "66": "1", "68": "2", "69": "2", "70": "2", "71": "1", "73": "2", "74": "2", "75": "2", "76": "1", "78": "2", "79": "2", "80": "2", "81": "2", "82": "1", "84": "2", "85": "2", "86": "2", "87": "1"}}