{"edges": [[1, 2], [2, 3], [3, 4], [4, 12], [5, 13], [6, 22], [8, 17], [9, 42], [11, 36], [12, 6], [13, 27], [14, 16], [16, 24], [16, 5], [16, 8], [17, 21], [18, 19], [19, 28], [19, 31], [19, 78], [21, 26], [22, 14], [24, 18], [26, 63], [26, 33], [27, 51], [27, 39], [28, 84], [30, 9], [31, 11], [33, 38], [34, 24], [35, 41], [36, 52], [37, 45], [38, 46], [39, 56], [40, 74], [40, 100], [41, 34], [44, 48], [45, 98], [45, 112], [46, 23], [48, 49], [49, 37], [49, 35], [51, 44], [52, 40], [52, 72], [54, 65], [55, 102], [56, 67], [58, 69], [59, 66], [60, 77], [60, 80], [62, 81], [62, 97], [63, 83], [67, 54], [67, 58], [69, 99], [70, 60], [71, 59], [72, 55], [74, 91], [77, 93], [78, 62], [80, 75], [81, 110], [83, 94], [83, 88], [84, 95], [84, 30], [85, 89], [88, 76], [94, 86], [95, 109], [97, 106], [98, 104], [99, 114], [100, 74], [100, 108], [104, 92], [106, 107], [107, 71], [108, 103], [110, 85], [112, 113], [113, 70]], "features": {"1": "1", "2": "2", "3": "2", "4": "2", "12": "2", "5": "2", "13": "2", "6": "2", "22": "2", "8": "2", "17": "2", "9": "2", "42": "1", "11": "2", "36": "2", "27": "3", "14": "2", "16": "4", "24": "3", "21": "2", "18": "2", "19": "4", "28": "2", "31": "2", "78": "2", "26": "3", "63": "2", "33": "2", "51": "2", "39": "2", "84": "3", "30": "2", "38": "2", "34": "2", "35": "2", "41": "2", "52": "3", "37": "2", "45": "3", "46": "2", "56": "2", "40": "3", "74": "3", "100": "3", "44": "2", "48": "2", "98": "2", "112": "2", "23": "1", "49": "3", "72": "2", "54": "2", "65": "1", "55": "2", "102": "1", "67": "3", "58": "2", "69": "2", "59": "2", "66": "1", "60": "3", "77": "2", "80": "2", "62": "3", "81": "2", "97": "2", "83": "3", "99": "2", "70": "2", "71": "2", "91": "1", "93": "1", "75": "1", "110": "2", "94": "2", "88": "2", "95": "2", "85": "2", "89": "1", "76": "1", "86": "1", "109": "1", "106": "2", "104": "2", "114": "1", "108": "2", "92": "1", "107": "2", "103": "1", "113": "2"}}