{"edges": [[1, 2], [2, 3], [3, 12], [4, 81], [4, 37], [5, 131], [5, 73], [6, 9], [8, 75], [8, 30], [9, 28], [10, 78], [11, 21], [11, 29], [12, 9], [12, 6], [13, 106], [14, 49], [15, 20], [16, 70], [17, 31], [18, 14], [19, 109], [20, 84], [20, 87], [22, 57], [22, 68], [23, 113], [24, 50], [24, 95], [25, 66], [26, 53], [27, 124], [28, 13], [28, 71], [29, 52], [30, 132], [31, 25], [31, 56], [32, 126], [35, 59], [36, 114], [37, 10], [38, 102], [40, 94], [40, 64], [41, 80], [41, 61], [42, 47], [42, 19], [44, 112], [45, 62], [46, 91], [47, 51], [47, 130], [48, 76], [48, 60], [49, 32], [49, 119], [50, 103], [51, 67], [53, 97], [55, 58], [56, 72], [57, 65], [58, 101], [58, 96], [59, 123], [60, 125], [62, 18], [62, 35], [63, 127], [65, 90], [66, 54], [67, 23], [68, 33], [68, 111], [69, 128], [69, 107], [70, 129], [71, 99], [72, 26], [72, 120], [73, 40], [74, 128], [74, 69], [75, 4], [76, 44], [77, 118], [77, 82], [78, 22], [79, 108], [80, 38], [81, 85], [81, 7], [83, 115], [85, 42], [87, 27], [88, 98], [89, 77], [91, 34], [92, 79], [93, 116], [93, 88], [94, 104], [95, 17], [96, 89], [97, 36], [98, 117], [99, 8], [100, 55], [100, 89], [102, 93], [103, 16], [103, 45], [104, 39], [106, 133], [107, 77], [107, 100], [108, 86], [109, 130], [110, 24], [111, 41], [114, 43], [116, 15], [117, 11], [118, 63], [118, 92], [119, 46], [120, 48], [121, 105], [124, 121], [125, 5], [126, 122], [128, 83], [130, 68], [131, 74], [132, 110], [133, 75]], "features": {"1": "1", "2": "2", "3": "2", "12": "3", "4": "3", "81": "3", "37": "2", "5": "3", "131": "2", "73": "2", "6": "2", "9": "3", "8": "3", "75": "3", "30": "2", "28": "3", "10": "2", "78": "2", "11": "3", "21": "1", "29": "2", "13": "2", "106": "2", "14": "2", "49": "3", "15": "2", "20": "3", "16": "2", "70": "2", "17": "2", "31": "3", "18": "2", "19": "2", "109": "2", "84": "1", "87": "2", "22": "3", "57": "2", "68": "4", "23": "2", "113": "1", "24": "3", "50": "2", "95": "2", "25": "2", "66": "2", "26": "2", "53": "2", "27": "2", "124": "2", "71": "2", "52": "1", "132": "2", "56": "2", "32": "2", "126": "2", "35": "2", "59": "2", "36": "2", "114": "2", "38": "2", "102": "2", "40": "3", "94": "2", "64": "1", "41": "3", "80": "2", "61": "1", "42": "3", "47": "3", "44": "2", "112": "1", "45": "2", "62": "3", "46": "2", "91": "2", "51": "2", "130": "3", "48": "3", "76": "2", "60": "2", "119": "2", "103": "3", "67": "2", "97": "2", "55": "2", "58": "3", "72": "3", "65": "2", "101": "1", "96": "2", "123": "1", "125": "2", "63": "2", "127": "1", "90": "1", "54": "1", "33": "1", "111": "2", "69": "3", "128": "3", "107": "3", "129": "1", "99": "2", "120": "2", "74": "3", "77": "4", "118": "3", "82": "1", "79": "2", "108": "2", "85": "2", "7": "1", "83": "2", "115": "1", "88": "2", "98": "2", "89": "3", "34": "1", "92": "2", "93": "3", "116": "2", "104": "2", "117": "2", "100": "3", "39": "1", "133": "2", "86": "1", "110": "2", "43": "1", "121": "2", "105": "1", "122": "1"}}