{"edges": [[1, 6], [2, 8], [2, 13], [5, 19], [5, 45], [6, 10], [8, 9], [9, 14], [10, 2], [13, 5], [14, 26], [15, 34], [15, 36], [17, 23], [19, 33], [19, 52], [20, 11], [23, 30], [23, 39], [24, 25], [25, 22], [26, 17], [29, 24], [30, 31], [31, 37], [34, 29], [36, 48], [37, 20], [39, 15], [43, 50], [45, 40], [48, 43], [50, 54], [52, 46]], "features": {"1": "1", "6": "2", "2": "3", "8": "2", "13": "2", "5": "3", "19": "3", "45": "2", "10": "2", "9": "2", "14": "2", "26": "2", "15": "3", "34": "2", "36": "2", "17": "2", "23": "3", "33": "1", "52": "2", "20": "2", "11": "1", "30": "2", "39": "2", "24": "2", "25": "2", "22": "1", "29": "2", "31": "2", "37": "2", "48": "2", "43": "2", "50": "2", "40": "1", "54": "1", "46": "1"}}