{"edges": [[0, 5], [2, 71], [2, 11], [2, 46], [3, 12], [4, 68], [5, 62], [6, 65], [6, 17], [8, 57], [9, 72], [10, 25], [11, 44], [11, 38], [11, 3], [12, 28], [12, 15], [13, 70], [14, 9], [14, 33], [18, 34], [19, 25], [20, 25], [21, 2], [21, 46], [22, 21], [22, 37], [23, 7], [23, 22], [24, 67], [25, 20], [25, 10], [25, 49], [25, 43], [25, 19], [27, 23], [27, 45], [28, 59], [28, 51], [28, 47], [30, 20], [30, 10], [30, 49], [30, 43], [30, 19], [31, 13], [31, 66], [32, 72], [34, 48], [36, 26], [37, 21], [37, 73], [39, 52], [40, 64], [40, 29], [41, 26], [42, 26], [43, 25], [44, 68], [46, 68], [47, 51], [48, 6], [49, 67], [49, 53], [50, 32], [50, 14], [50, 58], [51, 4], [51, 60], [52, 18], [52, 61], [53, 24], [53, 27], [54, 37], [55, 26], [56, 16], [57, 42], [57, 40], [57, 1], [58, 36], [59, 16], [59, 56], [60, 39], [60, 52], [61, 34], [62, 41], [62, 50], [63, 69], [63, 54], [64, 30], [64, 55], [65, 31], [66, 70], [70, 35], [70, 74], [71, 11], [71, 46], [72, 57], [72, 8], [73, 63], [73, 21]], "features": {"0": "1", "5": "2", "2": "4", "71": "3", "11": "5", "46": "4", "3": "2", "12": "3", "4": "2", "68": "3", "62": "3", "6": "3", "65": "2", "17": "1", "8": "2", "57": "5", "9": "2", "72": "4", "10": "3", "25": "9", "44": "2", "38": "1", "28": "4", "15": "1", "13": "2", "70": "4", "14": "3", "33": "1", "18": "2", "34": "3", "19": "3", "20": "3", "21": "5", "22": "3", "37": "4", "23": "3", "7": "1", "24": "2", "67": "2", "49": "4", "43": "3", "27": "3", "45": "1", "59": "3", "51": "4", "47": "2", "30": "6", "31": "3", "66": "2", "32": "2", "48": "2", "36": "2", "26": "4", "73": "3", "39": "2", "52": "4", "40": "3", "64": "3", "29": "1", "41": "2", "42": "2", "53": "3", "50": "4", "58": "2", "60": "3", "61": "2", "54": "2", "55": "2", "56": "2", "16": "2", "1": "1", "63": "3", "69": "1", "35": "1", "74": "1"}}