{"edges": [[9, 10], [10, 11], [11, 12], [12, 13], [13, 14], [14, 15], [14, 86], [15, 16], [16, 17], [16, 38], [17, 18], [18, 19], [18, 28], [19, 20], [20, 21], [21, 22], [22, 23], [23, 24], [24, 25], [24, 27], [25, 26], [28, 29], [28, 36], [29, 30], [30, 31], [31, 32], [32, 33], [33, 34], [34, 35], [36, 37], [38, 39], [39, 40], [40, 41], [41, 48], [41, 42], [42, 43], [43, 44], [44, 45], [45, 46], [46, 47], [48, 49], [48, 57], [48, 64], [49, 50], [49, 53], [50, 51], [51, 52], [53, 54], [54, 55], [55, 56], [57, 58], [58, 59], [59, 60], [60, 61], [61, 62], [62, 63], [64, 65], [65, 66], [65, 73], [66, 67], [67, 68], [68, 69], [69, 70], [70, 71], [71, 72], [73, 74], [74, 75], [75, 76], [75, 78], [76, 77], [78, 79], [79, 80], [79, 81], [79, 83], [81, 82], [83, 84], [84, 85], [86, 87], [86, 116], [87, 88], [88, 89], [88, 91], [89, 90], [91, 92], [91, 94], [92, 93], [94, 95], [94, 98], [95, 96], [96, 97], [98, 99], [98, 112], [99, 100], [99, 106], [100, 101], [101, 102], [101, 104], [102, 103], [104, 105], [106, 107], [107, 108], [107, 111], [108, 109], [109, 110], [112, 113], [113, 114], [114, 115], [116, 117], [116, 123], [117, 118], [118, 119], [118, 121], [119, 120], [121, 122], [123, 124], [124, 125], [125, 126]], "features": {"9": "1", "10": "2", "11": "2", "12": "2", "13": "2", "14": "3", "15": "2", "86": "3", "16": "3", "17": "2", "38": "2", "18": "3", "19": "2", "28": "3", "20": "2", "21": "2", "22": "2", "23": "2", "24": "3", "25": "2", "27": "1", "26": "1", "29": "2", "36": "2", "30": "2", "31": "2", "32": "2", "33": "2", "34": "2", "35": "1", "37": "1", "39": "2", "40": "2", "41": "3", "48": "4", "42": "2", "43": "2", "44": "2", "45": "2", "46": "2", "47": "1", "49": "3", "57": "2", "64": "2", "50": "2", "53": "2", "51": "2", "52": "1", "54": "2", "55": "2", "56": "1", "58": "2", "59": "2", "60": "2", "61": "2", "62": "2", "63": "1", "65": "3", "66": "2", "73": "2", "67": "2", "68": "2", "69": "2", "70": "2", "71": "2", "72": "1", "74": "2", "75": "3", "76": "2", "78": "2", "77": "1", "79": "4", "80": "1", "81": "2", "83": "2", "82": "1", "84": "2", "85": "1", "87": "2", "116": "3", "88": "3", "89": "2", "91": "3", "90": "1", "92": "2", "94": "3", "93": "1", "95": "2", "98": "3", "96": "2", "97": "1", "99": "3", "112": "2", "100": "2", "106": "2", "101": "3", "102": "2", "104": "2", "103": "1", "105": "1", "107": "3", "108": "2", "111": "1", "109": "2", "110": "1", "113": "2", "114": "2", "115": "1", "117": "2", "123": "2", "118": "3", "119": "2", "121": "2", "120": "1", "122": "1", "124": "2", "125": "2", "126": "1"}}