{"edges": [[1, 3], [1, 21], [3, 31], [4, 5], [5, 13], [7, 34], [11, 19], [11, 16], [12, 52], [16, 12], [19, 25], [19, 30], [20, 15], [21, 41], [22, 7], [23, 4], [23, 29], [25, 32], [26, 48], [29, 22], [30, 26], [31, 49], [36, 37], [37, 46], [39, 11], [39, 23], [41, 8], [41, 44], [42, 20], [46, 42], [47, 51], [48, 36], [49, 39], [52, 53], [53, 47]], "features": {"1": "2", "3": "2", "21": "2", "31": "2", "4": "2", "5": "2", "13": "1", "7": "2", "34": "1", "11": "3", "19": "3", "16": "2", "12": "2", "52": "2", "25": "2", "30": "2", "20": "2", "15": "1", "41": "3", "22": "2", "23": "3", "29": "2", "32": "1", "26": "2", "48": "2", "49": "2", "36": "2", "37": "2", "46": "2", "39": "3", "8": "1", "44": "1", "42": "2", "47": "2", "51": "1", "53": "2"}}