{"edges": [[1, 2], [2, 5], [2, 7], [3, 11], [3, 12], [4, 3], [4, 9], [5, 6], [6, 13], [7, 8], [8, 4], [9, 12], [10, 20], [10, 18], [11, 15], [12, 17], [12, 16], [13, 10], [13, 19], [14, 10], [15, 10], [15, 19], [16, 19], [17, 15], [18, 21], [19, 14], [19, 20], [20, 21], [21, 22], [22, 23], [23, 28], [23, 26], [24, 30], [24, 27], [25, 30], [25, 27], [26, 24], [27, 30], [27, 29], [28, 25], [29, 37], [29, 31], [30, 35], [31, 34], [31, 36], [32, 33], [33, 37], [33, 31], [34, 39], [35, 33], [36, 38], [36, 40], [37, 38], [38, 42], [39, 32], [40, 44], [41, 42], [42, 41], [43, 44], [44, 43]], "features": {"1": "1", "2": "3", "5": "2", "7": "2", "3": "3", "11": "2", "12": "4", "4": "3", "9": "2", "6": "2", "13": "3", "8": "2", "10": "5", "20": "3", "18": "2", "15": "4", "17": "2", "16": "2", "19": "5", "14": "2", "21": "3", "22": "2", "23": "3", "28": "2", "26": "2", "24": "3", "30": "4", "27": "4", "25": "3", "29": "3", "37": "3", "31": "4", "35": "2", "34": "2", "36": "3", "32": "2", "33": "4", "39": "2", "38": "3", "40": "2", "42": "3", "44": "3", "41": "2", "43": "2"}}