{"edges": [[1, 2], [2, 3], [3, 52], [4, 81], [6, 7], [7, 16], [8, 32], [9, 94], [10, 12], [12, 112], [13, 14], [14, 15], [15, 58], [16, 119], [17, 45], [18, 101], [20, 95], [21, 82], [22, 104], [24, 25], [25, 114], [26, 27], [27, 111], [30, 31], [31, 73], [32, 69], [32, 102], [33, 34], [34, 35], [35, 36], [36, 98], [37, 5], [38, 85], [39, 109], [39, 86], [40, 63], [42, 88], [43, 96], [43, 4], [44, 72], [45, 48], [45, 108], [45, 69], [48, 76], [49, 117], [52, 21], [53, 30], [56, 83], [58, 26], [59, 51], [59, 64], [59, 42], [61, 43], [63, 9], [64, 65], [65, 84], [67, 38], [68, 115], [69, 89], [72, 39], [74, 44], [75, 33], [76, 8], [78, 18], [78, 56], [79, 6], [81, 59], [82, 22], [82, 40], [83, 118], [84, 13], [85, 29], [86, 93], [88, 37], [88, 54], [89, 46], [90, 91], [91, 92], [92, 24], [93, 78], [94, 110], [95, 70], [96, 53], [98, 99], [99, 68], [99, 105], [102, 103], [102, 61], [104, 67], [105, 106], [106, 107], [107, 62], [108, 49], [110, 90], [110, 108], [111, 75], [111, 10], [112, 74], [114, 17], [115, 79], [118, 20]], "features": {"1": "1", "2": "2", "3": "2", "52": "2", "4": "2", "81": "2", "6": "2", "7": "2", "16": "2", "8": "2", "32": "3", "9": "2", "94": "2", "10": "2", "12": "2", "112": "2", "13": "2", "14": "2", "15": "2", "58": "2", "119": "1", "17": "2", "45": "4", "18": "2", "101": "1", "20": "2", "95": "2", "21": "2", "82": "3", "22": "2", "104": "2", "24": "2", "25": "2", "114": "2", "26": "2", "27": "2", "111": "3", "30": "2", "31": "2", "73": "1", "69": "3", "102": "3", "33": "2", "34": "2", "35": "2", "36": "2", "98": "2", "37": "2", "5": "1", "38": "2", "85": "2", "39": "3", "109": "1", "86": "2", "40": "2", "63": "2", "42": "2", "88": "3", "43": "3", "96": "2", "44": "2", "72": "2", "48": "2", "108": "3", "76": "2", "49": "2", "117": "1", "53": "2", "56": "2", "83": "2", "59": "4", "51": "1", "64": "2", "61": "2", "65": "2", "84": "2", "67": "2", "68": "2", "115": "2", "89": "2", "74": "2", "75": "2", "78": "3", "79": "2", "118": "2", "29": "1", "93": "2", "54": "1", "46": "1", "90": "2", "91": "2", "92": "2", "110": "3", "70": "1", "99": "3", "105": "2", "103": "1", "106": "2", "107": "2", "62": "1"}}