{"edges": [[1, 2], [2, 3], [3, 4], [4, 71], [7, 19], [8, 32], [8, 40], [10, 45], [11, 66], [12, 68], [13, 24], [15, 11], [15, 63], [16, 81], [17, 85], [19, 106], [19, 94], [20, 26], [20, 77], [21, 42], [23, 37], [24, 10], [25, 95], [27, 30], [28, 7], [29, 65], [30, 57], [32, 33], [33, 96], [34, 107], [36, 25], [37, 49], [40, 53], [41, 23], [42, 8], [43, 50], [45, 84], [46, 47], [47, 110], [48, 99], [49, 108], [50, 29], [52, 102], [53, 86], [54, 112], [56, 21], [56, 16], [57, 28], [58, 59], [59, 15], [60, 70], [62, 52], [63, 12], [65, 20], [66, 67], [67, 27], [67, 73], [68, 56], [70, 13], [71, 58], [72, 93], [73, 88], [77, 78], [78, 79], [79, 105], [80, 100], [81, 74], [85, 34], [85, 80], [86, 6], [88, 98], [90, 91], [91, 46], [94, 90], [95, 41], [95, 54], [96, 36], [98, 17], [99, 113], [102, 103], [103, 38], [105, 76], [106, 82], [108, 109], [109, 60], [109, 72], [110, 62], [110, 48], [112, 43]], "features": {"1": "1", "2": "2", "3": "2", "4": "2", "71": "2", "7": "2", "19": "3", "8": "3", "32": "2", "40": "2", "10": "2", "45": "2", "11": "2", "66": "2", "12": "2", "68": "2", "13": "2", "24": "2", "15": "3", "63": "2", "16": "2", "81": "2", "17": "2", "85": "3", "106": "2", "94": "2", "20": "3", "26": "1", "77": "2", "21": "2", "42": "2", "23": "2", "37": "2", "25": "2", "95": "3", "27": "2", "30": "2", "28": "2", "29": "2", "65": "2", "57": "2", "33": "2", "96": "2", "34": "2", "107": "1", "36": "2", "49": "2", "53": "2", "41": "2", "43": "2", "50": "2", "84": "1", "46": "2", "47": "2", "110": "3", "48": "2", "99": "2", "108": "2", "52": "2", "102": "2", "86": "2", "54": "2", "112": "2", "56": "3", "58": "2", "59": "2", "60": "2", "70": "2", "62": "2", "67": "3", "73": "2", "72": "2", "93": "1", "88": "2", "78": "2", "79": "2", "105": "2", "80": "2", "100": "1", "74": "1", "6": "1", "98": "2", "90": "2", "91": "2", "113": "1", "103": "2", "38": "1", "76": "1", "82": "1", "109": "3"}}