{"edges": [[1, 2], [2, 3], [3, 4], [4, 6], [4, 40], [7, 8], [7, 10], [8, 12], [8, 15], [10, 36], [10, 38], [12, 13], [12, 16], [15, 18], [16, 21], [16, 22], [18, 19], [19, 28], [19, 31], [21, 25], [21, 27], [28, 32], [28, 34], [36, 52], [36, 54], [38, 39], [39, 51], [39, 53], [40, 42], [40, 46], [40, 50], [42, 44], [42, 48], [46, 47], [48, 49], [50, 55], [50, 56], [54, 8]], "features": {"1": "1", "2": "2", "3": "2", "4": "3", "6": "1", "40": "4", "7": "2", "8": "4", "10": "3", "12": "3", "15": "2", "36": "3", "38": "2", "13": "1", "16": "3", "18": "2", "21": "3", "22": "1", "19": "3", "28": "3", "31": "1", "25": "1", "27": "1", "32": "1", "34": "1", "52": "1", "54": "2", "39": "3", "51": "1", "53": "1", "42": "3", "46": "2", "50": "3", "44": "1", "48": "2", "47": "1", "49": "1", "55": "1", "56": "1"}}