{"edges": [[1, 2], [2, 1], [2, 3], [2, 3], [3, 2], [3, 5], [3, 2], [4, 5], [5, 4], [5, 3], [5, 15], [5, 13], [6, 1], [7, 8], [8, 7], [8, 10], [9, 19], [9, 8], [9, 8], [10, 8], [10, 11], [11, 10], [12, 13], [13, 12], [13, 5], [14, 15], [14, 17], [15, 14], [15, 5], [16, 17], [16, 19], [17, 18], [17, 16], [17, 14], [18, 17], [19, 9], [19, 16]], "features": {"1": "3", "2": "6", "3": "6", "5": "8", "4": "2", "15": "4", "13": "4", "6": "1", "7": "2", "8": "6", "10": "4", "9": "4", "19": "4", "11": "2", "12": "2", "14": "4", "17": "6", "16": "4", "18": "2"}}