{"edges": [[1, 2], [2, 3], [3, 97], [4, 25], [4, 38], [5, 83], [6, 15], [8, 17], [9, 74], [10, 88], [14, 48], [15, 29], [15, 5], [17, 96], [18, 19], [19, 94], [20, 21], [21, 6], [22, 89], [22, 112], [24, 10], [25, 75], [27, 9], [28, 105], [29, 71], [30, 82], [21, 111], [34, 35], [35, 90], [38, 75], [39, 27], [40, 104], [41, 68], [43, 24], [44, 17], [45, 30], [46, 31], [47, 40], [47, 105], [48, 37], [50, 51], [51, 63], [51, 87], [52, 53], [53, 54], [54, 45], [55, 28], [56, 76], [58, 34], [59, 60], [60, 61], [61, 67], [63, 98], [64, 117], [66, 59], [67, 93], [67, 101], [68, 70], [70, 47], [71, 92], [73, 13], [74, 22], [75, 79], [76, 46], [79, 64], [79, 32], [80, 81], [81, 43], [82, 14], [82, 109], [83, 58], [83, 91], [84, 100], [84, 77], [86, 13], [88, 20], [88, 18], [89, 62], [90, 86], [90, 73], [91, 116], [92, 103], [93, 84], [96, 50], [97, 56], [97, 52], [100, 115], [101, 41], [103, 110], [104, 80], [105, 106], [106, 107], [107, 108], [108, 4], [109, 39], [110, 8], [110, 44], [111, 66], [112, 55]], "features": {"1": "1", "2": "2", "3": "2", "97": "3", "4": "3", "25": "2", "38": "2", "5": "2", "83": "3", "6": "2", "15": "3", "8": "2", "17": "3", "9": "2", "74": "2", "10": "2", "88": "3", "14": "2", "48": "2", "29": "2", "96": "2", "18": "2", "19": "2", "94": "1", "20": "2", "21": "3", "22": "3", "89": "2", "112": "2", "24": "2", "75": "3", "27": "2", "28": "2", "105": "3", "71": "2", "30": "2", "82": "3", "111": "2", "34": "2", "35": "2", "90": "3", "39": "2", "40": "2", "104": "2", "41": "2", "68": "2", "43": "2", "44": "2", "45": "2", "46": "2", "31": "1", "47": "3", "37": "1", "50": "2", "51": "3", "63": "2", "87": "1", "52": "2", "53": "2", "54": "2", "55": "2", "56": "2", "76": "2", "58": "2", "59": "2", "60": "2", "61": "2", "67": "3", "98": "1", "64": "2", "117": "1", "66": "2", "93": "2", "101": "2", "70": "2", "92": "2", "73": "2", "13": "2", "79": "3", "32": "1", "80": "2", "81": "2", "109": "2", "91": "2", "84": "3", "100": "2", "77": "1", "86": "2", "62": "1", "116": "1", "103": "2", "115": "1", "110": "3", "106": "2", "107": "2", "108": "2"}}