{"edges": [[1, 6], [3, 17], [6, 10], [6, 17], [10, 3], [10, 17], [14, 42], [17, 27], [17, 25], [21, 50], [21, 38], [25, 42], [25, 14], [27, 25], [31, 64], [35, 68], [38, 45], [38, 75], [42, 21], [45, 75], [47, 35], [50, 60], [50, 38], [53, 78], [58, 70], [60, 38], [64, 58], [64, 70], [68, 53], [70, 47], [70, 35], [75, 31], [78, 80]], "features": {"1": "1", "6": "3", "3": "2", "17": "5", "10": "3", "14": "2", "42": "3", "27": "2", "25": "4", "21": "3", "50": "3", "38": "5", "31": "2", "64": "3", "35": "3", "68": "2", "45": "2", "75": "3", "47": "2", "60": "2", "53": "2", "78": "2", "58": "2", "70": "4", "80": "1"}}