{"edges": [[0, 1], [1, 2], [2, 3], [3, 4], [3, 16], [4, 5], [5, 7], [5, 10], [7, 8], [8, 9], [9, 14], [10, 12], [12, 13], [14, 15], [15, 20], [15, 26], [16, 17], [17, 18], [18, 24], [18, 28], [20, 21], [21, 22], [22, 23], [24, 25], [26, 27], [27, 30], [27, 38], [28, 29], [29, 34], [29, 40], [30, 31], [31, 32], [32, 33], [34, 35], [35, 36], [36, 37], [38, 39], [40, 41]], "features": {"0": "1", "1": "2", "2": "2", "3": "3", "4": "2", "16": "2", "5": "3", "7": "2", "10": "2", "8": "2", "9": "2", "14": "2", "12": "2", "13": "1", "15": "3", "20": "2", "26": "2", "17": "2", "18": "3", "24": "2", "28": "2", "21": "2", "22": "2", "23": "1", "25": "1", "27": "3", "30": "2", "38": "2", "29": "3", "34": "2", "40": "2", "31": "2", "32": "2", "33": "1", "35": "2", "36": "2", "37": "1", "39": "1", "41": "1"}}