{"edges": [[1, 3], [1, 2], [2, 4], [2, 7], [3, 6], [3, 5], [4, 11], [4, 25], [5, 15], [5, 8], [6, 12], [6, 18], [7, 9], [7, 10], [8, 17], [8, 43], [9, 29], [10, 120], [10, 14], [11, 16], [11, 21], [12, 19], [14, 20], [14, 27], [15, 24], [17, 37], [17, 53], [18, 22], [18, 26], [19, 40], [19, 36], [20, 23], [21, 54], [23, 33], [24, 30], [24, 32], [25, 34], [25, 123], [26, 22], [26, 31], [27, 33], [29, 39], [31, 38], [31, 69], [32, 60], [32, 52], [33, 48], [33, 61], [34, 41], [34, 59], [36, 40], [36, 18], [37, 106], [37, 67], [38, 114], [38, 44], [39, 10], [39, 42], [40, 50], [41, 65], [42, 49], [42, 58], [43, 47], [43, 62], [44, 45], [47, 57], [47, 70], [48, 80], [48, 51], [49, 10], [49, 51], [50, 56], [50, 130], [52, 84], [52, 60], [53, 106], [53, 125], [54, 68], [54, 111], [56, 64], [56, 90], [57, 93], [57, 121], [58, 63], [58, 71], [59, 65], [60, 97], [60, 86], [61, 79], [61, 88], [62, 89], [62, 83], [64, 77], [64, 76], [65, 72], [65, 81], [67, 85], [67, 78], [68, 73], [68, 94], [69, 74], [69, 92], [70, 89], [70, 83], [71, 63], [71, 82], [72, 91], [73, 100], [76, 128], [76, 126], [77, 132], [77, 116], [78, 106], [79, 88], [81, 91], [82, 96], [84, 95], [85, 101], [85, 105], [86, 112], [88, 103], [89, 127], [90, 64], [91, 129], [91, 108], [93, 136], [93, 98], [94, 113], [95, 122], [96, 104], [97, 99], [98, 119], [99, 133], [100, 109], [101, 131], [103, 138], [104, 137], [105, 135], [106, 107], [107, 118], [116, 117], [123, 11], [136, 98]], "features": {"1": "2", "3": "3", "2": "3", "4": "3", "7": "3", "6": "3", "5": "3", "11": "4", "25": "3", "15": "2", "8": "3", "12": "2", "18": "4", "9": "2", "10": "5", "17": "3", "43": "3", "29": "2", "120": "1", "14": "3", "16": "1", "21": "2", "19": "3", "20": "2", "27": "2", "24": "3", "37": "3", "53": "3", "22": "2", "26": "3", "40": "3", "36": "3", "23": "2", "54": "3", "33": "4", "30": "1", "32": "3", "34": "3", "123": "2", "31": "3", "39": "3", "38": "3", "69": "3", "60": "4", "52": "3", "48": "3", "61": "3", "41": "2", "59": "2", "106": "4", "67": "3", "114": "1", "44": "2", "42": "3", "50": "3", "65": "4", "49": "3", "58": "3", "47": "3", "62": "3", "45": "1", "57": "3", "70": "3", "80": "1", "51": "2", "56": "3", "130": "1", "84": "2", "125": "1", "68": "3", "111": "1", "64": "4", "90": "2", "93": "3", "121": "1", "63": "2", "71": "3", "97": "2", "86": "2", "79": "2", "88": "3", "89": "3", "83": "2", "77": "3", "76": "3", "72": "2", "81": "2", "85": "3", "78": "2", "73": "2", "94": "2", "74": "1", "92": "1", "82": "2", "91": "4", "100": "2", "128": "1", "126": "1", "132": "1", "116": "2", "96": "2", "95": "2", "101": "2", "105": "2", "112": "1", "103": "2", "127": "1", "129": "1", "108": "1", "136": "2", "98": "3", "113": "1", "122": "1", "104": "2", "99": "2", "119": "1", "133": "1", "109": "1", "131": "1", "138": "1", "137": "1", "135": "1", "107": "2", "118": "1", "117": "1"}}