{"edges": [[1, 4], [3, 9], [4, 3], [4, 12], [9, 12], [11, 15], [12, 11], [12, 15], [15, 18], [18, 23], [18, 26], [21, 30], [23, 21], [26, 28], [26, 23], [28, 23], [28, 12], [29, 31], [29, 37], [30, 29], [31, 36], [35, 37], [36, 35], [37, 40], [40, 45], [43, 49], [43, 56], [45, 46], [46, 52], [46, 56], [49, 56], [52, 54], [54, 43], [56, 58], [58, 63], [61, 68], [63, 61], [65, 77], [65, 74], [68, 65], [71, 78], [74, 71], [77, 74], [78, 80]], "features": {"1": "1", "4": "3", "3": "2", "9": "2", "12": "5", "11": "2", "15": "3", "18": "3", "23": "4", "26": "3", "21": "2", "30": "2", "28": "3", "29": "3", "31": "2", "37": "3", "36": "2", "35": "2", "40": "2", "45": "2", "43": "3", "49": "2", "56": "4", "46": "3", "52": "2", "54": "2", "58": "2", "63": "2", "61": "2", "68": "2", "65": "3", "77": "2", "74": "3", "71": "2", "78": "2", "80": "1"}}