{"edges": [[1, 2], [2, 3], [3, 57], [3, 103], [5, 58], [6, 62], [8, 42], [8, 53], [9, 66], [11, 20], [12, 72], [13, 38], [13, 84], [14, 79], [17, 25], [19, 13], [20, 117], [20, 75], [21, 71], [22, 36], [22, 82], [23, 28], [25, 56], [26, 27], [27, 81], [28, 17], [29, 116], [29, 74], [30, 5], [30, 59], [32, 100], [32, 89], [33, 119], [33, 80], [35, 95], [37, 85], [39, 61], [41, 33], [42, 49], [43, 111], [43, 108], [46, 47], [47, 92], [47, 52], [49, 110], [52, 68], [53, 64], [54, 106], [56, 94], [56, 35], [57, 6], [58, 16], [59, 4], [62, 63], [63, 8], [64, 54], [64, 12], [66, 43], [68, 30], [69, 50], [71, 86], [71, 23], [72, 73], [73, 14], [73, 91], [74, 113], [76, 77], [77, 44], [77, 101], [78, 115], [78, 118], [79, 112], [79, 21], [80, 37], [81, 96], [84, 22], [85, 76], [89, 87], [87, 26], [87, 42], [89, 104], [91, 11], [92, 51], [94, 32], [95, 41], [96, 69], [98, 39], [98, 105], [103, 43], [104, 99], [106, 107], [107, 9], [107, 67], [108, 29], [110, 46], [111, 78], [112, 19], [113, 90], [116, 42], [119, 98]], "features": {"1": "1", "2": "2", "3": "3", "57": "2", "103": "2", "5": "2", "58": "2", "6": "2", "62": "2", "8": "3", "42": "4", "53": "2", "9": "2", "66": "2", "11": "2", "20": "3", "12": "2", "72": "2", "13": "3", "38": "1", "84": "2", "14": "2", "79": "3", "17": "2", "25": "2", "19": "2", "117": "1", "75": "1", "21": "2", "71": "3", "22": "3", "36": "1", "82": "1", "23": "2", "28": "2", "56": "3", "26": "2", "27": "2", "81": "2", "29": "3", "116": "2", "74": "2", "30": "3", "59": "2", "32": "3", "100": "1", "89": "3", "33": "3", "119": "2", "80": "2", "35": "2", "95": "2", "37": "2", "85": "2", "39": "2", "61": "1", "41": "2", "49": "2", "43": "4", "111": "2", "108": "2", "46": "2", "47": "3", "92": "2", "52": "2", "110": "2", "68": "2", "64": "3", "54": "2", "106": "2", "94": "2", "16": "1", "4": "1", "63": "2", "69": "2", "50": "1", "86": "1", "73": "3", "91": "2", "113": "2", "76": "2", "77": "3", "44": "1", "101": "1", "78": "3", "115": "1", "118": "1", "112": "2", "96": "2", "87": "3", "104": "2", "51": "1", "98": "3", "105": "1", "99": "1", "107": "3", "67": "1", "90": "1"}}