{"edges": [[1, 4], [1, 7], [4, 8], [7, 12], [7, 15], [8, 10], [10, 16], [10, 18], [10, 20], [12, 24], [15, 29], [15, 35], [16, 23], [18, 46], [23, 26], [23, 44], [24, 30], [24, 32], [29, 36], [32, 39], [32, 40], [36, 42], [36, 48], [42, 50], [44, 45], [46, 52], [46, 54], [48, 49], [52, 53], [54, 56]], "features": {"1": "2", "4": "2", "7": "3", "8": "2", "12": "2", "15": "3", "10": "4", "16": "2", "18": "2", "20": "1", "24": "3", "29": "2", "35": "1", "23": "3", "46": "3", "26": "1", "44": "2", "30": "1", "32": "3", "36": "3", "39": "1", "40": "1", "42": "2", "48": "2", "50": "1", "45": "1", "52": "2", "54": "2", "49": "1", "53": "1", "56": "1"}}