{"edges": [[1, 2], [2, 9], [5, 10], [6, 18], [9, 13], [9, 14], [10, 29], [10, 25], [13, 5], [13, 16], [14, 6], [16, 22], [16, 52], [18, 26], [18, 36], [21, 30], [21, 35], [25, 40], [26, 51], [26, 32], [29, 45], [30, 54], [32, 46], [35, 44], [40, 21], [42, 38], [42, 50], [44, 49], [46, 19], [50, 41], [51, 42]], "features": {"1": "1", "2": "2", "9": "3", "5": "2", "10": "3", "6": "2", "18": "3", "13": "3", "14": "2", "29": "2", "25": "2", "16": "3", "22": "1", "52": "1", "26": "3", "36": "1", "21": "3", "30": "2", "35": "2", "40": "2", "51": "2", "32": "2", "45": "1", "54": "1", "46": "2", "44": "2", "42": "3", "38": "1", "50": "2", "49": "1", "19": "1", "41": "1"}}