{"edges": [[1, 2], [2, 3], [3, 58], [4, 34], [4, 73], [5, 63], [6, 17], [6, 29], [7, 30], [8, 22], [8, 16], [9, 47], [11, 33], [12, 64], [13, 69], [14, 39], [15, 36], [16, 28], [17, 80], [22, 55], [23, 77], [24, 56], [25, 37], [26, 81], [26, 42], [27, 18], [27, 78], [28, 53], [29, 46], [30, 45], [32, 43], [33, 52], [33, 13], [34, 75], [36, 48], [38, 11], [39, 51], [42, 27], [43, 86], [44, 38], [45, 85], [46, 65], [47, 41], [49, 72], [51, 59], [52, 14], [53, 62], [54, 20], [55, 84], [56, 82], [56, 49], [57, 87], [58, 24], [58, 66], [59, 26], [60, 67], [60, 79], [63, 25], [63, 70], [64, 8], [65, 4], [66, 6], [67, 76], [69, 74], [70, 15], [72, 12], [73, 9], [74, 23], [75, 83], [78, 35], [79, 57], [80, 44], [81, 7], [82, 60], [83, 54], [84, 32], [84, 88], [87, 5], [87, 68]], "features": {"1": "1", "2": "2", "3": "2", "58": "3", "4": "3", "34": "2", "73": "2", "5": "2", "63": "3", "6": "3", "17": "2", "29": "2", "7": "2", "30": "2", "8": "3", "22": "2", "16": "2", "9": "2", "47": "2", "11": "2", "33": "3", "12": "2", "64": "2", "13": "2", "69": "2", "14": "2", "39": "2", "15": "2", "36": "2", "28": "2", "80": "2", "55": "2", "23": "2", "77": "1", "24": "2", "56": "3", "25": "2", "37": "1", "26": "3", "81": "2", "42": "2", "27": "3", "18": "1", "78": "2", "53": "2", "46": "2", "45": "2", "32": "2", "43": "2", "52": "2", "75": "2", "48": "1", "38": "2", "51": "2", "86": "1", "44": "2", "85": "1", "65": "2", "41": "1", "49": "2", "72": "2", "59": "2", "62": "1", "54": "2", "20": "1", "84": "3", "82": "2", "57": "2", "87": "3", "66": "2", "60": "3", "67": "2", "79": "2", "70": "2", "76": "1", "74": "2", "83": "2", "35": "1", "88": "1", "68": "1"}}