{"edges": [[1, 3], [3, 5], [5, 8], [7, 15], [8, 37], [8, 12], [9, 10], [10, 16], [12, 28], [12, 14], [13, 40], [14, 18], [15, 19], [15, 22], [16, 70], [16, 31], [18, 9], [18, 7], [19, 27], [19, 29], [20, 42], [20, 32], [21, 25], [22, 23], [23, 24], [24, 45], [24, 33], [27, 30], [30, 43], [30, 76], [31, 36], [32, 38], [33, 34], [34, 35], [35, 39], [35, 63], [36, 13], [36, 21], [37, 18], [40, 46], [45, 48], [46, 47], [47, 87], [47, 75], [48, 53], [50, 54], [52, 100], [53, 60], [53, 96], [55, 57], [56, 79], [56, 61], [57, 58], [58, 59], [59, 62], [60, 66], [60, 96], [62, 109], [62, 88], [63, 67], [65, 56], [65, 74], [66, 72], [66, 85], [67, 65], [67, 17], [68, 69], [69, 89], [69, 98], [71, 44], [71, 68], [72, 78], [74, 105], [74, 114], [76, 77], [77, 81], [77, 84], [78, 71], [78, 80], [79, 104], [79, 106], [81, 82], [81, 4], [82, 83], [83, 90], [85, 52], [85, 92], [87, 97], [87, 93], [92, 103], [93, 94], [94, 95], [96, 55], [97, 101], [97, 118], [98, 99], [99, 102], [101, 20], [104, 108], [105, 113], [105, 50], [106, 107], [107, 51], [107, 115], [109, 110], [110, 111], [115, 116], [116, 117]], "features": {"1": "1", "3": "2", "5": "2", "8": "3", "7": "2", "15": "3", "37": "2", "12": "3", "9": "2", "10": "2", "16": "3", "28": "1", "14": "2", "13": "2", "40": "2", "18": "4", "19": "3", "22": "2", "70": "1", "31": "2", "27": "2", "29": "1", "20": "3", "42": "1", "32": "2", "21": "2", "25": "1", "23": "2", "24": "3", "45": "2", "33": "2", "30": "3", "43": "1", "76": "2", "36": "3", "38": "1", "34": "2", "35": "3", "39": "1", "63": "2", "46": "2", "48": "2", "47": "3", "87": "3", "75": "1", "53": "3", "50": "2", "54": "1", "52": "2", "100": "1", "60": "3", "96": "3", "55": "2", "57": "2", "56": "3", "79": "3", "61": "1", "58": "2", "59": "2", "62": "3", "66": "3", "109": "2", "88": "1", "67": "3", "65": "3", "74": "3", "72": "2", "85": "3", "17": "1", "68": "2", "69": "3", "89": "1", "98": "2", "71": "3", "44": "1", "78": "3", "105": "3", "114": "1", "77": "3", "81": "3", "84": "1", "80": "1", "104": "2", "106": "2", "82": "2", "4": "1", "83": "2", "90": "1", "92": "2", "97": "3", "93": "2", "103": "1", "94": "2", "95": "1", "101": "2", "118": "1", "99": "2", "102": "1", "108": "1", "113": "1", "107": "3", "51": "1", "115": "2", "110": "2", "111": "1", "116": "2", "117": "1"}}