{"edges": [[1, 6], [2, 12], [3, 8], [5, 10], [6, 11], [8, 18], [8, 41], [10, 14], [10, 2], [11, 21], [12, 3], [12, 8], [14, 42], [15, 5], [16, 30], [18, 25], [19, 40], [21, 26], [22, 36], [22, 54], [25, 38], [25, 16], [26, 15], [27, 58], [28, 19], [30, 40], [33, 44], [33, 67], [34, 7], [35, 25], [36, 63], [38, 28], [39, 33], [40, 51], [40, 69], [41, 22], [41, 35], [44, 74], [45, 53], [46, 27], [48, 73], [48, 95], [49, 87], [51, 70], [53, 66], [53, 62], [54, 16], [56, 23], [59, 100], [62, 72], [62, 83], [63, 92], [65, 98], [65, 102], [66, 49], [67, 34], [68, 61], [69, 46], [70, 39], [72, 106], [73, 56], [76, 80], [77, 97], [78, 45], [78, 85], [79, 111], [80, 48], [82, 55], [83, 65], [84, 59], [85, 94], [87, 68], [87, 82], [89, 76], [89, 79], [90, 107], [91, 105], [92, 78], [94, 108], [94, 50], [95, 77], [95, 84], [98, 103], [99, 112], [102, 91], [103, 99], [106, 31], [107, 110], [108, 90], [108, 89], [110, 88]], "features": {"1": "1", "6": "2", "2": "2", "12": "3", "3": "2", "8": "4", "5": "2", "10": "3", "11": "2", "18": "2", "41": "3", "14": "2", "21": "2", "42": "1", "15": "2", "16": "3", "30": "2", "25": "4", "19": "2", "40": "4", "26": "2", "22": "3", "36": "2", "54": "2", "38": "2", "27": "2", "58": "1", "28": "2", "33": "3", "44": "2", "67": "2", "34": "2", "7": "1", "35": "2", "63": "2", "39": "2", "51": "2", "69": "2", "74": "1", "45": "2", "53": "3", "46": "2", "48": "3", "73": "2", "95": "3", "49": "2", "87": "3", "70": "2", "66": "2", "62": "3", "56": "2", "23": "1", "59": "2", "100": "1", "72": "2", "83": "2", "92": "2", "65": "3", "98": "2", "102": "2", "68": "2", "61": "1", "106": "2", "76": "2", "80": "2", "77": "2", "97": "1", "78": "3", "85": "2", "79": "2", "111": "1", "82": "2", "55": "1", "84": "2", "94": "3", "89": "3", "90": "2", "107": "2", "91": "2", "105": "1", "108": "3", "50": "1", "103": "2", "99": "2", "112": "1", "31": "1", "110": "2", "88": "1"}}