{"edges": [[1, 2], [2, 4], [4, 8], [6, 67], [7, 76], [7, 97], [8, 10], [8, 50], [10, 24], [10, 6], [12, 22], [12, 18], [13, 21], [15, 38], [15, 20], [16, 11], [16, 14], [18, 7], [20, 3], [21, 30], [21, 105], [22, 69], [22, 66], [24, 57], [25, 56], [26, 13], [27, 12], [27, 17], [29, 37], [30, 31], [31, 45], [31, 32], [32, 49], [34, 48], [24, 40], [35, 53], [35, 39], [36, 47], [37, 26], [37, 34], [39, 51], [39, 44], [42, 69], [42, 66], [46, 3], [47, 55], [47, 42], [48, 35], [48, 43], [50, 72], [50, 36], [56, 65], [56, 58], [57, 29], [57, 96], [58, 60], [60, 54], [60, 77], [62, 16], [62, 27], [63, 78], [65, 9], [65, 71], [67, 75], [69, 25], [69, 61], [70, 114], [72, 63], [72, 91], [75, 62], [75, 15], [76, 82], [78, 93], [78, 85], [80, 84], [80, 90], [81, 73], [81, 94], [82, 95], [82, 88], [85, 80], [85, 79], [88, 70], [88, 46], [91, 18], [93, 87], [93, 81], [97, 111], [99, 103], [99, 112], [105, 115], [105, 106], [106, 107], [107, 110], [107, 108], [108, 102], [108, 99], [109, 113], [110, 100], [111, 109], [111, 101]], "features": {"1": "1", "2": "2", "4": "2", "8": "3", "6": "2", "67": "2", "7": "3", "76": "2", "97": "2", "10": "3", "50": "3", "24": "3", "12": "3", "22": "3", "18": "3", "13": "2", "21": "3", "15": "3", "38": "1", "20": "2", "16": "3", "11": "1", "14": "1", "3": "2", "30": "2", "105": "3", "69": "4", "66": "2", "57": "3", "25": "2", "56": "3", "26": "2", "27": "3", "17": "1", "29": "2", "37": "3", "31": "3", "45": "1", "32": "2", "49": "1", "34": "2", "48": "3", "40": "1", "35": "3", "53": "1", "39": "3", "36": "2", "47": "3", "51": "1", "44": "1", "42": "3", "46": "2", "55": "1", "43": "1", "72": "3", "65": "3", "58": "2", "96": "1", "60": "3", "54": "1", "77": "1", "62": "3", "63": "2", "78": "3", "9": "1", "71": "1", "75": "3", "61": "1", "70": "2", "114": "1", "91": "2", "82": "3", "93": "3", "85": "3", "80": "3", "84": "1", "90": "1", "81": "3", "73": "1", "94": "1", "95": "1", "88": "3", "79": "1", "87": "1", "111": "3", "99": "3", "103": "1", "112": "1", "115": "1", "106": "2", "107": "3", "110": "2", "108": "3", "102": "1", "109": "2", "113": "1", "100": "1", "101": "1"}}