{"edges": [[1, 3], [3, 8], [5, 33], [5, 11], [6, 9], [8, 14], [8, 19], [9, 39], [11, 48], [11, 22], [12, 18], [14, 5], [17, 51], [18, 35], [18, 29], [19, 21], [21, 26], [22, 55], [25, 52], [26, 27], [27, 12], [27, 6], [28, 41], [29, 31], [31, 28], [33, 25], [33, 17], [34, 44], [35, 37], [37, 34], [39, 42], [39, 47]], "features": {"1": "1", "3": "2", "8": "3", "5": "3", "33": "3", "11": "3", "6": "2", "9": "2", "14": "2", "19": "2", "39": "3", "48": "1", "22": "2", "12": "2", "18": "3", "17": "2", "51": "1", "35": "2", "29": "2", "21": "2", "26": "2", "55": "1", "25": "2", "52": "1", "27": "3", "28": "2", "41": "1", "31": "2", "34": "2", "44": "1", "37": "2", "42": "1", "47": "1"}}