{"edges": [[1, 39], [2, 3], [3, 13], [4, 42], [4, 32], [6, 44], [7, 26], [9, 117], [9, 100], [10, 11], [11, 48], [12, 18], [13, 14], [14, 31], [14, 9], [16, 24], [17, 85], [18, 7], [18, 25], [20, 37], [20, 16], [21, 22], [22, 23], [24, 56], [26, 30], [28, 111], [28, 110], [30, 6], [30, 35], [31, 12], [31, 20], [32, 72], [32, 17], [33, 79], [35, 43], [35, 27], [35, 71], [36, 65], [36, 109], [37, 10], [37, 28], [39, 2], [40, 57], [46, 47], [47, 102], [48, 108], [50, 51], [51, 61], [52, 75], [56, 50], [56, 66], [57, 4], [62, 101], [68, 59], [68, 52], [69, 73], [71, 104], [72, 81], [73, 60], [75, 94], [75, 82], [76, 118], [78, 95], [79, 87], [79, 84], [81, 105], [83, 113], [83, 91], [84, 90], [86, 45], [87, 99], [90, 74], [90, 46], [91, 92], [92, 93], [93, 78], [94, 112], [99, 86], [99, 114], [100, 107], [101, 54], [101, 69], [101, 38], [102, 76], [104, 21], [104, 40], [108, 62], [108, 53], [109, 89], [110, 68], [111, 33], [113, 96], [114, 115], [115, 83], [117, 36]], "features": {"1": "1", "39": "2", "2": "2", "3": "2", "13": "2", "4": "3", "42": "1", "32": "3", "6": "2", "44": "1", "7": "2", "26": "2", "9": "3", "117": "2", "100": "2", "10": "2", "11": "2", "48": "2", "12": "2", "18": "3", "14": "3", "31": "3", "16": "2", "24": "2", "17": "2", "85": "1", "25": "1", "20": "3", "37": "3", "21": "2", "22": "2", "23": "1", "56": "3", "30": "3", "28": "3", "111": "2", "110": "2", "35": "4", "72": "2", "33": "2", "79": "3", "43": "1", "27": "1", "71": "2", "36": "3", "65": "1", "109": "2", "40": "2", "57": "2", "46": "2", "47": "2", "102": "2", "108": "3", "50": "2", "51": "2", "61": "1", "52": "2", "75": "3", "66": "1", "62": "2", "101": "4", "68": "3", "59": "1", "69": "2", "73": "2", "104": "3", "81": "2", "60": "1", "94": "2", "82": "1", "76": "2", "118": "1", "78": "2", "95": "1", "87": "2", "84": "2", "105": "1", "83": "3", "113": "2", "91": "2", "90": "3", "86": "2", "45": "1", "99": "3", "74": "1", "92": "2", "93": "2", "112": "1", "114": "2", "107": "1", "54": "1", "38": "1", "53": "1", "89": "1", "96": "1", "115": "2"}}