{"edges": [[1, 29], [4, 81], [5, 15], [5, 12], [7, 14], [8, 13], [8, 26], [9, 32], [9, 28], [10, 6], [10, 91], [12, 27], [13, 26], [13, 37], [14, 101], [15, 9], [15, 59], [16, 23], [16, 30], [17, 61], [17, 22], [18, 24], [20, 5], [24, 10], [24, 75], [25, 28], [25, 116], [26, 33], [27, 6], [29, 8], [30, 25], [31, 58], [31, 77], [33, 20], [34, 87], [35, 87], [35, 36], [38, 109], [42, 89], [42, 92], [43, 100], [43, 113], [45, 50], [45, 107], [50, 98], [50, 115], [51, 112], [51, 41], [52, 97], [55, 93], [55, 34], [56, 111], [57, 110], [59, 18], [60, 31], [61, 66], [61, 22], [62, 76], [64, 108], [66, 84], [68, 72], [68, 37], [70, 88], [71, 40], [71, 79], [72, 114], [76, 49], [76, 102], [77, 16], [78, 117], [78, 92], [79, 56], [81, 94], [81, 90], [82, 11], [82, 35], [83, 57], [83, 11], [84, 21], [84, 78], [86, 83], [87, 60], [87, 74], [88, 55], [89, 118], [90, 99], [91, 82], [93, 80], [93, 51], [95, 98], [95, 105], [97, 44], [97, 95], [99, 120], [101, 104], [101, 92], [102, 43], [103, 106], [104, 119], [105, 64], [106, 62], [106, 39], [108, 44], [108, 98], [108, 7], [109, 45], [109, 96], [110, 71], [111, 37], [111, 70], [112, 68], [113, 38], [114, 67], [114, 4], [114, 41], [115, 52], [116, 17], [117, 86], [118, 49], [118, 103], [119, 121], [120, 42]], "features": {"1": "1", "29": "2", "4": "2", "81": "3", "5": "3", "15": "3", "12": "2", "7": "2", "14": "2", "8": "3", "13": "3", "26": "3", "9": "3", "32": "1", "28": "2", "10": "3", "6": "2", "91": "2", "27": "2", "37": "3", "101": "3", "59": "2", "16": "3", "23": "1", "30": "2", "17": "3", "61": "3", "22": "2", "18": "2", "24": "3", "20": "2", "75": "1", "25": "3", "116": "2", "33": "2", "31": "3", "58": "1", "77": "2", "34": "2", "87": "4", "35": "3", "36": "1", "38": "2", "109": "3", "42": "3", "89": "2", "92": "3", "43": "3", "100": "1", "113": "2", "45": "3", "50": "3", "107": "1", "98": "3", "115": "2", "51": "3", "112": "2", "41": "2", "52": "2", "97": "3", "55": "3", "93": "3", "56": "2", "111": "3", "57": "2", "110": "2", "60": "2", "66": "2", "62": "2", "76": "3", "64": "2", "108": "4", "84": "3", "68": "3", "72": "2", "70": "2", "88": "2", "71": "3", "40": "1", "79": "2", "114": "4", "49": "2", "102": "2", "78": "3", "117": "2", "94": "1", "90": "2", "82": "3", "11": "2", "83": "3", "21": "1", "86": "2", "74": "1", "118": "3", "99": "2", "80": "1", "95": "3", "105": "2", "44": "2", "120": "2", "104": "2", "103": "2", "106": "3", "119": "2", "39": "1", "96": "1", "67": "1", "121": "1"}}