{"edges": [[1, 2], [2, 3], [3, 53], [4, 86], [6, 25], [7, 60], [8, 9], [9, 36], [10, 18], [11, 106], [13, 85], [14, 91], [15, 55], [16, 81], [17, 8], [18, 79], [20, 21], [21, 88], [22, 28], [22, 110], [24, 78], [24, 105], [25, 63], [25, 51], [26, 52], [28, 82], [29, 111], [30, 74], [31, 22], [32, 14], [34, 101], [36, 100], [37, 6], [38, 58], [39, 20], [40, 83], [42, 94], [43, 98], [44, 23], [46, 50], [47, 16], [48, 49], [49, 64], [50, 34], [51, 68], [52, 104], [53, 24], [55, 29], [56, 96], [57, 109], [58, 97], [60, 32], [63, 75], [64, 87], [64, 17], [68, 76], [69, 48], [70, 42], [73, 43], [74, 15], [74, 38], [75, 112], [76, 31], [78, 7], [79, 61], [81, 46], [81, 39], [82, 57], [83, 65], [86, 40], [87, 26], [88, 89], [89, 30], [90, 102], [91, 69], [92, 56], [94, 47], [96, 90], [97, 92], [98, 84], [100, 37], [101, 4], [101, 11], [102, 73], [102, 13], [104, 93], [104, 44], [106, 107], [107, 108], [108, 67], [109, 70], [110, 10]], "features": {"1": "1", "2": "2", "3": "2", "53": "2", "4": "2", "86": "2", "6": "2", "25": "3", "7": "2", "60": "2", "8": "2", "9": "2", "36": "2", "10": "2", "18": "2", "11": "2", "106": "2", "13": "2", "85": "1", "14": "2", "91": "2", "15": "2", "55": "2", "16": "2", "81": "3", "17": "2", "79": "2", "20": "2", "21": "2", "88": "2", "22": "3", "28": "2", "110": "2", "24": "3", "78": "2", "105": "1", "63": "2", "51": "2", "26": "2", "52": "2", "82": "2", "29": "2", "111": "1", "30": "2", "74": "3", "31": "2", "32": "2", "34": "2", "101": "3", "100": "2", "37": "2", "38": "2", "58": "2", "39": "2", "40": "2", "83": "2", "42": "2", "94": "2", "43": "2", "98": "2", "44": "2", "23": "1", "46": "2", "50": "2", "47": "2", "48": "2", "49": "2", "64": "3", "68": "2", "104": "3", "56": "2", "96": "2", "57": "2", "109": "2", "97": "2", "75": "2", "87": "2", "76": "2", "69": "2", "70": "2", "73": "2", "112": "1", "61": "1", "65": "1", "89": "2", "90": "2", "102": "3", "92": "2", "84": "1", "93": "1", "107": "2", "108": "2", "67": "1"}}