{"edges": [[1, 2], [2, 3], [3, 7], [4, 5], [5, 16], [6, 26], [6, 32], [7, 17], [7, 12], [8, 9], [9, 6], [9, 22], [11, 25], [11, 28], [12, 8], [17, 18], [18, 11], [20, 21], [25, 20], [25, 34], [26, 38], [28, 29], [29, 14], [29, 41], [30, 31], [31, 33], [32, 40], [33, 42], [34, 48], [37, 50], [38, 32], [38, 45], [40, 46], [41, 54], [42, 43], [43, 52], [45, 4], [46, 47], [47, 49], [48, 53], [49, 37], [49, 30]], "features": {"1": "1", "2": "2", "3": "2", "7": "3", "4": "2", "5": "2", "16": "1", "6": "3", "26": "2", "32": "3", "17": "2", "12": "2", "8": "2", "9": "3", "22": "1", "11": "3", "25": "3", "28": "2", "18": "2", "20": "2", "21": "1", "34": "2", "38": "3", "29": "3", "14": "1", "41": "2", "30": "2", "31": "2", "33": "2", "40": "2", "42": "2", "48": "2", "37": "2", "50": "1", "45": "2", "46": "2", "54": "1", "43": "2", "52": "1", "47": "2", "49": "3", "53": "1"}}