{"edges": [[1, 2], [2, 3], [3, 4], [4, 10], [4, 54], [5, 40], [6, 7], [7, 115], [8, 9], [9, 78], [9, 107], [10, 90], [10, 32], [11, 30], [12, 13], [13, 6], [13, 39], [15, 57], [17, 93], [17, 101], [18, 45], [18, 59], [20, 44], [21, 66], [21, 104], [23, 115], [24, 25], [25, 92], [25, 68], [26, 70], [27, 98], [27, 42], [30, 115], [32, 80], [32, 61], [33, 87], [34, 35], [35, 69], [36, 115], [37, 115], [40, 99], [40, 26], [42, 108], [42, 71], [44, 77], [44, 100], [45, 115], [46, 11], [46, 97], [47, 79], [47, 110], [48, 49], [49, 36], [49, 75], [50, 94], [50, 56], [51, 115], [52, 53], [53, 14], [53, 102], [54, 64], [54, 21], [55, 115], [57, 112], [57, 96], [59, 115], [60, 115], [61, 62], [62, 5], [62, 114], [63, 115], [64, 17], [66, 18], [66, 34], [67, 28], [67, 88], [68, 115], [69, 84], [69, 48], [70, 109], [70, 63], [71, 115], [73, 50], [76, 16], [76, 37], [77, 51], [77, 60], [79, 115], [80, 52], [80, 8], [81, 115], [83, 15], [84, 85], [85, 115], [87, 115], [88, 55], [88, 23], [90, 91], [91, 27], [91, 83], [93, 24], [93, 106], [94, 65], [94, 12], [97, 115], [98, 81], [101, 20], [101, 82], [102, 115], [104, 73], [104, 22], [106, 67], [106, 31], [107, 115], [110, 46], [110, 38], [112, 47], [114, 76], [114, 33]], "features": {"1": "1", "2": "2", "3": "2", "4": "3", "10": "3", "54": "3", "5": "2", "40": "3", "6": "2", "7": "2", "115": "20", "8": "2", "9": "3", "78": "1", "107": "2", "90": "2", "32": "3", "11": "2", "30": "2", "12": "2", "13": "3", "39": "1", "15": "2", "57": "3", "17": "3", "93": "3", "101": "3", "18": "3", "45": "2", "59": "2", "20": "2", "44": "3", "21": "3", "66": "3", "104": "3", "23": "2", "24": "2", "25": "3", "92": "1", "68": "2", "26": "2", "70": "3", "27": "3", "98": "2", "42": "3", "80": "3", "61": "2", "33": "2", "87": "2", "34": "2", "35": "2", "69": "3", "36": "2", "37": "2", "99": "1", "108": "1", "71": "2", "77": "3", "100": "1", "46": "3", "97": "2", "47": "3", "79": "2", "110": "3", "48": "2", "49": "3", "75": "1", "50": "3", "94": "3", "56": "1", "51": "2", "52": "2", "53": "3", "14": "1", "102": "2", "64": "2", "55": "2", "112": "2", "96": "1", "60": "2", "62": "3", "114": "3", "63": "2", "67": "3", "28": "1", "88": "3", "84": "2", "109": "1", "73": "2", "76": "3", "16": "1", "81": "2", "83": "2", "85": "2", "91": "3", "106": "3", "65": "1", "82": "1", "22": "1", "31": "1", "38": "1"}}