{"edges": [[1, 2], [2, 3], [3, 12], [3, 8], [4, 5], [5, 6], [6, 7], [7, 20], [8, 9], [9, 10], [10, 56], [11, 23], [12, 13], [13, 14], [14, 15], [15, 16], [16, 17], [17, 11], [17, 4], [18, 19], [19, 36], [20, 21], [21, 22], [22, 30], [22, 56], [23, 24], [24, 20], [25, 26], [26, 27], [27, 38], [28, 29], [29, 59], [29, 44], [30, 31], [31, 32], [32, 48], [32, 56], [34, 35], [35, 38], [35, 25], [36, 37], [37, 28], [38, 39], [39, 40], [40, 41], [41, 42], [42, 43], [43, 18], [44, 45], [45, 46], [46, 47], [47, 62], [47, 59], [48, 49], [49, 50], [50, 56], [50, 67], [51, 52], [52, 53], [53, 74], [54, 55], [55, 44], [56, 57], [57, 58], [58, 71], [58, 64], [59, 60], [60, 61], [61, 54], [62, 63], [63, 51], [63, 73], [64, 65], [65, 66], [66, 72], [67, 68], [68, 69], [69, 70], [70, 34], [70, 38], [71, 1], [72, 81], [72, 12], [73, 90], [74, 75], [75, 76], [75, 73], [76, 81], [76, 118], [77, 78], [78, 79], [79, 80], [80, 84], [81, 82], [82, 56], [82, 93], [83, 84], [84, 85], [85, 96], [86, 87], [87, 88], [88, 89], [89, 76], [90, 91], [91, 92], [92, 59], [92, 99], [93, 94], [94, 95], [95, 86], [95, 102], [96, 97], [97, 98], [98, 108], [98, 59], [99, 100], [100, 101], [101, 86], [101, 77], [102, 103], [103, 109], [104, 105], [105, 106], [106, 107], [107, 116], [108, 104], [108, 59], [109, 110], [110, 111], [111, 112], [112, 113], [113, 114], [114, 115], [115, 12], [115, 18], [116, 117], [117, 122], [118, 119], [119, 120], [120, 121], [121, 44], [122, 123], [123, 124], [124, 125], [125, 126], [126, 127]], "features": {"1": "2", "2": "2", "3": "3", "12": "4", "8": "2", "4": "2", "5": "2", "6": "2", "7": "2", "20": "3", "9": "2", "10": "2", "56": "6", "11": "2", "23": "2", "13": "2", "14": "2", "15": "2", "16": "2", "17": "3", "18": "3", "19": "2", "36": "2", "21": "2", "22": "3", "30": "2", "24": "2", "25": "2", "26": "2", "27": "2", "38": "4", "28": "2", "29": "3", "59": "6", "44": "4", "31": "2", "32": "3", "48": "2", "34": "2", "35": "3", "37": "2", "39": "2", "40": "2", "41": "2", "42": "2", "43": "2", "45": "2", "46": "2", "47": "3", "62": "2", "49": "2", "50": "3", "67": "2", "51": "2", "52": "2", "53": "2", "74": "2", "54": "2", "55": "2", "57": "2", "58": "3", "71": "2", "64": "2", "60": "2", "61": "2", "63": "3", "73": "3", "65": "2", "66": "2", "72": "3", "68": "2", "69": "2", "70": "3", "81": "3", "90": "2", "75": "3", "76": "4", "118": "2", "77": "2", "78": "2", "79": "2", "80": "2", "84": "3", "82": "3", "93": "2", "83": "1", "85": "2", "96": "2", "86": "3", "87": "2", "88": "2", "89": "2", "91": "2", "92": "3", "99": "2", "94": "2", "95": "3", "102": "2", "97": "2", "98": "3", "108": "3", "100": "2", "101": "3", "103": "2", "109": "2", "104": "2", "105": "2", "106": "2", "107": "2", "116": "2", "110": "2", "111": "2", "112": "2", "113": "2", "114": "2", "115": "3", "117": "2", "122": "2", "119": "2", "120": "2", "121": "2", "123": "2", "124": "2", "125": "2", "126": "2", "127": "1"}}