{"edges": [[1, 2], [2, 85], [2, 70], [3, 123], [3, 84], [4, 5], [6, 7], [7, 58], [7, 25], [8, 72], [8, 113], [10, 53], [10, 122], [11, 57], [12, 13], [13, 36], [13, 107], [14, 63], [14, 3], [15, 50], [15, 49], [16, 17], [17, 38], [17, 28], [18, 19], [20, 26], [20, 52], [21, 118], [21, 121], [22, 60], [22, 24], [25, 54], [25, 41], [25, 100], [26, 89], [26, 74], [28, 29], [29, 110], [29, 120], [31, 59], [33, 21], [33, 83], [34, 66], [34, 94], [36, 47], [37, 15], [38, 39], [42, 43], [43, 50], [43, 56], [44, 45], [45, 46], [46, 48], [46, 8], [47, 124], [47, 101], [48, 37], [48, 15], [49, 98], [49, 31], [50, 51], [51, 77], [52, 23], [52, 93], [53, 55], [53, 122], [54, 52], [54, 106], [55, 40], [55, 92], [56, 86], [56, 50], [57, 98], [57, 55], [59, 33], [59, 22], [60, 33], [60, 62], [61, 91], [61, 52], [62, 90], [62, 76], [63, 95], [63, 120], [64, 69], [64, 96], [66, 67], [67, 68], [68, 64], [68, 69], [70, 71], [71, 128], [71, 114], [72, 73], [74, 6], [74, 129], [75, 85], [75, 132], [77, 20], [77, 102], [78, 12], [78, 94], [79, 125], [79, 75], [81, 78], [81, 115], [82, 81], [82, 94], [85, 131], [85, 44], [86, 87], [87, 80], [87, 79], [89, 61], [89, 117], [91, 30], [91, 32], [92, 88], [92, 116], [95, 28], [95, 16], [96, 109], [96, 105], [98, 99], [99, 95], [99, 126], [100, 4], [100, 129], [102, 18], [102, 103], [103, 104], [107, 108], [113, 34], [113, 82], [114, 130], [118, 112], [122, 130], [126, 14], [126, 111], [128, 11], [128, 10], [130, 52], [130, 31], [131, 42], [131, 44]], "features": {"1": "1", "2": "3", "85": "4", "70": "2", "3": "3", "123": "1", "84": "1", "4": "2", "5": "1", "6": "2", "7": "3", "58": "1", "25": "4", "8": "3", "72": "2", "113": "3", "10": "3", "53": "3", "122": "3", "11": "2", "57": "3", "12": "2", "13": "3", "36": "2", "107": "2", "14": "3", "63": "3", "15": "4", "50": "4", "49": "3", "16": "2", "17": "3", "38": "2", "28": "3", "18": "2", "19": "1", "20": "3", "26": "3", "52": "6", "21": "3", "118": "2", "121": "1", "22": "3", "60": "3", "24": "1", "54": "3", "41": "1", "100": "3", "89": "3", "74": "3", "29": "3", "110": "1", "120": "2", "31": "3", "59": "3", "33": "4", "83": "1", "34": "3", "66": "2", "94": "3", "47": "3", "37": "2", "39": "1", "42": "2", "43": "3", "56": "3", "44": "3", "45": "2", "46": "3", "48": "3", "124": "1", "101": "1", "98": "3", "51": "2", "77": "3", "23": "1", "93": "1", "55": "4", "106": "1", "40": "1", "92": "3", "86": "2", "62": "3", "61": "3", "91": "3", "90": "1", "76": "1", "95": "4", "64": "3", "69": "2", "96": "3", "67": "2", "68": "3", "71": "3", "128": "3", "114": "2", "73": "1", "129": "2", "75": "3", "132": "1", "102": "3", "78": "3", "79": "3", "125": "1", "81": "3", "115": "1", "82": "3", "131": "3", "87": "3", "80": "1", "117": "1", "30": "1", "32": "1", "88": "1", "116": "1", "109": "1", "105": "1", "99": "3", "126": "3", "103": "2", "104": "1", "108": "1", "130": "4", "112": "1", "111": "1"}}