{"edges": [[1, 2], [2, 8], [2, 12], [4, 13], [5, 22], [6, 17], [7, 9], [8, 14], [9, 44], [9, 47], [10, 35], [10, 48], [11, 37], [12, 7], [13, 16], [13, 18], [14, 19], [14, 25], [16, 67], [17, 49], [19, 31], [20, 33], [21, 30], [22, 26], [22, 70], [23, 100], [24, 32], [24, 59], [25, 36], [27, 41], [28, 34], [28, 40], [29, 74], [30, 42], [31, 39], [31, 46], [36, 46], [37, 116], [37, 60], [38, 10], [39, 43], [40, 53], [41, 52], [42, 4], [42, 97], [43, 50],  [46, 55], [46, 64], [47, 56], [48, 51], [49, 77], [49, 91], [50, 58], [50, 3], [52, 61], [52, 69], [53, 54], [54, 68], [54, 79], [55, 73], [56, 57], [57, 65], [57, 72], [58, 63], [59, 5], [59, 101], [60, 94], [62, 11], [63, 75], [64, 89], [65, 21], [66, 20], [66, 27], [68, 107], [72, 82], [73, 84], [74, 118], [74, 83], [75, 76], [76, 81], [76, 87], [77, 99], [78, 79], [79, 111], [81, 96], [81, 102], [82, 24], [83, 92], [84, 93], [84, 6], [86, 38], [87, 66], [88, 108], [90, 86], [90, 62], [91, 28], [92, 85], [92, 103], [94, 95], [95, 104], [96, 109], [97, 90], [99, 105], [99, 112], [104, 114], [104, 117], [105, 110], [105, 115], [110, 23], [112, 29], [116, 113], [117, 106], [118, 88], [118, 98]], "features": {"1": "1", "2": "3", "8": "2", "12": "2", "4": "2", "13": "3", "5": "2", "22": "3", "6": "2", "17": "2", "7": "2", "9": "3", "14": "3", "44": "1", "47": "2", "10": "3", "35": "1", "48": "2", "11": "2", "37": "3", "16": "2", "18": "1", "19": "2", "25": "2", "67": "1", "49": "3", "31": "3", "20": "2", "33": "1", "21": "2", "30": "2", "26": "1", "70": "1", "23": "2", "100": "1", "24": "3", "32": "1", "59": "3", "36": "2", "27": "2", "41": "2", "28": "3", "34": "1", "40": "2", "29": "2", "74": "3", "42": "3", "39": "2", "46": "4", "116": "2", "60": "2", "38": "2", "43": "2", "53": "2", "52": "3", "97": "2", "50": "3", "55": "2", "64": "2", "56": "2", "51": "1", "77": "2", "91": "2", "58": "2", "3": "1", "61": "1", "69": "1", "54": "3", "68": "2", "79": "3", "73": "2", "57": "3", "65": "2", "72": "2", "63": "2", "101": "1", "94": "2", "62": "2", "75": "2", "89": "1", "66": "3", "107": "1", "82": "2", "84": "3", "118": "3", "83": "2", "76": "3", "81": "3", "87": "2", "99": "3", "78": "1", "111": "1", "96": "2", "102": "1", "92": "3", "93": "1", "86": "2", "88": "2", "108": "1", "90": "3", "85": "1", "103": "1", "95": "2", "104": "3", "109": "1", "105": "3", "112": "2", "114": "1", "117": "2", "110": "2", "115": "1", "113": "1", "106": "1", "98": "1"}}