{"edges": [[1, 2], [2, 3], [3, 67], [4, 62], [6, 108], [6, 14], [9, 69], [12, 81], [12, 86], [14, 70], [15, 32], [16, 72], [18, 76], [19, 75], [20, 40], [21, 44], [23, 105], [24, 25], [25, 100], [26, 90], [28, 60], [29, 92], [30, 10], [31, 74], [32, 19], [37, 21], [38, 39], [39, 84], [40, 53], [42, 64], [42, 47], [43, 82], [44, 58], [46, 93], [47, 104], [49, 87], [49, 98], [50, 51], [51, 96], [53, 24], [54, 88], [58, 112], [58, 80], [59, 95], [60, 97], [62, 63], [63, 7], [63, 109], [64, 12], [67, 6], [68, 111], [69, 11], [70, 18], [70, 20], [72, 73], [73, 15], [74, 43], [76, 77], [77, 37], [77, 54], [78, 101], [79, 49], [81, 52], [82, 46], [84, 85], [85, 102], [85, 107], [86, 65], [87, 57], [88, 42], [90, 91], [91, 23], [91, 34], [92, 50], [93, 38], [95, 35], [96, 59], [97, 4], [98, 29], [100, 26], [101, 60], [102, 28], [104, 16], [104, 79], [105, 31], [107, 78], [108, 9], [109, 68], [111, 30]], "features": {"1": "1", "2": "2", "3": "2", "67": "2", "4": "2", "62": "2", "6": "3", "108": "2", "14": "2", "9": "2", "69": "2", "12": "3", "81": "2", "86": "2", "70": "3", "15": "2", "32": "2", "16": "2", "72": "2", "18": "2", "76": "2", "19": "2", "75": "1", "20": "2", "40": "2", "21": "2", "44": "2", "23": "2", "105": "2", "24": "2", "25": "2", "100": "2", "26": "2", "90": "2", "28": "2", "60": "3", "29": "2", "92": "2", "30": "2", "10": "1", "31": "2", "74": "2", "37": "2", "38": "2", "39": "2", "84": "2", "53": "2", "42": "3", "64": "2", "47": "2", "43": "2", "82": "2", "58": "3", "46": "2", "93": "2", "104": "3", "49": "3", "87": "2", "98": "2", "50": "2", "51": "2", "96": "2", "54": "2", "88": "2", "112": "1", "80": "1", "59": "2", "95": "2", "97": "2", "63": "3", "7": "1", "109": "2", "68": "2", "111": "2", "11": "1", "73": "2", "77": "3", "78": "2", "101": "2", "79": "2", "52": "1", "85": "3", "102": "2", "107": "2", "65": "1", "57": "1", "91": "3", "34": "1", "35": "1"}}