{"edges": [[1, 2], [2, 3], [3, 3], [3, 3], [3, 4], [4, 5], [5, 5], [5, 6], [6, 7], [7, 8], [8, 8], [8, 8], [8, 9], [9, 9], [9, 9], [9, 10], [10, 123], [123, 11], [11, 12], [12, 13], [13, 14], [14, 14], [14, 14], [14, 15], [14, 15], [15, 16], [16, 17], [17, 17], [17, 18], [18, 19], [19, 20], [20, 21], [21, 22], [22, 23], [23, 24], [24, 25], [25, 26], [26, 27], [27, 28], [28, 29], [29, 30], [30, 31], [31, 32], [32, 33], [33, 34], [34, 35], [35, 36], [36, 37], [37, 38], [38, 39], [39, 40]], "features": {"1": "1", "2": "2", "3": "6", "4": "2", "5": "4", "6": "2", "7": "2", "8": "6", "9": "6", "10": "2", "123": "2", "11": "2", "12": "2", "13": "2", "14": "7", "15": "3", "16": "2", "17": "4", "18": "2", "19": "2", "20": "2", "21": "2", "22": "2", "23": "2", "24": "2", "25": "2", "26": "2", "27": "2", "28": "2", "29": "2", "30": "2", "31": "2", "32": "2", "33": "2", "34": "2", "35": "2", "36": "2", "37": "2", "38": "2", "39": "2", "40": "1"}}