{"edges": [[0, 1], [1, 3], [1, 5], [3, 5], [3, 7], [5, 9], [5, 11], [7, 13], [7, 15], [7, 19], [9, 21], [9, 23], [11, 25], [11, 29], [13, 47], [13, 53], [15, 17], [23, 35], [23, 37], [25, 27], [27, 45], [29, 31], [31, 33], [33, 57], [33, 59], [35, 55], [35, 37], [37, 39], [39, 41], [41, 43], [47, 49], [49, 51], [57, 59]], "features": {"0": "1", "1": "3", "3": "3", "5": "4", "7": "4", "9": "3", "11": "3", "13": "3", "15": "2", "19": "1", "21": "1", "23": "3", "25": "2", "29": "2", "47": "2", "53": "1", "17": "1", "35": "3", "37": "3", "27": "2", "45": "1", "31": "2", "33": "3", "57": "2", "59": "2", "55": "1", "39": "2", "41": "2", "43": "1", "49": "2", "51": "1"}}