{"edges": [[1, 2], [2, 3], [3, 4], [4, 5], [5, 6], [6, 8], [6, 9], [7, 57], [7, 64], [8, 10], [8, 11], [9, 12], [9, 13], [9, 14], [10, 40], [10, 41], [11, 36], [11, 37], [12, 45], [12, 46], [13, 43], [13, 44], [14, 38], [14, 39], [15, 47], [15, 16], [16, 48], [17, 51], [17, 52], [18, 55], [18, 61], [19, 54], [19, 60], [20, 53], [20, 59], [21, 49], [21, 50], [22, 65], [22, 96], [23, 66], [23, 97], [24, 72], [24, 103], [25, 73], [25, 104], [26, 79], [26, 110], [27, 84], [27, 116], [28, 7], [29, 56], [29, 63], [30, 67], [30, 98], [31, 71], [31, 102], [32, 77], [32, 108], [33, 78], [33, 109], [34, 85], [34, 117], [35, 86], [35, 118], [36, 18], [36, 19], [37, 20], [37, 21], [38, 26], [38, 27], [39, 34], [39, 35], [40, 15], [40, 17], [41, 28], [41, 42], [42, 29], [43, 24], [43, 25], [44, 32], [44, 33], [45, 22], [45, 23], [46, 30], [46, 31], [47, 123], [48, 69], [48, 100], [49, 93], [49, 121], [50, 94], [50, 122], [51, 70], [51, 101], [52, 74], [52, 105], [53, 91], [53, 119], [54, 88], [54, 114], [55, 82], [56, 80], [56, 111], [57, 75], [57, 58], [58, 106], [59, 92], [59, 120], [60, 89], [60, 115], [61, 87], [61, 62], [62, 113], [63, 81], [63, 112], [64, 76], [64, 107], [66, 33], [68, 124], [74, 125], [80, 126], [81, 83], [81, 90], [81, 95], [90, 15], [93, 18], [95, 120], [104, 35], [107, 127], [108, 25], [112, 37], [120, 32], [123, 68], [123, 99]], "features": {"1": "1", "2": "2", "3": "2", "4": "2", "5": "2", "6": "3", "8": "3", "9": "4", "7": "3", "57": "3", "64": "3", "10": "3", "11": "3", "12": "3", "13": "3", "14": "3", "40": "3", "41": "3", "36": "3", "37": "4", "45": "3", "46": "3", "43": "3", "44": "3", "38": "3", "39": "3", "15": "4", "47": "2", "16": "2", "48": "3", "17": "3", "51": "3", "52": "3", "18": "4", "55": "2", "61": "3", "19": "3", "54": "3", "60": "3", "20": "3", "53": "3", "59": "3", "21": "3", "49": "3", "50": "3", "22": "3", "65": "1", "96": "1", "23": "3", "66": "2", "97": "1", "24": "3", "72": "1", "103": "1", "25": "4", "73": "1", "104": "2", "26": "3", "79": "1", "110": "1", "27": "3", "84": "1", "116": "1", "28": "2", "29": "3", "56": "3", "63": "3", "30": "3", "67": "1", "98": "1", "31": "3", "71": "1", "102": "1", "32": "4", "77": "1", "108": "2", "33": "4", "78": "1", "109": "1", "34": "3", "85": "1", "117": "1", "35": "4", "86": "1", "118": "1", "42": "2", "123": "3", "69": "1", "100": "1", "93": "2", "121": "1", "94": "1", "122": "1", "70": "1", "101": "1", "74": "2", "105": "1", "91": "1", "119": "1", "88": "1", "114": "1", "82": "1", "80": "2", "111": "1", "75": "1", "58": "2", "106": "1", "92": "1", "120": "3", "89": "1", "115": "1", "87": "1", "62": "2", "113": "1", "81": "4", "112": "2", "76": "1", "107": "2", "68": "2", "124": "1", "125": "1", "126": "1", "83": "1", "90": "2", "95": "2", "127": "1", "99": "1"}}