{"edges": [[1, 3], [1, 4], [1, 5], [3, 6], [3, 24], [4, 50], [4, 43], [5, 82], [5, 86], [6, 21], [6, 10], [7, 78], [7, 80], [8, 79], [8, 25], [9, 12], [10, 16], [10, 14], [11, 29], [12, 15], [12, 17], [13, 19], [13, 8], [14, 20], [14, 11], [15, 23], [15, 22], [15, 38], [18, 13], [18, 9], [19, 26], [19, 25], [20, 55], [20, 28], [22, 39], [22, 30], [23, 36], [23, 33], [24, 18], [25, 37], [25, 26], [26, 41], [26, 42], [29, 32], [29, 31], [30, 34], [37, 40], [43, 57], [44, 67], [44, 72], [47, 81], [47, 70], [47, 73], [47, 51], [48, 87], [48, 54], [49, 88], [49, 111], [50, 48], [50, 77], [51, 58], [51, 68], [54, 27], [54, 56], [57, 47], [58, 71], [58, 107], [61, 95], [61, 98], [63, 76], [63, 53], [65, 74], [66, 52], [66, 63], [69, 46], [72, 74], [72, 65], [73, 64], [73, 44], [74, 46], [74, 69], [77, 7], [77, 62], [82, 61], [82, 92], [84, 97], [84, 100], [86, 49], [86, 102], [87, 66], [88, 111], [88, 90], [89, 103], [89, 109], [92, 83], [92, 94], [95, 84], [95, 99], [97, 116], [98, 84], [98, 99], [99, 96], [99, 101], [101, 116], [102, 110], [102, 108], [105, 118], [107, 60], [107, 93], [108, 59], [108, 112], [109, 104], [109, 113], [110, 114], [110, 91], [111, 114], [111, 105], [112, 89], [112, 115], [114, 117]], "features": {"1": "3", "3": "3", "4": "3", "5": "3", "6": "3", "24": "2", "50": "3", "43": "2", "82": "3", "86": "3", "21": "1", "10": "3", "7": "3", "78": "1", "80": "1", "8": "3", "79": "1", "25": "4", "9": "2", "12": "3", "16": "1", "14": "3", "11": "2", "29": "3", "15": "4", "17": "1", "13": "3", "19": "3", "20": "3", "23": "3", "22": "3", "38": "1", "18": "3", "26": "4", "55": "1", "28": "1", "39": "1", "30": "2", "36": "1", "33": "1", "37": "2", "41": "1", "42": "1", "32": "1", "31": "1", "34": "1", "40": "1", "57": "2", "44": "3", "67": "1", "72": "3", "47": "5", "81": "1", "70": "1", "73": "3", "51": "3", "48": "3", "87": "2", "54": "3", "49": "3", "88": "3", "111": "4", "77": "3", "58": "3", "68": "1", "27": "1", "56": "1", "71": "1", "107": "3", "61": "3", "95": "3", "98": "3", "63": "3", "76": "1", "53": "1", "65": "2", "74": "4", "66": "3", "52": "1", "69": "2", "46": "2", "64": "1", "62": "1", "92": "3", "84": "4", "97": "2", "100": "1", "102": "3", "90": "1", "89": "3", "103": "1", "109": "3", "83": "1", "94": "1", "99": "4", "116": "2", "96": "1", "101": "2", "110": "3", "108": "3", "105": "2", "118": "1", "60": "1", "93": "1", "59": "1", "112": "3", "104": "1", "113": "1", "114": "3", "91": "1", "115": "1", "117": "1"}}