{"edges": [[1, 2], [2, 3], [3, 5], [5, 6], [6, 7], [7, 9], [9, 10], [10, 11], [11, 12], [12, 13], [13, 14], [14, 28], [14, 17], [14, 105], [15, 27], [17, 18], [18, 19], [19, 20], [20, 21], [21, 22], [22, 23], [23, 24], [24, 25], [25, 15], [25, 30], [27, 29], [28, 17], [28, 105], [29, 35], [30, 31], [31, 49], [31, 33], [32, 52], [33, 34], [34, 35], [35, 36], [36, 37], [37, 38], [38, 39], [39, 40], [40, 41], [41, 42], [42, 43], [43, 44], [44, 45], [45, 46], [46, 47], [47, 48], [48, 32], [48, 67], [49, 51], [52, 53], [53, 54], [54, 55], [55, 56], [56, 58], [58, 72], [58, 62], [59, 73], [60, 61], [61, 93], [62, 63], [63, 64], [64, 65], [65, 66], [67, 68], [68, 69], [69, 70], [70, 71], [71, 59], [71, 75], [72, 60], [73, 74], [75, 76], [76, 77], [77, 78], [78, 80], [80, 81], [81, 82], [82, 85], [82, 89], [84, 91], [84, 93], [85, 87], [87, 88], [88, 109], [88, 83], [89, 90], [90, 84], [91, 92], [92, 93], [93, 94], [94, 95], [95, 96], [96, 97], [97, 98], [98, 99], [99, 100], [100, 101], [101, 102], [102, 103], [103, 104], [105, 106], [106, 107], [107, 108], [108, 44], [109, 110]], "features": {"1": "1", "2": "2", "3": "2", "5": "2", "6": "2", "7": "2", "9": "2", "10": "2", "11": "2", "12": "2", "13": "2", "14": "4", "28": "3", "17": "3", "105": "3", "15": "2", "27": "2", "18": "2", "19": "2", "20": "2", "21": "2", "22": "2", "23": "2", "24": "2", "25": "3", "30": "2", "29": "2", "35": "3", "31": "3", "49": "2", "33": "2", "32": "2", "52": "2", "34": "2", "36": "2", "37": "2", "38": "2", "39": "2", "40": "2", "41": "2", "42": "2", "43": "2", "44": "3", "45": "2", "46": "2", "47": "2", "48": "3", "67": "2", "51": "1", "53": "2", "54": "2", "55": "2", "56": "2", "58": "3", "72": "2", "62": "2", "59": "2", "73": "2", "60": "2", "61": "2", "93": "4", "63": "2", "64": "2", "65": "2", "66": "1", "68": "2", "69": "2", "70": "2", "71": "3", "75": "2", "74": "1", "76": "2", "77": "2", "78": "2", "80": "2", "81": "2", "82": "3", "85": "2", "89": "2", "84": "3", "91": "2", "87": "2", "88": "3", "109": "2", "83": "1", "90": "2", "92": "2", "94": "2", "95": "2", "96": "2", "97": "2", "98": "2", "99": "2", "100": "2", "101": "2", "102": "2", "103": "2", "104": "1", "106": "2", "107": "2", "108": "2", "110": "1"}}