{"edges": [[1, 2], [2, 17], [2, 33], [3, 4], [5, 6], [6, 18], [6, 36], [10, 11], [11, 25], [11, 43], [12, 13], [18, 14], [18, 29], [21, 22], [25, 26], [26, 15], [26, 28], [26, 46], [27, 41], [29, 30], [30, 37], [30, 7], [31, 32], [32, 21], [32, 39], [33, 35], [35, 5], [36, 9], [36, 3], [37, 38], [38, 19], [38, 10], [39, 40], [40, 27], [40, 45], [41, 42], [42, 67], [42, 53], [46, 12], [46, 31], [47, 48], [49, 50], [50, 55], [50, 72], [53, 47], [53, 69], [55, 57], [55, 74], [57, 58], [59, 60], [60, 78], [60, 85], [63, 64], [64, 83], [64, 54], [65, 66], [66, 81], [66, 88], [67, 68], [69, 70], [70, 49], [70, 23], [72, 73], [74, 63], [74, 75], [77, 59], [77, 82], [79, 80], [80, 65], [80, 87], [83, 84], [84, 51], [84, 77], [85, 86], [86, 61], [86, 79], [88, 96], [88, 109], [91, 95], [91, 103], [95, 114], [95, 102], [95, 106], [95, 104], [96, 97], [97, 89], [97, 99], [99, 100], [100, 92], [100, 107], [101, 91], [101, 113], [107, 108], [108, 94], [108, 110], [110, 111], [111, 93], [111, 101], [114, 122], [114, 105], [115, 127], [115, 117], [117, 116], [117, 125], [119, 120], [120, 128], [120, 123], [121, 71], [121, 119], [122, 124], [122, 115], [125, 126], [126, 118], [126, 121], [128, 129]], "features": {"1": "1", "2": "3", "17": "1", "33": "2", "3": "2", "4": "1", "5": "2", "6": "3", "18": "3", "36": "3", "10": "2", "11": "3", "25": "2", "43": "1", "12": "2", "13": "1", "14": "1", "29": "2", "21": "2", "22": "1", "26": "4", "15": "1", "28": "1", "46": "3", "27": "2", "41": "2", "30": "3", "37": "2", "7": "1", "31": "2", "32": "3", "39": "2", "35": "2", "9": "1", "38": "3", "19": "1", "40": "3", "45": "1", "42": "3", "67": "2", "53": "3", "47": "2", "48": "1", "49": "2", "50": "3", "55": "3", "72": "2", "69": "2", "57": "2", "74": "3", "58": "1", "59": "2", "60": "3", "78": "1", "85": "2", "63": "2", "64": "3", "83": "2", "54": "1", "65": "2", "66": "3", "81": "1", "88": "3", "68": "1", "70": "3", "23": "1", "73": "1", "75": "1", "77": "3", "82": "1", "79": "2", "80": "3", "87": "1", "84": "3", "51": "1", "86": "3", "61": "1", "96": "2", "109": "1", "91": "3", "95": "5", "103": "1", "114": "3", "102": "1", "106": "1", "104": "1", "97": "3", "89": "1", "99": "2", "100": "3", "92": "1", "107": "2", "101": "3", "113": "1", "108": "3", "94": "1", "110": "2", "111": "3", "93": "1", "122": "3", "105": "1", "115": "3", "127": "1", "117": "3", "116": "1", "125": "2", "119": "2", "120": "3", "128": "2", "123": "1", "121": "3", "71": "1", "124": "1", "126": "3", "118": "1", "129": "1"}}