{"edges": [[1, 2], [2, 3], [3, 13], [3, 4], [4, 32], [4, 36], [5, 31], [7, 62], [8, 34], [8, 74], [10, 63], [11, 75], [12, 44], [13, 37], [14, 106], [16, 8], [17, 53], [18, 19], [19, 50], [21, 97], [21, 49], [23, 17], [23, 59], [24, 21], [26, 23], [27, 68], [29, 89], [29, 7], [30, 5], [31, 80], [31, 78], [32, 26], [33, 16], [33, 14], [34, 35], [35, 65], [36, 42], [37, 96], [39, 56], [40, 70], [42, 29], [42, 88], [44, 33], [45, 46], [46, 85], [49, 10], [50, 51], [51, 76], [51, 39], [53, 60], [55, 38], [55, 58], [58, 99], [59, 12], [60, 69], [62, 40], [63, 66], [65, 79], [68, 11], [68, 111], [69, 27], [70, 24], [70, 90], [72, 55], [73, 103], [73, 108], [74, 54], [74, 30], [78, 20], [79, 28], [79, 82], [80, 81], [81, 92], [81, 45], [85, 101], [85, 93], [87, 73], [87, 104], [88, 94], [93, 72], [94, 67], [94, 109], [96, 87], [97, 18], [100, 2], [100, 113], [103, 110], [104, 100], [110, 84], [110, 114], [114, 116]], "features": {"1": "1", "2": "3", "3": "3", "13": "2", "4": "3", "32": "2", "36": "2", "5": "2", "31": "3", "7": "2", "62": "2", "8": "3", "34": "2", "74": "3", "10": "2", "63": "2", "11": "2", "75": "1", "12": "2", "44": "2", "37": "2", "14": "2", "106": "1", "16": "2", "17": "2", "53": "2", "18": "2", "19": "2", "50": "2", "21": "3", "97": "2", "49": "2", "23": "3", "59": "2", "24": "2", "26": "2", "27": "2", "68": "3", "29": "3", "89": "1", "30": "2", "80": "2", "78": "2", "33": "3", "35": "2", "65": "2", "42": "3", "96": "2", "39": "2", "56": "1", "40": "2", "70": "3", "88": "2", "45": "2", "46": "2", "85": "3", "51": "3", "76": "1", "60": "2", "55": "3", "38": "1", "58": "2", "99": "1", "69": "2", "66": "1", "79": "3", "111": "1", "90": "1", "72": "2", "73": "3", "103": "2", "108": "1", "54": "1", "20": "1", "28": "1", "82": "1", "81": "3", "92": "1", "101": "1", "93": "2", "87": "3", "104": "2", "94": "3", "67": "1", "109": "1", "100": "3", "113": "1", "110": "3", "84": "1", "114": "2", "116": "1"}}