{"edges": [[1, 2], [2, 3], [3, 14], [3, 43], [4, 58], [5, 109], [6, 15], [7, 55], [8, 119], [9, 65], [9, 40], [11, 46], [12, 103], [12, 11], [13, 101], [14, 52], [15, 82], [16, 34], [17, 6], [17, 39], [18, 30], [19, 43], [19, 89], [20, 85], [20, 104], [21, 28], [21, 67], [22, 135], [23, 111], [23, 74], [24, 78], [25, 83], [26, 32], [26, 50], [27, 114], [27, 4], [28, 77], [29, 97], [30, 75], [30, 22], [32, 100], [33, 59], [34, 35], [35, 63], [35, 54], [36, 13], [37, 24], [38, 116], [39, 105], [39, 118], [40, 48], [40, 95], [41, 57], [42, 127], [43, 37], [44, 53], [44, 5], [45, 29], [46, 64], [47, 70], [49, 61], [50, 18], [51, 125], [51, 92], [52, 69], [53, 36], [53, 120], [54, 81], [56, 108], [57, 68], [59, 117], [59, 128], [60, 51], [62, 12], [62, 10], [63, 45], [64, 124], [65, 102], [66, 72], [67, 80], [68, 73], [69, 84], [69, 99], [70, 133], [71, 27], [73, 6], [73, 17], [74, 38], [75, 88], [76, 87], [77, 110], [78, 56], [79, 112], [81, 20], [82, 23], [83, 60], [84, 49], [85, 22], [88, 9], [90, 106], [91, 16], [91, 54], [92, 7], [95, 33], [96, 130], [97, 121], [98, 86], [99, 115], [110, 122], [101, 71], [102, 126], [104, 123], [105, 62], [107, 41], [108, 26], [109, 131], [111, 96], [112, 93], [114, 8], [115, 19], [117, 91], [118, 31], [119, 134], [120, 105], [120, 94], [122, 129], [123, 113], [124, 82], [125, 98], [127, 132], [128, 21], [129, 47], [129, 25], [130, 76], [130, 44], [132, 66], [134, 42], [134, 90], [135, 79], [135, 107]], "features": {"1": "1", "2": "2", "3": "3", "14": "2", "43": "3", "4": "2", "58": "1", "5": "2", "109": "2", "6": "3", "15": "2", "7": "2", "55": "1", "8": "2", "119": "2", "9": "3", "65": "2", "40": "3", "11": "2", "46": "2", "12": "3", "103": "1", "13": "2", "101": "2", "52": "2", "82": "3", "16": "2", "34": "2", "17": "3", "39": "3", "18": "2", "30": "3", "19": "3", "89": "1", "20": "3", "85": "2", "104": "2", "21": "3", "28": "2", "67": "2", "22": "3", "135": "3", "23": "3", "111": "2", "74": "2", "24": "2", "78": "2", "25": "2", "83": "2", "26": "3", "32": "2", "50": "2", "27": "3", "114": "2", "77": "2", "29": "2", "97": "2", "75": "2", "100": "1", "33": "2", "59": "3", "35": "3", "63": "2", "54": "3", "36": "2", "37": "2", "38": "2", "116": "1", "105": "3", "118": "2", "48": "1", "95": "2", "41": "2", "57": "2", "42": "2", "127": "2", "44": "3", "53": "3", "45": "2", "64": "2", "47": "2", "70": "2", "49": "2", "61": "1", "51": "3", "125": "2", "92": "2", "69": "3", "120": "3", "81": "2", "56": "2", "108": "2", "68": "2", "117": "2", "128": "2", "60": "2", "62": "3", "10": "1", "124": "2", "102": "2", "66": "2", "72": "1", "80": "1", "73": "3", "84": "2", "99": "2", "133": "1", "71": "2", "88": "2", "76": "2", "87": "1", "110": "2", "79": "2", "112": "2", "90": "2", "106": "1", "91": "3", "96": "2", "130": "3", "121": "1", "98": "2", "86": "1", "115": "2", "122": "2", "126": "1", "123": "2", "107": "2", "131": "1", "93": "1", "31": "1", "134": "3", "94": "1", "129": "3", "113": "1", "132": "2"}}