{"edges": [[1, 3], [1, 4], [1, 5], [3, 7], [4, 10], [5, 17], [5, 18], [7, 11], [7, 12], [10, 13], [10, 14], [11, 19], [11, 20], [12, 45], [13, 21], [13, 22], [14, 23], [14, 24], [17, 25], [17, 26], [18, 27], [18, 28], [19, 29], [20, 30], [21, 32], [21, 33], [22, 48], [23, 35], [23, 36], [24, 37], [24, 38], [25, 39], [25, 40], [26, 41], [26, 42], [28, 43], [28, 44], [29, 45], [29, 46], [30, 31], [31, 47], [32, 48], [33, 34], [35, 49], [36, 51], [36, 52], [37, 54], [37, 56], [38, 58], [39, 59], [40, 61], [40, 62], [41, 63], [42, 64], [42, 65], [43, 67], [44, 69], [45, 70], [45, 71], [46, 72], [46, 73], [47, 75], [47, 76], [48, 77], [48, 78], [49, 79], [49, 81], [52, 82], [52, 83], [54, 57], [57, 84], [57, 85], [58, 86], [58, 89], [59, 90], [59, 91], [63, 42], [64, 93], [65, 66], [73, 94], [73, 95], [75, 98], [75, 100], [76, 101], [77, 102], [77, 104], [79, 106], [79, 107], [82, 108], [82, 109], [83, 82], [83, 110], [86, 88], [91, 111], [91, 112], [95, 97], [98, 114], [98, 115], [101, 116], [101, 117], [102, 103], [104, 105], [108, 118], [108, 119], [110, 120], [110, 122], [112, 113], [114, 123], [114, 124], [115, 125], [115, 126], [119, 127], [119, 128], [120, 129], [122, 131], [122, 132], [132, 133]], "features": {"1": "3", "3": "2", "4": "2", "5": "3", "7": "3", "10": "3", "17": "3", "18": "3", "11": "3", "12": "2", "13": "3", "14": "3", "19": "2", "20": "2", "45": "4", "21": "3", "22": "2", "23": "3", "24": "3", "25": "3", "26": "3", "27": "1", "28": "3", "29": "3", "30": "2", "32": "2", "33": "2", "48": "4", "35": "2", "36": "3", "37": "3", "38": "2", "39": "2", "40": "3", "41": "2", "42": "4", "43": "2", "44": "2", "46": "3", "31": "2", "47": "3", "34": "1", "49": "3", "51": "1", "52": "3", "54": "2", "56": "1", "58": "3", "59": "3", "61": "1", "62": "1", "63": "2", "64": "2", "65": "2", "67": "1", "69": "1", "70": "1", "71": "1", "72": "1", "73": "3", "75": "3", "76": "2", "77": "3", "78": "1", "79": "3", "81": "1", "82": "4", "83": "3", "57": "3", "84": "1", "85": "1", "86": "2", "89": "1", "90": "1", "91": "3", "93": "1", "66": "1", "94": "1", "95": "2", "98": "3", "100": "1", "101": "3", "102": "2", "104": "2", "106": "1", "107": "1", "108": "3", "109": "1", "110": "3", "88": "1", "111": "1", "112": "2", "97": "1", "114": "3", "115": "3", "116": "1", "117": "1", "103": "1", "105": "1", "118": "1", "119": "3", "120": "2", "122": "3", "113": "1", "123": "1", "124": "1", "125": "1", "126": "1", "127": "1", "128": "1", "129": "1", "131": "1", "132": "2", "133": "1"}}