{"edges": [[1, 2], [2, 5], [5, 6], [5, 9], [6, 7], [7, 12], [7, 14], [9, 17], [9, 10], [10, 11], [11, 26], [12, 24], [12, 31], [14, 15], [15, 28], [15, 23], [17, 20], [18, 19], [23, 38], [23, 44], [24, 25], [25, 32], [28, 29], [29, 35], [29, 36], [31, 41], [35, 42], [35, 18], [36, 37], [37, 46], [38, 39], [39, 50], [42, 43], [44, 48], [48, 49]], "features": {"1": "1", "2": "2", "5": "3", "6": "2", "9": "3", "7": "3", "12": "3", "14": "2", "17": "2", "10": "2", "11": "2", "26": "1", "24": "2", "31": "2", "15": "3", "28": "2", "23": "3", "20": "1", "18": "2", "19": "1", "38": "2", "44": "2", "25": "2", "32": "1", "29": "3", "35": "3", "36": "2", "41": "1", "42": "2", "37": "2", "46": "1", "39": "2", "50": "1", "43": "1", "48": "2", "49": "1"}}