{"edges": [[1, 2], [2, 3], [3, 4], [4, 5], [5, 11], [5, 9], [8, 24], [8, 13], [9, 101], [9, 10], [10, 21], [10, 15], [10, 26], [11, 97], [11, 6], [11, 8], [11, 18], [11, 36], [12, 88], [13, 11], [14, 31], [14, 64], [15, 33], [15, 90], [17, 37], [18, 42], [19, 46], [19, 22], [20, 89], [21, 29], [22, 46], [22, 10], [23, 28], [23, 12], [23, 11], [23, 1000], [24, 18], [24, 94], [25, 32], [25, 30], [26, 52], [26, 92], [27, 45], [29, 84], [29, 10], [30, 55], [31, 87], [32, 17], [33, 34], [34, 10], [35, 41], [36, 37], [37, 12], [37, 20], [37, 25], [38, 39], [39, 47], [41, 58], [42, 56], [42, 78], [43, 60], [44, 53], [44, 65], [45, 57], [45, 62], [46, 10], [47, 50], [48, 68], [48, 85], [49, 26], [49, 66], [50, 76], [50, 91], [52, 16], [52, 27], [53, 72], [54, 43], [55, 32], [55, 5500], [56, 51], [56, 23], [58, 59], [59, 74], [59, 67], [60, 79], [60, 75], [61, 35], [61, 77], [62, 92], [66, 73], [66, 26], [67, 54], [69, 70], [70, 71], [71, 95], [72, 14], [73, 10], [75, 69], [75, 7500], [76, 80], [79, 69], [80, 1000], [80, 18], [82, 95], [84, 19], [84, 22], [85, 86], [86, 38], [87, 38], [88, 36], [89, 44], [89, 48], [90, 49], [90, 81], [92, 93], [93, 61], [94, 18], [1000, 82]], "features": {"1": "1", "2": "2", "3": "2", "4": "2", "5": "3", "11": "8", "9": "3", "8": "3", "24": "3", "13": "2", "101": "1", "10": "9", "21": "2", "15": "3", "26": "5", "97": "1", "6": "1", "18": "5", "36": "3", "12": "3", "88": "2", "14": "3", "31": "2", "64": "1", "33": "2", "90": "3", "17": "2", "37": "5", "42": "3", "19": "3", "46": "3", "22": "4", "20": "2", "89": "3", "29": "3", "23": "5", "28": "1", "1000": "3", "94": "2", "25": "3", "32": "3", "30": "2", "52": "3", "92": "3", "27": "2", "45": "3", "84": "3", "55": "3", "87": "2", "34": "2", "35": "2", "41": "2", "38": "3", "39": "2", "47": "2", "58": "2", "56": "3", "78": "1", "43": "2", "60": "3", "44": "3", "53": "2", "65": "1", "57": "1", "62": "2", "50": "3", "48": "3", "68": "1", "85": "2", "49": "3", "66": "3", "76": "2", "91": "1", "16": "1", "72": "2", "54": "2", "5500": "1", "51": "1", "59": "3", "74": "1", "67": "2", "79": "2", "75": "3", "61": "3", "77": "1", "73": "2", "69": "3", "70": "2", "71": "2", "95": "2", "7500": "1", "80": "3", "82": "2", "86": "2", "81": "1", "93": "2"}}