{"edges": [[1, 2], [2, 3], [3, 7], [4, 6], [6, 23], [6, 10], [7, 8], [8, 9], [9, 19], [9, 13], [10, 12], [12, 17], [13, 14], [14, 16], [16, 19], [17, 18], [18, 26], [18, 29], [19, 20], [20, 22], [22, 4], [22, 36], [23, 24], [24, 43], [24, 45], [26, 28], [28, 23], [29, 30], [31, 33], [33, 34], [34, 35], [35, 71], [35, 69], [36, 38], [38, 23], [39, 40], [40, 41], [41, 67], [41, 31], [43, 44], [45, 46], [46, 48], [48, 51], [48, 55], [49, 50], [50, 53], [50, 63], [51, 52], [53, 54], [54, 63], [54, 57], [55, 56], [56, 49], [56, 53], [57, 58], [58, 61], [58, 63], [59, 60], [60, 65], [61, 62], [62, 59], [62, 65], [63, 64], [64, 39], [65, 66], [66, 63], [67, 68], [68, 31], [69, 70], [71, 72], [72, 81], [73, 74], [74, 75], [75, 78], [78, 88], [78, 98], [79, 80], [80, 73], [80, 85], [81, 82], [82, 84], [84, 79], [85, 86], [87, 96], [88, 89], [89, 92], [90, 91], [91, 94], [92, 93], [93, 90], [93, 94], [94, 95], [95, 102], [96, 97], [97, 107], [98, 99], [99, 101], [102, 104], [104, 105], [105, 106], [106, 96], [106, 87], [107, 108], [108, 109], [109, 111]], "features": {"1": "1", "2": "2", "3": "2", "7": "2", "4": "2", "6": "3", "23": "4", "10": "2", "8": "2", "9": "3", "19": "3", "13": "2", "12": "2", "17": "2", "14": "2", "16": "2", "18": "3", "26": "2", "29": "2", "20": "2", "22": "3", "36": "2", "24": "3", "43": "2", "45": "2", "28": "2", "30": "1", "31": "3", "33": "2", "34": "2", "35": "3", "71": "2", "69": "2", "38": "2", "39": "2", "40": "2", "41": "3", "67": "2", "44": "1", "46": "2", "48": "3", "51": "2", "55": "2", "49": "2", "50": "3", "53": "3", "63": "5", "52": "1", "54": "3", "57": "2", "56": "3", "58": "3", "61": "2", "59": "2", "60": "2", "65": "3", "62": "3", "64": "2", "66": "2", "68": "2", "70": "1", "72": "2", "81": "2", "73": "2", "74": "2", "75": "2", "78": "3", "88": "2", "98": "2", "79": "2", "80": "3", "85": "2", "82": "2", "84": "2", "86": "1", "87": "2", "96": "3", "89": "2", "92": "2", "90": "2", "91": "2", "94": "3", "93": "3", "95": "2", "102": "2", "97": "2", "107": "2", "99": "2", "101": "1", "104": "2", "105": "2", "106": "3", "108": "2", "109": "2", "111": "1"}}