{"edges": [[1, 2], [2, 3], [3, 5], [4, 12], [5, 11], [5, 18], [6, 7], [7, 21], [7, 32], [8, 4], [8, 6], [9, 13], [9, 15], [10, 81], [11, 23], [11, 80], [12, 16], [13, 65], [16, 26], [16, 28], [18, 8], [19, 74], [19, 116], [20, 39], [24, 14], [24, 34], [26, 66], [28, 29], [29, 37], [29, 38], [29, 54], [30, 120], [30, 130], [31, 62], [31, 71], [32, 20], [32, 42], [34, 47], [35, 54], [35, 78], [37, 67], [37, 122], [38, 52], [39, 48], [39, 55], [39, 59], [40, 41], [41, 35], [41, 60], [42, 49], [42, 58], [45, 72], [45, 124], [48, 88], [48, 101], [49, 30], [51, 69], [52, 31], [52, 84], [54, 45], [54, 106], [56, 57], [57, 95], [57, 107], [58, 19], [59, 63], [60, 9], [62, 99], [63, 56], [63, 77], [65, 46], [65, 70], [68, 82], [72, 73], [73, 83], [73, 86], [77, 90], [77, 97], [78, 126], [80, 8], [81, 102], [81, 108], [82, 91], [84, 51], [84, 64], [88, 89], [89, 111], [89, 121], [91, 79], [91, 96], [96, 114], [97, 110], [99, 113], [99, 128], [100, 110], [102, 103], [103, 75], [103, 92], [106, 50], [106, 68], [107, 100], [107, 125], [110, 24], [110, 43], [111, 112], [112, 118], [112, 132], [116, 81], [118, 119], [119, 22], [119, 27], [122, 123], [123, 50], [123, 68], [124, 131], [126, 87], [126, 94], [128, 129], [130, 104], [130, 117], [131, 10], [131, 105]], "features": {"1": "1", "2": "2", "3": "2", "5": "3", "4": "2", "12": "2", "11": "3", "18": "2", "6": "2", "7": "3", "21": "1", "32": "3", "8": "4", "9": "3", "13": "2", "15": "1", "10": "2", "81": "4", "23": "1", "80": "2", "16": "3", "65": "3", "26": "2", "28": "2", "19": "3", "74": "1", "116": "2", "20": "2", "39": "4", "24": "3", "14": "1", "34": "2", "66": "1", "29": "4", "37": "3", "38": "2", "54": "4", "30": "3", "120": "1", "130": "3", "31": "3", "62": "2", "71": "1", "42": "3", "47": "1", "35": "3", "78": "2", "67": "1", "122": "2", "52": "3", "48": "3", "55": "1", "59": "2", "40": "1", "41": "3", "60": "2", "49": "2", "58": "2", "45": "3", "72": "2", "124": "2", "88": "2", "101": "1", "51": "2", "69": "1", "84": "3", "106": "3", "56": "2", "57": "3", "95": "1", "107": "3", "63": "3", "99": "3", "77": "3", "46": "1", "70": "1", "68": "3", "82": "2", "73": "3", "83": "1", "86": "1", "90": "1", "97": "2", "126": "3", "102": "2", "108": "1", "91": "3", "64": "1", "89": "3", "111": "2", "121": "1", "79": "1", "96": "2", "114": "1", "110": "4", "113": "1", "128": "2", "100": "2", "103": "3", "75": "1", "92": "1", "50": "2", "125": "1", "43": "1", "112": "3", "118": "2", "132": "1", "119": "3", "22": "1", "27": "1", "123": "3", "131": "3", "87": "1", "94": "1", "129": "1", "104": "1", "117": "1", "105": "1"}}