{"edges": [[1, 11], [7, 19], [9, 38], [11, 7], [11, 26], [15, 26], [19, 15], [19, 26], [22, 38], [22, 28], [26, 35], [26, 22], [28, 9], [32, 44], [32, 43], [35, 22], [38, 32], [40, 44], [43, 40], [44, 52], [44, 48], [48, 59], [52, 48], [56, 73], [59, 56], [59, 73], [62, 75], [62, 70], [65, 72], [65, 62], [70, 75], [72, 70], [72, 62], [73, 65], [75, 80]], "features": {"1": "1", "11": "3", "7": "2", "19": "3", "9": "2", "38": "3", "26": "5", "15": "2", "22": "4", "28": "2", "35": "2", "32": "3", "44": "4", "43": "2", "40": "2", "52": "2", "48": "3", "59": "3", "56": "2", "73": "3", "62": "4", "75": "3", "70": "3", "65": "3", "72": "3", "80": "1"}}