{"edges": [[1, 2], [1, 10], [2, 22], [2, 4], [3, 4], [4, 30], [4, 3], [5, 17], [5, 19], [6, 8], [7, 30], [7, 6], [8, 12], [8, 9], [9, 14], [9, 11], [10, 1], [11, 13], [11, 16], [12, 8], [13, 15], [14, 11], [15, 18], [15, 17], [15, 37], [16, 11], [16, 3], [17, 19], [17, 5], [18, 15], [19, 20], [19, 21], [20, 19], [21, 26], [21, 23], [22, 2], [23, 34], [23, 25], [24, 27], [25, 27], [25, 37], [26, 21], [27, 24], [27, 29], [28, 29], [29, 28], [29, 31], [30, 6], [30, 7], [31, 33], [32, 33], [33, 32], [33, 35], [34, 23], [35, 36], [35, 37], [36, 35]], "features": {"1": "3", "2": "4", "10": "2", "22": "2", "4": "4", "3": "3", "30": "4", "5": "3", "17": "4", "19": "5", "6": "3", "8": "4", "7": "3", "12": "2", "9": "3", "14": "2", "11": "5", "13": "2", "16": "3", "15": "5", "18": "2", "37": "3", "20": "2", "21": "4", "26": "2", "23": "4", "34": "2", "25": "3", "24": "2", "27": "4", "29": "4", "28": "2", "31": "2", "33": "4", "32": "2", "35": "4", "36": "2"}}