{"edges": [[1, 2], [2, 3], [2, 4], [3, 4], [4, 5], [5, 6], [6, 33], [6, 9], [7, 16], [8, 82], [9, 48], [10, 76], [11, 84], [12, 40], [14, 92], [15, 59], [16, 70], [17, 62], [17, 39], [19, 11], [19, 35], [19, 58], [20, 12], [21, 72], [25, 66], [26, 126], [27, 44], [28, 46], [30, 42], [32, 63], [33, 75], [33, 60], [34, 86], [35, 115], [36, 49], [38, 8], [38, 97], [39, 54], [40, 101], [40, 67], [41, 114], [42, 102], [42, 73], [43, 38], [44, 90], [46, 107], [47, 55], [48, 33], [49, 89], [50, 103], [51, 105], [51, 22], [51, 68], [51, 113], [52, 24], [53, 99], [54, 77], [55, 127], [55, 118], [56, 65], [57, 31], [58, 71], [59, 50], [61, 91], [61, 7], [62, 10], [62, 37], [64, 20], [65, 23], [65, 36], [67, 78], [68, 87], [69, 41], [69, 122], [70, 121], [70, 128], [72, 96], [73, 19], [74, 69], [74, 32], [75, 94], [76, 131], [77, 100], [77, 25], [77, 119], [78, 55], [79, 34], [80, 116], [80, 56], [81, 56], [82, 88], [83, 18], [84, 79], [86, 98], [87, 106], [87, 81], [89, 53], [90, 109], [91, 111], [92, 85], [94, 51], [95, 120], [96, 125], [96, 74], [97, 56], [98, 15], [98, 29], [98, 57], [99, 130], [99, 64], [100, 14], [100, 30], [101, 124], [101, 117], [101, 47], [102, 27], [103, 83], [104, 110], [105, 28], [107, 80], [108, 13], [108, 52], [109, 2], [110, 18], [112, 93], [113, 43], [115, 129], [116, 123], [120, 104], [123, 17], [124, 112], [125, 61], [126, 95], [126, 45], [127, 21], [128, 26], [130, 12], [131, 108]], "features": {"1": "1", "2": "4", "3": "2", "4": "3", "5": "2", "6": "3", "33": "4", "9": "2", "7": "2", "16": "2", "8": "2", "82": "2", "48": "2", "10": "2", "76": "2", "11": "2", "84": "2", "12": "3", "40": "3", "14": "2", "92": "2", "15": "2", "59": "2", "70": "3", "17": "3", "62": "3", "39": "2", "19": "4", "35": "2", "58": "2", "20": "2", "21": "2", "72": "2", "25": "2", "66": "1", "26": "2", "126": "3", "27": "2", "44": "2", "28": "2", "46": "2", "30": "2", "42": "3", "32": "2", "63": "1", "75": "2", "60": "1", "34": "2", "86": "2", "115": "2", "36": "2", "49": "2", "38": "3", "97": "2", "54": "2", "101": "4", "67": "2", "41": "2", "114": "1", "102": "2", "73": "2", "43": "2", "90": "2", "107": "2", "47": "2", "55": "4", "89": "2", "50": "2", "103": "2", "51": "5", "105": "2", "22": "1", "68": "2", "113": "2", "52": "2", "24": "1", "53": "2", "99": "3", "77": "4", "127": "2", "118": "1", "56": "4", "65": "3", "57": "2", "31": "1", "71": "1", "61": "3", "91": "2", "37": "1", "64": "2", "23": "1", "78": "2", "87": "3", "69": "3", "122": "1", "121": "1", "128": "2", "96": "3", "74": "3", "94": "2", "131": "2", "100": "3", "119": "1", "79": "2", "80": "3", "116": "2", "81": "2", "88": "1", "83": "2", "18": "2", "98": "4", "106": "1", "109": "2", "111": "1", "85": "1", "95": "2", "120": "2", "125": "2", "29": "1", "130": "2", "124": "2", "117": "1", "104": "2", "110": "2", "108": "3", "13": "1", "112": "2", "93": "1", "129": "1", "123": "2", "45": "1"}}