{"edges": [[1, 2], [2, 3], [3, 5], [5, 6], [5, 9], [6, 7], [7, 16], [7, 28], [9, 10], [10, 13], [13, 20], [13, 14], [16, 19], [19, 31], [19, 32], [20, 54], [20, 23], [23, 24], [24, 25], [25, 26], [26, 27], [28, 42], [28, 48], [31, 36], [32, 35], [35, 44], [37, 40], [38, 37], [44, 45], [45, 46], [45, 38], [46, 47], [47, 43], [48, 49], [50, 51], [52, 53], [53, 15], [54, 55], [55, 56], [56, 50], [56, 52]], "features": {"1": "1", "2": "2", "3": "2", "5": "3", "6": "2", "9": "2", "7": "3", "16": "2", "28": "3", "10": "2", "13": "3", "20": "3", "14": "1", "19": "3", "31": "2", "32": "2", "54": "2", "23": "2", "24": "2", "25": "2", "26": "2", "27": "1", "42": "1", "48": "2", "36": "1", "35": "2", "44": "2", "37": "2", "40": "1", "38": "2", "45": "3", "46": "2", "47": "2", "43": "1", "49": "1", "50": "2", "51": "1", "52": "2", "53": "2", "15": "1", "55": "2", "56": "3"}}