{"edges": [[1, 2], [2, 3], [3, 10], [3, 14], [6, 34], [6, 86], [7, 11], [7, 8], [8, 9], [9, 23], [9, 28], [10, 97], [10, 5], [10, 7], [11, 33], [13, 36], [14, 101], [14, 5], [14, 16], [15, 18], [16, 5], [16, 18], [16, 26], [16, 17], [17, 30], [18, 40], [19, 20], [20, 42], [20, 47], [21, 22], [22, 91], [22, 81], [23, 92], [24, 19], [26, 27], [27, 59], [28, 38], [30, 84], [30, 35], [31, 66], [31, 70], [33, 46], [33, 57], [34, 76], [34, 83], [35, 50], [36, 12], [36, 52], [38, 55], [39, 58], [40, 39], [40, 37], [42, 43], [43, 48], [43, 60], [44, 45], [45, 6], [47, 51], [47, 54], [50, 15], [52, 53], [53, 44], [54, 7], [55, 56], [56, 65], [56, 67], [57, 73], [58, 49], [58, 31], [59, 78], [59, 64], [60, 68], [62, 21], [66, 13], [66, 72], [66, 80], [67, 29], [67, 92], [68, 69], [69, 74], [69, 62], [71, 75], [71, 77], [77, 93], [78, 17], [79, 71], [83, 85], [83, 87], [87, 88], [87, 61], [88, 89], [89, 94], [91, 79], [92, 24], [92, 32], [93, 90], [94, 95], [95, 90]], "features": {"1": "1", "2": "2", "3": "3", "10": "4", "14": "4", "6": "3", "34": "3", "86": "1", "7": "4", "11": "2", "8": "2", "9": "3", "23": "2", "28": "2", "97": "1", "5": "3", "33": "3", "13": "2", "36": "3", "101": "1", "16": "5", "15": "2", "18": "3", "26": "2", "17": "3", "30": "3", "40": "3", "19": "2", "20": "3", "42": "2", "47": "3", "21": "2", "22": "3", "91": "2", "81": "1", "92": "4", "24": "2", "27": "2", "59": "3", "38": "2", "84": "1", "35": "2", "31": "3", "66": "4", "70": "1", "46": "1", "57": "2", "76": "1", "83": "3", "50": "2", "12": "1", "52": "2", "55": "2", "39": "2", "58": "3", "37": "1", "43": "3", "48": "1", "60": "2", "44": "2", "45": "2", "51": "1", "54": "2", "53": "2", "56": "3", "65": "1", "67": "3", "73": "1", "49": "1", "78": "2", "64": "1", "68": "2", "62": "2", "72": "1", "80": "1", "29": "1", "69": "3", "74": "1", "71": "3", "75": "1", "77": "2", "93": "2", "79": "2", "85": "1", "87": "3", "88": "2", "61": "1", "89": "2", "94": "2", "32": "1", "90": "2", "95": "2"}}