{"edges": [[1, 2], [2, 4], [2, 6], [2, 10], [4, 5], [5, 21], [5, 13], [6, 25], [6, 33], [6, 34], [7, 8], [8, 107], [8, 20], [9, 35], [9, 39], [10, 11], [10, 29], [11, 12], [12, 22], [12, 46], [13, 14], [14, 75], [14, 15], [15, 16], [16, 89], [16, 104], [18, 9], [19, 36], [19, 38], [21, 25], [22, 24], [24, 57], [24, 79], [25, 26], [26, 43], [26, 51], [27, 28], [28, 41], [29, 30], [30, 49], [30, 56], [31, 32], [32, 83], [33, 52], [34, 60], [35, 85], [36, 53], [36, 55], [36, 102], [38, 59], [39, 40], [40, 2], [40, 70], [41, 42], [42, 106], [43, 44], [44, 73], [45, 63], [46, 47], [47, 78], [47, 80], [48, 9], [48, 18], [49, 50], [50, 66], [50, 77], [51, 19], [52, 27], [52, 61], [56, 67], [57, 58], [59, 86], [59, 93], [60, 38], [61, 62], [62, 81], [62, 87], [63, 64], [65, 68], [65, 72], [66, 67], [67, 94], [67, 96], [68, 69], [72, 31], [72, 20], [73, 74], [74, 76], [75, 91], [76, 93], [78, 54], [80, 101], [81, 82], [82, 27], [82, 7], [82, 0], [83, 84], [85, 97], [87, 88], [88, 92], [88, 98], [89, 90], [93, 95], [93, 99], [93, 110], [96, 109], [96, 100], [102, 103], [104, 105], [105, 45], [105, 48], [106, 65], [107, 108]], "features": {"1": "1", "2": "5", "4": "2", "6": "4", "10": "3", "5": "3", "21": "2", "13": "2", "25": "3", "33": "2", "34": "2", "7": "2", "8": "3", "107": "2", "20": "2", "9": "4", "35": "2", "39": "2", "11": "2", "29": "2", "12": "3", "22": "2", "46": "2", "14": "3", "75": "2", "15": "2", "16": "3", "89": "2", "104": "2", "18": "2", "19": "3", "36": "4", "38": "3", "24": "3", "57": "2", "79": "1", "26": "3", "43": "2", "51": "2", "27": "3", "28": "2", "41": "2", "30": "3", "49": "2", "56": "2", "31": "2", "32": "2", "83": "2", "52": "3", "60": "2", "85": "2", "53": "1", "55": "1", "102": "2", "59": "3", "40": "3", "70": "1", "42": "2", "106": "2", "44": "2", "73": "2", "45": "2", "63": "2", "47": "3", "78": "2", "80": "2", "48": "3", "50": "3", "66": "2", "77": "1", "61": "2", "67": "4", "58": "1", "86": "1", "93": "5", "62": "3", "81": "2", "87": "2", "64": "1", "65": "3", "68": "2", "72": "3", "94": "1", "96": "3", "69": "1", "74": "2", "76": "2", "91": "1", "54": "1", "101": "1", "82": "4", "0": "1", "84": "1", "97": "1", "88": "3", "92": "1", "98": "1", "90": "1", "95": "1", "99": "1", "110": "1", "109": "1", "100": "1", "103": "1", "105": "3", "108": "1"}}