{"edges": [[1, 2], [1, 35], [2, 3], [3, 32], [5, 38], [6, 7], [7, 25], [8, 39], [10, 36], [10, 16], [11, 5], [12, 13], [13, 76], [16, 17], [17, 74], [18, 34], [20, 12], [21, 79], [22, 85], [23, 104], [23, 30], [26, 82], [26, 86], [27, 112], [27, 109], [27, 92], [27, 115], [28, 107], [28, 102], [30, 11], [32, 10], [35, 40], [35, 18], [36, 20], [38, 31], [39, 22], [40, 41], [41, 42], [42, 90], [43, 75], [45, 27], [46, 47], [47, 98], [49, 113], [50, 59], [51, 106], [54, 8], [56, 73], [57, 87], [57, 71], [57, 69], [57, 97], [57, 66], [59, 72], [60, 110], [62, 55], [65, 50], [65, 83], [68, 15], [69, 56], [71, 51], [72, 60], [73, 21], [74, 54], [75, 49], [75, 108], [78, 89], [78, 116], [78, 101], [79, 80], [80, 81], [81, 26], [82, 62], [83, 59], [85, 23], [86, 114], [87, 79], [89, 64], [90, 91], [91, 43], [92, 93], [93, 52], [95, 46], [96, 61], [98, 99], [99, 100], [100, 78], [101, 28], [102, 103], [103, 68], [104, 6], [106, 79], [107, 45], [110, 57], [112, 96], [113, 65], [114, 95]], "features": {"1": "2", "2": "2", "35": "3", "3": "2", "32": "2", "5": "2", "38": "2", "6": "2", "7": "2", "25": "1", "8": "2", "39": "2", "10": "3", "36": "2", "16": "2", "11": "2", "12": "2", "13": "2", "76": "1", "17": "2", "74": "2", "18": "2", "34": "1", "20": "2", "21": "2", "79": "4", "22": "2", "85": "2", "23": "3", "104": "2", "30": "2", "26": "3", "82": "2", "86": "2", "27": "5", "112": "2", "109": "1", "92": "2", "115": "1", "28": "3", "107": "2", "102": "2", "40": "2", "31": "1", "41": "2", "42": "2", "90": "2", "43": "2", "75": "3", "45": "2", "46": "2", "47": "2", "98": "2", "49": "2", "113": "2", "50": "2", "59": "3", "51": "2", "106": "2", "54": "2", "56": "2", "73": "2", "57": "6", "87": "2", "71": "2", "69": "2", "97": "1", "66": "1", "72": "2", "60": "2", "110": "2", "62": "2", "55": "1", "65": "3", "83": "2", "68": "2", "15": "1", "108": "1", "78": "4", "89": "2", "116": "1", "101": "2", "80": "2", "81": "2", "114": "2", "64": "1", "91": "2", "93": "2", "52": "1", "95": "2", "96": "2", "61": "1", "99": "2", "100": "2", "103": "2"}}