{"edges": [[1, 2], [1, 3], [2, 4], [2, 6], [3, 7], [3, 8], [4, 10], [4, 11], [6, 12], [6, 14], [7, 15], [7, 16], [8, 9], [9, 18], [9, 19], [10, 20], [10, 22], [11, 23], [11, 26], [12, 13], [13, 27], [13, 24], [14, 28], [14, 29], [15, 30], [15, 32], [16, 17], [17, 33], [17, 35], [20, 21], [21, 38], [21, 36], [22, 3], [23, 39], [23, 41], [27, 42], [27, 43], [28, 44], [28, 45], [32, 46], [32, 49], [33, 34], [34, 48], [34, 50], [36, 37], [37, 53], [37, 54], [38, 51], [38, 52], [39, 40], [40, 55], [40, 56], [42, 57], [42, 58], [43, 3], [44, 59], [44, 61], [45, 62], [46, 47], [47, 65], [47, 66], [48, 2], [51, 67], [51, 68], [52, 69], [52, 70], [53, 72], [53, 73], [54, 74], [54, 75], [55, 76], [55, 77], [56, 78], [56, 79], [59, 60], [60, 80], [60, 82], [61, 84], [61, 83], [62, 64], [64, 87], [64, 86], [65, 88], [65, 89], [67, 2], [69, 97], [69, 98], [70, 71], [71, 99], [71, 100], [72, 90], [72, 91], [74, 92], [74, 93], [79, 109], [79, 110], [80, 81], [81, 111], [81, 112], [82, 113], [82, 114], [84, 116], [84, 115], [88, 94], [88, 96], [90, 101], [90, 106], [91, 102], [91, 105], [93, 107], [93, 108], [99, 1]], "features": {"1": "3", "2": "5", "3": "5", "4": "3", "6": "3", "7": "3", "8": "2", "10": "3", "11": "3", "12": "2", "14": "3", "15": "3", "16": "2", "9": "3", "18": "1", "19": "1", "20": "2", "22": "2", "23": "3", "26": "1", "13": "3", "27": "3", "24": "1", "28": "3", "29": "1", "30": "1", "32": "3", "17": "3", "33": "2", "35": "1", "21": "3", "38": "3", "36": "2", "39": "2", "41": "1", "42": "3", "43": "2", "44": "3", "45": "2", "46": "2", "49": "1", "34": "3", "48": "2", "50": "1", "37": "3", "53": "3", "54": "3", "51": "3", "52": "3", "40": "3", "55": "3", "56": "3", "57": "1", "58": "1", "59": "2", "61": "3", "62": "2", "47": "3", "65": "3", "66": "1", "67": "2", "68": "1", "69": "3", "70": "2", "72": "3", "73": "1", "74": "3", "75": "1", "76": "1", "77": "1", "78": "1", "79": "3", "60": "3", "80": "2", "82": "3", "84": "3", "83": "1", "64": "3", "87": "1", "86": "1", "88": "3", "89": "1", "97": "1", "98": "1", "71": "3", "99": "2", "100": "1", "90": "3", "91": "3", "92": "1", "93": "3", "109": "1", "110": "1", "81": "3", "111": "1", "112": "1", "113": "1", "114": "1", "116": "1", "115": "1", "94": "1", "96": "1", "101": "1", "106": "1", "102": "1", "105": "1", "107": "1", "108": "1"}}