{"edges": [[1, 2], [2, 3], [3, 4], [4, 41], [4, 60], [5, 97], [7, 44], [7, 106], [8, 63], [9, 37], [9, 21], [11, 62], [12, 21], [14, 39], [16, 53], [17, 115], [18, 25], [19, 57], [20, 40], [21, 90], [22, 75], [22, 100], [23, 68], [24, 112], [26, 111], [27, 55], [28, 15], [28, 118], [30, 54], [30, 19], [31, 13], [32, 7], [33, 114], [34, 103], [35, 104], [36, 122], [37, 12], [39, 71], [40, 82], [41, 59], [42, 9], [44, 83], [45, 38], [47, 16], [47, 124], [48, 29], [49, 6], [50, 91], [51, 86], [52, 99], [53, 64], [54, 76], [55, 11], [55, 73], [56, 72], [57, 95], [58, 113], [59, 52], [59, 74], [60, 99], [62, 42], [63, 69], [64, 77], [65, 109], [67, 49], [68, 128], [68, 26], [69, 45], [69, 75], [71, 10], [72, 130], [74, 93], [75, 78], [75, 107], [75, 51], [76, 50], [78, 125], [79, 108], [80, 105], [81, 14], [81, 79], [83, 120], [84, 56], [84, 102], [85, 17], [85, 56], [85, 24], [85, 96], [86, 23], [87, 70], [88, 98], [89, 94], [90, 33], [91, 46], [91, 117], [92, 31], [93, 48], [94, 61], [95, 85], [96, 32], [97, 36], [97, 133], [98, 101], [99, 35], [100, 8], [102, 58], [104, 119], [106, 20], [107, 127], [109, 131], [109, 43], [110, 132], [110, 80], [112, 66], [112, 81], [113, 65], [114, 121], [114, 87], [114, 18], [114, 67], [115, 134], [116, 110], [117, 135], [118, 47], [119, 85], [119, 22], [120, 126], [120, 58], [121, 123], [123, 84], [124, 34], [125, 5], [126, 30], [128, 92], [129, 27], [130, 28], [131, 116], [132, 85], [133, 89], [134, 88], [135, 129]], "features": {"1": "1", "2": "2", "3": "2", "4": "3", "41": "2", "60": "2", "5": "2", "97": "3", "7": "3", "44": "2", "106": "2", "8": "2", "63": "2", "9": "3", "37": "2", "21": "3", "11": "2", "62": "2", "12": "2", "14": "2", "39": "2", "16": "2", "53": "2", "17": "2", "115": "2", "18": "2", "25": "1", "19": "2", "57": "2", "20": "2", "40": "2", "90": "2", "22": "3", "75": "5", "100": "2", "23": "2", "68": "3", "24": "2", "112": "3", "26": "2", "111": "1", "27": "2", "55": "3", "28": "3", "15": "1", "118": "2", "30": "3", "54": "2", "31": "2", "13": "1", "32": "2", "33": "2", "114": "5", "34": "2", "103": "1", "35": "2", "104": "2", "36": "2", "122": "1", "71": "2", "82": "1", "59": "3", "42": "2", "83": "2", "45": "2", "38": "1", "47": "3", "124": "2", "48": "2", "29": "1", "49": "2", "6": "1", "50": "2", "91": "3", "51": "2", "86": "2", "52": "2", "99": "3", "64": "2", "76": "2", "73": "1", "56": "3", "72": "2", "95": "2", "58": "3", "113": "2", "74": "2", "69": "3", "77": "1", "65": "2", "109": "3", "67": "2", "128": "2", "10": "1", "130": "2", "93": "2", "78": "2", "107": "2", "125": "2", "79": "2", "108": "1", "80": "2", "105": "1", "81": "3", "120": "3", "84": "3", "102": "2", "85": "7", "96": "2", "87": "2", "70": "1", "88": "2", "98": "2", "89": "2", "94": "2", "46": "1", "117": "2", "92": "2", "61": "1", "133": "2", "101": "1", "119": "3", "127": "1", "131": "2", "43": "1", "110": "3", "132": "2", "66": "1", "121": "2", "134": "2", "116": "2", "135": "2", "126": "2", "123": "2", "129": "2"}}