{"edges": [[1, 2], [2, 3], [3, 4], [4, 80], [6, 36], [7, 63], [9, 32], [10, 64], [11, 54], [12, 48], [13, 73], [14, 74], [17, 110], [18, 104], [20, 21], [21, 115], [22, 106], [26, 94], [26, 59], [27, 55], [28, 29], [29, 30], [31, 47], [32, 33], [33, 108], [34, 35], [35, 90], [36, 96], [37, 58], [38, 39], [39, 88], [40, 50], [42, 25], [43, 51], [45, 26], [46, 9], [47, 40], [47, 72], [50, 81], [51, 86], [52, 62], [54, 43], [55, 82], [57, 13], [58, 93], [59, 100], [60, 67], [62, 78], [63, 10], [63, 76], [64, 95], [66, 34], [67, 18], [68, 79], [70, 71], [72, 14], [73, 109], [74, 75], [75, 91], [76, 6], [78, 31], [80, 7], [81, 20], [82, 83], [83, 84], [84, 113], [86, 87], [87, 112], [87, 42], [88, 69], [91, 22], [93, 17], [94, 16], [95, 52], [96, 97], [97, 98], [98, 27], [99, 57], [100, 105], [101, 102], [102, 103], [103, 45], [104, 85], [105, 70], [106, 11], [106, 38], [107, 46], [108, 60], [108, 99], [109, 66], [110, 68], [112, 28], [113, 101], [113, 37], [115, 12], [115, 107]], "features": {"1": "1", "2": "2", "3": "2", "4": "2", "80": "2", "6": "2", "36": "2", "7": "2", "63": "3", "9": "2", "32": "2", "10": "2", "64": "2", "11": "2", "54": "2", "12": "2", "48": "1", "13": "2", "73": "2", "14": "2", "74": "2", "17": "2", "110": "2", "18": "2", "104": "2", "20": "2", "21": "2", "115": "3", "22": "2", "106": "3", "26": "3", "94": "2", "59": "2", "27": "2", "55": "2", "28": "2", "29": "2", "30": "1", "31": "2", "47": "3", "33": "2", "108": "3", "34": "2", "35": "2", "90": "1", "96": "2", "37": "2", "58": "2", "38": "2", "39": "2", "88": "2", "40": "2", "50": "2", "42": "2", "25": "1", "43": "2", "51": "2", "45": "2", "46": "2", "72": "2", "81": "2", "86": "2", "52": "2", "62": "2", "82": "2", "57": "2", "93": "2", "100": "2", "60": "2", "67": "2", "78": "2", "76": "2", "95": "2", "66": "2", "68": "2", "79": "1", "70": "2", "71": "1", "109": "2", "75": "2", "91": "2", "83": "2", "84": "2", "113": "3", "87": "3", "112": "2", "69": "1", "16": "1", "97": "2", "98": "2", "99": "2", "105": "2", "101": "2", "102": "2", "103": "2", "85": "1", "107": "2"}}