{"edges": [[1, 2], [2, 8], [2, 6], [4, 5], [5, 54], [6, 25], [6, 13], [8, 9], [9, 10], [9, 4], [10, 11], [11, 14], [11, 18], [13, 20], [13, 36], [14, 34], [16, 17], [18, 19], [19, 26], [19, 23], [23, 32], [23, 40], [25, 28], [25, 38], [26, 27], [28, 29], [29, 51], [29, 42], [32, 33], [33, 45], [33, 46], [34, 35], [36, 48], [40, 41], [42, 43], [45, 52], [46, 34], [48, 49], [54, 16], [54, 31]], "features": {"1": "1", "2": "3", "8": "2", "6": "3", "4": "2", "5": "2", "54": "3", "25": "3", "13": "3", "9": "3", "10": "2", "11": "3", "14": "2", "18": "2", "20": "1", "36": "2", "34": "3", "16": "2", "17": "1", "19": "3", "26": "2", "23": "3", "32": "2", "40": "2", "28": "2", "38": "1", "27": "1", "29": "3", "51": "1", "42": "2", "33": "3", "45": "2", "46": "2", "35": "1", "48": "2", "41": "1", "43": "1", "52": "1", "49": "1", "31": "1"}}