{"edges": [[1, 2], [2, 3], [3, 4], [3, 8], [4, 12], [4, 18], [6, 7], [7, 50], [7, 35], [8, 15], [8, 17], [12, 6], [12, 19], [14, 11], [15, 16], [16, 48], [17, 26], [17, 33], [18, 20], [19, 22], [20, 21], [21, 36], [21, 24], [24, 25], [25, 27], [26, 40], [26, 45], [27, 28], [29, 14], [31, 32], [33, 34], [35, 29], [36, 31], [37, 14], [38, 39], [39, 44], [40, 41], [41, 55], [42, 53], [44, 43], [45, 46], [46, 47], [48, 49], [49, 52], [50, 51], [51, 37], [51, 42], [52, 57], [53, 56], [55, 54], [56, 24], [57, 58], [58, 59], [59, 60], [60, 30], [60, 38]], "features": {"1": "1", "2": "2", "3": "3", "4": "3", "8": "3", "12": "3", "18": "2", "6": "2", "7": "3", "50": "2", "35": "2", "15": "2", "17": "3", "19": "2", "14": "3", "11": "1", "16": "2", "48": "2", "26": "3", "33": "2", "20": "2", "22": "1", "21": "3", "36": "2", "24": "3", "25": "2", "27": "2", "40": "2", "45": "2", "28": "1", "29": "2", "31": "2", "32": "1", "34": "1", "37": "2", "38": "2", "39": "2", "44": "2", "41": "2", "55": "2", "42": "2", "53": "2", "43": "1", "46": "2", "47": "1", "49": "2", "52": "2", "51": "3", "57": "2", "56": "2", "54": "1", "58": "2", "59": "2", "60": "3", "30": "1"}}