{"edges": [[1, 2], [2, 5], [3, 111], [5, 7], [6, 9], [7, 12], [8, 61], [9, 96], [12, 13], [13, 44], [14, 15], [15, 38], [15, 46], [17, 20], [18, 29], [18, 54], [19, 88], [19, 32], [20, 52], [21, 51], [21, 73], [22, 24], [24, 114], [25, 37], [26, 27], [27, 14], [29, 48], [30, 92], [30, 33], [32, 18], [33, 22], [34, 36], [36, 26], [36, 78], [37, 67], [38, 39], [39, 17], [39, 64], [40, 42], [42, 112], [43, 113], [44, 21], [46, 53], [48, 102], [48, 74], [49, 82], [49, 98], [51, 58], [53, 100], [54, 105], [56, 57], [57, 97], [58, 43], [58, 75], [59, 95], [63, 45], [64, 10], [65, 69], [65, 8], [67, 59], [67, 84], [68, 40], [69, 71], [71, 56], [73, 30], [74, 109], [74, 116], [75, 77], [77, 19], [78, 79], [79, 68], [80, 81], [81, 85], [82, 31], [84, 49], [85, 86], [86, 63], [86, 25], [88, 80], [88, 3], [90, 91], [91, 60], [92, 34], [95, 6], [95, 90], [96, 106], [97, 104], [98, 93], [100, 115], [102, 65], [109, 101]], "features": {"1": "1", "2": "2", "5": "2", "3": "2", "111": "1", "7": "2", "6": "2", "9": "2", "12": "2", "8": "2", "61": "1", "96": "2", "13": "2", "44": "2", "14": "2", "15": "3", "38": "2", "46": "2", "17": "2", "20": "2", "18": "3", "29": "2", "54": "2", "19": "3", "88": "3", "32": "2", "52": "1", "21": "3", "51": "2", "73": "2", "22": "2", "24": "2", "114": "1", "25": "2", "37": "2", "26": "2", "27": "2", "48": "3", "30": "3", "92": "2", "33": "2", "34": "2", "36": "3", "78": "2", "67": "3", "39": "3", "64": "2", "40": "2", "42": "2", "112": "1", "43": "2", "113": "1", "53": "2", "102": "2", "74": "3", "49": "3", "82": "2", "98": "2", "58": "3", "100": "2", "105": "1", "56": "2", "57": "2", "97": "2", "75": "2", "59": "2", "95": "3", "63": "2", "45": "1", "10": "1", "65": "3", "69": "2", "84": "2", "68": "2", "71": "2", "109": "2", "116": "1", "77": "2", "79": "2", "80": "2", "81": "2", "85": "2", "31": "1", "86": "3", "90": "2", "91": "2", "60": "1", "106": "1", "104": "1", "93": "1", "115": "1", "101": "1"}}