{"edges": [[1, 2], [2, 3], [3, 4], [4, 5], [4, 8], [5, 6], [6, 7], [7, 20], [7, 23], [8, 9], [9, 10], [10, 11], [11, 14], [11, 12], [12, 13], [13, 35], [13, 50], [14, 15], [15, 16], [16, 17], [17, 27], [17, 18], [18, 19], [20, 21], [21, 22], [23, 24], [24, 25], [25, 26], [26, 55], [27, 28], [28, 29], [29, 30], [29, 43], [30, 31], [31, 32], [32, 33], [33, 34], [35, 36], [36, 37], [37, 38], [38, 46], [38, 39], [39, 40], [40, 41], [41, 42], [43, 44], [44, 45], [45, 68], [45, 77], [46, 47], [47, 64], [47, 48], [48, 49], [49, 64], [50, 51], [51, 52], [52, 53], [52, 55], [53, 54], [55, 56], [56, 57], [57, 58], [58, 59], [59, 60], [60, 61], [61, 62], [62, 63], [64, 65], [65, 66], [66, 67], [68, 69], [69, 70], [70, 71], [71, 72], [71, 74], [72, 73], [73, 77], [74, 75], [75, 76], [77, 78], [78, 82], [78, 79], [79, 80], [80, 81], [81, 88], [81, 86], [82, 83], [83, 84], [84, 85], [85, 103], [85, 101], [86, 87], [88, 89], [89, 92], [89, 90], [90, 91], [92, 93], [92, 95], [93, 94], [95, 96], [97, 98], [98, 99], [99, 100], [100, 106], [100, 105], [101, 102], [103, 104], [104, 115], [104, 97], [106, 107], [107, 117], [107, 108], [108, 109], [108, 110], [110, 111], [111, 112], [112, 113], [113, 114], [115, 116], [117, 118], [118, 119]], "features": {"1": "1", "2": "2", "3": "2", "4": "3", "5": "2", "8": "2", "6": "2", "7": "3", "20": "2", "23": "2", "9": "2", "10": "2", "11": "3", "14": "2", "12": "2", "13": "3", "35": "2", "50": "2", "15": "2", "16": "2", "17": "3", "27": "2", "18": "2", "19": "1", "21": "2", "22": "1", "24": "2", "25": "2", "26": "2", "55": "3", "28": "2", "29": "3", "30": "2", "43": "2", "31": "2", "32": "2", "33": "2", "34": "1", "36": "2", "37": "2", "38": "3", "46": "2", "39": "2", "40": "2", "41": "2", "42": "1", "44": "2", "45": "3", "68": "2", "77": "3", "47": "3", "64": "3", "48": "2", "49": "2", "51": "2", "52": "3", "53": "2", "54": "1", "56": "2", "57": "2", "58": "2", "59": "2", "60": "2", "61": "2", "62": "2", "63": "1", "65": "2", "66": "2", "67": "1", "69": "2", "70": "2", "71": "3", "72": "2", "74": "2", "73": "2", "75": "2", "76": "1", "78": "3", "82": "2", "79": "2", "80": "2", "81": "3", "88": "2", "86": "2", "83": "2", "84": "2", "85": "3", "103": "2", "101": "2", "87": "1", "89": "3", "92": "3", "90": "2", "91": "1", "93": "2", "95": "2", "94": "1", "96": "1", "97": "2", "98": "2", "99": "2", "100": "3", "106": "2", "105": "1", "102": "1", "104": "3", "115": "2", "107": "3", "117": "2", "108": "3", "109": "1", "110": "2", "111": "2", "112": "2", "113": "2", "114": "1", "116": "1", "118": "2", "119": "1"}}