{"edges": [[1, 2], [2, 5], [3, 60], [3, 64], [5, 8], [7, 12], [8, 9], [9, 14], [9, 28], [10, 38], [10, 92], [12, 6], [12, 73], [14, 18], [15, 16], [16, 19], [18, 23], [18, 42], [19, 31], [20, 93], [21, 3], [23, 46], [24, 25], [25, 59], [26, 35], [27, 45], [27, 111], [28, 34], [30, 15], [30, 90], [31, 51], [31, 66], [32, 40], [34, 10], [34, 23], [37, 24], [37, 62], [38, 39], [39, 44], [39, 102], [40, 21], [40, 104], [41, 84], [41, 110], [42, 82], [42, 85], [44, 57], [45, 13], [46, 65], [47, 52], [49, 53], [50, 69], [52, 20], [52, 103], [54, 68], [56, 101], [58, 30], [59, 70], [60, 58], [62, 3], [64, 41], [64, 49], [65, 72], [65, 86], [68, 27], [68, 63], [69, 7], [70, 81], [70, 97], [72, 37], [73, 88], [77, 78], [78, 80], [80, 87], [81, 100], [82, 109], [84, 56], [84, 91], [86, 32], [87, 35], [87, 96], [91, 106], [93, 98], [96, 26], [96, 50], [97, 75], [97, 77], [98, 108], [100, 54], [101, 113], [104, 107], [107, 76], [107, 95], [111, 47]], "features": {"1": "1", "2": "2", "5": "2", "3": "4", "60": "2", "64": "3", "8": "2", "7": "2", "12": "3", "9": "3", "14": "2", "28": "2", "10": "3", "38": "2", "92": "1", "6": "1", "73": "2", "18": "3", "15": "2", "16": "2", "19": "2", "23": "3", "42": "3", "31": "3", "20": "2", "93": "2", "21": "2", "46": "2", "24": "2", "25": "2", "59": "2", "26": "2", "35": "2", "27": "3", "45": "2", "111": "2", "34": "3", "30": "3", "90": "1", "51": "1", "66": "1", "32": "2", "40": "3", "37": "3", "62": "2", "39": "3", "44": "2", "102": "1", "104": "2", "41": "3", "84": "3", "110": "1", "82": "2", "85": "1", "57": "1", "13": "1", "65": "3", "47": "2", "52": "3", "49": "2", "53": "1", "50": "2", "69": "2", "103": "1", "54": "2", "68": "3", "56": "2", "101": "2", "58": "2", "70": "3", "72": "2", "86": "2", "63": "1", "81": "2", "97": "3", "88": "1", "77": "2", "78": "2", "80": "2", "87": "3", "100": "2", "109": "1", "91": "2", "96": "3", "106": "1", "98": "2", "75": "1", "108": "1", "113": "1", "107": "3", "76": "1", "95": "1"}}