{"edges": [[9, 10], [10, 11], [11, 12], [12, 13], [12, 66], [13, 14], [14, 15], [15, 16], [15, 17], [16, 19], [16, 24], [16, 30], [17, 18], [19, 20], [20, 21], [21, 22], [22, 23], [24, 25], [25, 26], [26, 27], [27, 28], [28, 29], [30, 31], [31, 32], [32, 33], [32, 36], [32, 54], [32, 112], [33, 34], [34, 35], [36, 37], [36, 43], [37, 38], [38, 39], [39, 40], [40, 41], [41, 42], [43, 44], [43, 48], [48, 49], [49, 50], [50, 51], [51, 52], [52, 53], [54, 55], [54, 61], [55, 56], [56, 57], [57, 58], [58, 59], [59, 60], [61, 62], [62, 63], [63, 64], [64, 65], [66, 67], [67, 68], [68, 69], [68, 72], [69, 70], [70, 71], [72, 73], [72, 76], [73, 74], [74, 75], [76, 77], [77, 78], [77, 88], [77, 90], [78, 79], [78, 86], [79, 80], [80, 81], [81, 82], [82, 83], [83, 84], [84, 85], [86, 87], [87, 94], [87, 95], [87, 99], [87, 106], [88, 89], [90, 91], [91, 92], [92, 93], [94, 79], [95, 96], [96, 97], [99, 100], [100, 101], [101, 102], [102, 103], [103, 104], [106, 107], [107, 108], [108, 109], [109, 110], [110, 111], [112, 113], [112, 117], [113, 114], [113, 116], [114, 115], [117, 118], [118, 119], [119, 120], [119, 124], [120, 121], [121, 122], [122, 123], [124, 125], [125, 126]], "features": {"9": "1", "10": "2", "11": "2", "12": "3", "13": "2", "66": "2", "14": "2", "15": "3", "16": "4", "17": "2", "19": "2", "24": "2", "30": "2", "18": "1", "20": "2", "21": "2", "22": "2", "23": "1", "25": "2", "26": "2", "27": "2", "28": "2", "29": "1", "31": "2", "32": "5", "33": "2", "36": "3", "54": "3", "112": "3", "34": "2", "35": "1", "37": "2", "43": "3", "38": "2", "39": "2", "40": "2", "41": "2", "42": "1", "44": "1", "48": "2", "49": "2", "50": "2", "51": "2", "52": "2", "53": "1", "55": "2", "61": "2", "56": "2", "57": "2", "58": "2", "59": "2", "60": "1", "62": "2", "63": "2", "64": "2", "65": "1", "67": "2", "68": "3", "69": "2", "72": "3", "70": "2", "71": "1", "73": "2", "76": "2", "74": "2", "75": "1", "77": "4", "78": "3", "88": "2", "90": "2", "79": "3", "86": "2", "80": "2", "81": "2", "82": "2", "83": "2", "84": "2", "85": "1", "87": "5", "94": "2", "95": "2", "99": "2", "106": "2", "89": "1", "91": "2", "92": "2", "93": "1", "96": "2", "97": "1", "100": "2", "101": "2", "102": "2", "103": "2", "104": "1", "107": "2", "108": "2", "109": "2", "110": "2", "111": "1", "113": "3", "117": "2", "114": "2", "116": "1", "115": "1", "118": "2", "119": "3", "120": "2", "124": "2", "121": "2", "122": "2", "123": "1", "125": "2", "126": "1"}}