{"edges": [[2, 3], [3, 5], [3, 6], [3, 7], [5, 8], [5, 10], [6, 11], [6, 12], [7, 14], [7, 15], [8, 16], [8, 17], [10, 18], [10, 19], [11, 20], [11, 21], [12, 22], [12, 24], [14, 15], [14, 40], [15, 28], [15, 30], [16, 11], [16, 32], [16, 33], [17, 12], [18, 34], [18, 36], [19, 37], [19, 38], [20, 39], [20, 66], [21, 69], [21, 70], [22, 23], [23, 42], [24, 44], [24, 45], [25, 41], [25, 46], [26, 50], [26, 51], [27, 47], [27, 49], [28, 29], [29, 52], [29, 53], [30, 31], [31, 54], [31, 55], [32, 56], [32, 57], [33, 58], [33, 59], [34, 60], [34, 62], [34, 63], [36, 92], [36, 94], [38, 64], [38, 65], [39, 67], [39, 95], [40, 26], [40, 27], [41, 75], [41, 76], [42, 43], [43, 73], [43, 74], [44, 25], [44, 71], [44, 72], [45, 15], [46, 78], [46, 79], [52, 80], [52, 100], [53, 82], [53, 83], [54, 84], [54, 85], [55, 41], [55, 86], [56, 88], [56, 90], [57, 15], [58, 41], [59, 14], [59, 91], [65, 106], [65, 107], [66, 96], [66, 110], [72, 36], [73, 97], [73, 99], [75, 108], [75, 109], [80, 81], [81, 105], [94, 102], [94, 104], [97, 98], [102, 19], [104, 106], [109, 38], [109, 112]], "features": {"2": "1", "3": "4", "5": "3", "6": "3", "7": "3", "8": "3", "10": "3", "11": "4", "12": "4", "14": "4", "15": "6", "16": "4", "17": "2", "18": "3", "19": "4", "20": "3", "21": "3", "22": "2", "24": "3", "40": "3", "28": "2", "30": "2", "32": "3", "33": "3", "34": "4", "36": "4", "37": "1", "38": "4", "39": "3", "66": "3", "69": "1", "70": "1", "23": "2", "42": "2", "44": "4", "45": "2", "25": "3", "41": "5", "46": "3", "26": "3", "50": "1", "51": "1", "27": "3", "47": "1", "49": "1", "29": "3", "52": "3", "53": "3", "31": "3", "54": "3", "55": "3", "56": "3", "57": "2", "58": "2", "59": "3", "60": "1", "62": "1", "63": "1", "92": "1", "94": "3", "64": "1", "65": "3", "67": "1", "95": "1", "75": "3", "76": "1", "43": "3", "73": "3", "74": "1", "71": "1", "72": "2", "78": "1", "79": "1", "80": "2", "100": "1", "82": "1", "83": "1", "84": "1", "85": "1", "86": "1", "88": "1", "90": "1", "91": "1", "106": "2", "107": "1", "96": "1", "110": "1", "97": "2", "99": "1", "108": "1", "109": "3", "81": "2", "105": "1", "102": "2", "104": "2", "98": "1", "112": "1"}}