{"edges": [[1, 2], [2, 3], [3, 4], [4, 12], [4, 8], [5, 15], [6, 11], [8, 38], [9, 39], [11, 18], [11, 23], [12, 75], [13, 77], [14, 29], [14, 32], [17, 76], [17, 70], [18, 85], [19, 88], [22, 45], [23, 72], [24, 25], [25, 42], [25, 37], [26, 50], [26, 46], [28, 36], [29, 52], [29, 56], [30, 31], [31, 100], [32, 57], [33, 40], [35, 66], [35, 106], [36, 78], [37, 9], [38, 6], [39, 17], [40, 41], [41, 24], [42, 22], [43, 114], [46, 113], [47, 48], [48, 49], [49, 111], [50, 107], [51, 105], [52, 84], [53, 19], [53, 94], [56, 30], [57, 35], [60, 98], [62, 109], [63, 87], [66, 43], [67, 63], [70, 96], [71, 97], [72, 26], [73, 112], [73, 62], [75, 14], [76, 13], [77, 5], [78, 89], [80, 81], [81, 61], [82, 73], [84, 55], [85, 33], [87, 20], [88, 68], [90, 91], [91, 67], [91, 119], [92, 53], [94, 102], [95, 71], [95, 101], [96, 103], [97, 60], [100, 82], [101, 108], [102, 117], [103, 28], [105, 80], [106, 64], [107, 95], [108, 51], [109, 58], [112, 47], [113, 92], [114, 115], [115, 116], [116, 90]], "features": {"1": "1", "2": "2", "3": "2", "4": "3", "12": "2", "8": "2", "5": "2", "15": "1", "6": "2", "11": "3", "38": "2", "9": "2", "39": "2", "18": "2", "23": "2", "75": "2", "13": "2", "77": "2", "14": "3", "29": "3", "32": "2", "17": "3", "76": "2", "70": "2", "85": "2", "19": "2", "88": "2", "22": "2", "45": "1", "72": "2", "24": "2", "25": "3", "42": "2", "37": "2", "26": "3", "50": "2", "46": "2", "28": "2", "36": "2", "52": "2", "56": "2", "30": "2", "31": "2", "100": "2", "57": "2", "33": "2", "40": "2", "35": "3", "66": "2", "106": "2", "78": "2", "41": "2", "43": "2", "114": "2", "113": "2", "47": "2", "48": "2", "49": "2", "111": "1", "107": "2", "51": "2", "105": "2", "84": "2", "53": "3", "94": "2", "60": "2", "98": "1", "62": "2", "109": "2", "63": "2", "87": "2", "67": "2", "96": "2", "71": "2", "97": "2", "73": "3", "112": "2", "89": "1", "80": "2", "81": "2", "61": "1", "82": "2", "55": "1", "20": "1", "68": "1", "90": "2", "91": "3", "119": "1", "92": "2", "102": "2", "95": "3", "101": "2", "103": "2", "108": "2", "117": "1", "64": "1", "58": "1", "115": "2", "116": "2"}}