{"edges": [[1, 2], [2, 3], [3, 4], [4, 5], [4, 6], [5, 16], [5, 17], [6, 18], [6, 19], [7, 20], [7, 26], [8, 31], [8, 21], [9, 32], [9, 27], [10, 22], [10, 33], [11, 28], [11, 23], [12, 34], [12, 29], [13, 24], [13, 35], [14, 30], [14, 25], [16, 7], [16, 8], [16, 9], [17, 10], [17, 11], [18, 12], [18, 13], [19, 14], [20, 36], [20, 47], [21, 56], [21, 38], [22, 58], [22, 50], [23, 60], [23, 42], [24, 53], [24, 44], [25, 54], [25, 64], [26, 55], [26, 37], [27, 49], [27, 39], [28, 51], [28, 41], [29, 43], [29, 62], [30, 63], [30, 46], [31, 22], [31, 48], [32, 57], [32, 65], [33, 40], [33, 59], [34, 52], [34, 61], [35, 45], [35, 11], [36, 66], [36, 86], [37, 108], [37, 68], [38, 69], [38, 111], [39, 92], [39, 72], [40, 94], [40, 115], [41, 75], [41, 116], [42, 98], [42, 117], [43, 100], [43, 79], [44, 81], [44, 121], [45, 102], [45, 82], [46, 83], [46, 123], [47, 106], [47, 67], [48, 88], [48, 109], [49, 91], [49, 113], [50, 114], [50, 73], [51, 96], [52, 77], [52, 99], [53, 120], [53, 101], [54, 104], [54, 84], [55, 107], [55, 87], [56, 89], [56, 110], [57, 90], [57, 70], [58, 111], [58, 93], [59, 74], [59, 95], [60, 97], [60, 76], [61, 118], [61, 78], [62, 119], [62, 80], [63, 122], [63, 103], [64, 105], [64, 85], [65, 112], [65, 71], [66, 22], [80, 40], [82, 126], [82, 15], [83, 123], [84, 67], [88, 26], [89, 109], [92, 83], [93, 71], [99, 125], [99, 129], [105, 115], [111, 123], [113, 64], [114, 13], [116, 124], [116, 128], [118, 106], [119, 34], [123, 127], [129, 25]], "features": {"1": "1", "2": "2", "3": "2", "4": "3", "5": "3", "6": "3", "16": "4", "17": "3", "18": "3", "19": "2", "7": "3", "20": "3", "26": "4", "8": "3", "31": "3", "21": "3", "9": "3", "32": "3", "27": "3", "10": "3", "22": "5", "33": "3", "11": "4", "28": "3", "23": "3", "12": "3", "34": "4", "29": "3", "13": "4", "24": "3", "35": "3", "14": "3", "30": "3", "25": "4", "36": "3", "47": "3", "56": "3", "38": "3", "58": "3", "50": "3", "60": "3", "42": "3", "53": "3", "44": "3", "54": "3", "64": "4", "55": "3", "37": "3", "49": "3", "39": "3", "51": "2", "41": "3", "43": "3", "62": "3", "63": "3", "46": "3", "48": "3", "57": "3", "65": "3", "40": "4", "59": "3", "52": "3", "61": "3", "45": "3", "66": "2", "86": "1", "108": "1", "68": "1", "69": "1", "111": "3", "92": "2", "72": "1", "94": "1", "115": "2", "75": "1", "116": "3", "98": "1", "117": "1", "100": "1", "79": "1", "81": "1", "121": "1", "102": "1", "82": "3", "83": "3", "123": "4", "106": "2", "67": "2", "88": "2", "109": "2", "91": "1", "113": "2", "114": "2", "73": "1", "96": "1", "77": "1", "99": "3", "120": "1", "101": "1", "104": "1", "84": "2", "107": "1", "87": "1", "89": "2", "110": "1", "90": "1", "70": "1", "93": "2", "74": "1", "95": "1", "97": "1", "76": "1", "118": "2", "78": "1", "119": "2", "80": "2", "122": "1", "103": "1", "105": "2", "85": "1", "112": "1", "71": "2", "126": "1", "15": "1", "125": "1", "129": "2", "124": "1", "128": "1", "127": "1"}}