{"edges": [[1, 2], [2, 3], [3, 49], [3, 44], [4, 63], [4, 93], [6, 48], [6, 111], [8, 56], [8, 82], [10, 96], [10, 51], [11, 63], [13, 75], [13, 55], [14, 65], [14, 87], [15, 115], [16, 99], [16, 72], [17, 29], [17, 104], [18, 110], [18, 95], [19, 83], [20, 41], [22, 47], [22, 85], [24, 68], [25, 70], [26, 115], [27, 61], [27, 39], [28, 34], [28, 87], [29, 24], [29, 90], [30, 45], [30, 107], [31, 28], [31, 89], [32, 23], [32, 7], [33, 13], [36, 17], [39, 6], [40, 115], [41, 115], [42, 43], [44, 53], [44, 16], [44, 105], [47, 62], [47, 114], [48, 115], [49, 31], [49, 88], [51, 26], [51, 38], [52, 115], [53, 22], [54, 112], [57, 23], [57, 103], [58, 5], [58, 71], [59, 115], [60, 115], [61, 6], [61, 20], [62, 4], [62, 11], [64, 46], [64, 86], [65, 58], [67, 81], [68, 74], [68, 42], [69, 40], [70, 12], [70, 68], [72, 73], [73, 36], [73, 101], [74, 78], [75, 60], [75, 109], [76, 30], [76, 69], [77, 78], [78, 115], [79, 115], [80, 115], [81, 115], [82, 115], [83, 115], [84, 115], [85, 54], [85, 10], [86, 115], [87, 33], [87, 102], [88, 25], [88, 76], [89, 77], [89, 37], [90, 8], [90, 57], [91, 115], [92, 91], [93, 115], [95, 115], [96, 97], [97, 59], [98, 115], [99, 14], [100, 84], [100, 64], [101, 106], [102, 79], [103, 115], [104, 108], [104, 100], [105, 27], [107, 115], [108, 32], [108, 19], [109, 115], [110, 52], [110, 15], [112, 98], [112, 80], [114, 18], [114, 92]], "features": {"1": "1", "2": "2", "3": "3", "49": "3", "44": "4", "4": "3", "63": "2", "93": "2", "6": "4", "48": "2", "111": "1", "8": "3", "56": "1", "82": "2", "10": "3", "96": "2", "51": "3", "11": "2", "13": "3", "75": "3", "55": "1", "14": "3", "65": "2", "87": "4", "15": "2", "115": "23", "16": "3", "99": "2", "72": "2", "17": "3", "29": "3", "104": "3", "18": "3", "110": "3", "95": "2", "19": "2", "83": "2", "20": "2", "41": "2", "22": "3", "47": "3", "85": "3", "24": "2", "68": "4", "25": "2", "70": "3", "26": "2", "27": "3", "61": "3", "39": "2", "28": "3", "34": "1", "90": "3", "30": "3", "45": "1", "107": "2", "31": "3", "89": "3", "32": "3", "23": "2", "7": "1", "33": "2", "36": "2", "40": "2", "42": "2", "43": "1", "53": "2", "105": "2", "62": "3", "114": "3", "88": "3", "38": "1", "52": "2", "54": "2", "112": "3", "57": "3", "103": "2", "58": "3", "5": "1", "71": "1", "59": "2", "60": "2", "64": "3", "46": "1", "86": "2", "67": "1", "81": "2", "74": "2", "69": "2", "12": "1", "73": "3", "101": "2", "78": "3", "109": "2", "76": "3", "77": "2", "79": "2", "80": "2", "84": "2", "102": "2", "37": "1", "91": "2", "92": "2", "97": "2", "98": "2", "100": "3", "106": "1", "108": "3"}}