{"edges": [[1, 2], [2, 6], [3, 18], [3, 80], [4, 5], [6, 7], [7, 8], [8, 20], [10, 15], [12, 22], [12, 41], [13, 14], [14, 27], [14, 61], [17, 89], [18, 21], [19, 93], [20, 104], [22, 79], [24, 53], [24, 46], [25, 28], [26, 98], [27, 29], [28, 65], [28, 54], [29, 102], [31, 99], [32, 33], [33, 84], [34, 36], [35, 67], [36, 25], [36, 74], [37, 19], [38, 39], [39, 13], [40, 43], [41, 117], [44, 47], [48, 49], [49, 51], [50, 113], [51, 82], [52, 116], [56, 88], [60, 12], [60, 66], [61, 64], [62, 63], [63, 34], [65, 110], [66, 94], [67, 68], [68, 69], [69, 72], [70, 73], [72, 10], [72, 11], [73, 91], [74, 78], [75, 76], [76, 107], [79, 3], [80, 31], [80, 56], [81, 60], [82, 37], [85, 86], [86, 101], [88, 85], [89, 92], [91, 62], [92, 26], [92, 57], [93, 96], [94, 24], [95, 97], [97, 50], [97, 4], [98, 114], [99, 112], [101, 106], [102, 103], [103, 70], [103, 40], [104, 17], [104, 42], [107, 109], [109, 95], [110, 111], [111, 59], [111, 75], [113, 44], [113, 52], [114, 115], [115, 81], [115, 38], [116, 9], [116, 32], [117, 48], [117, 35]], "features": {"1": "1", "2": "2", "6": "2", "3": "3", "18": "2", "80": "3", "4": "2", "5": "1", "7": "2", "8": "2", "20": "2", "10": "2", "15": "1", "12": "3", "22": "2", "41": "2", "13": "2", "14": "3", "27": "2", "61": "2", "17": "2", "89": "2", "21": "1", "19": "2", "93": "2", "104": "3", "79": "2", "24": "3", "53": "1", "46": "1", "25": "2", "28": "3", "26": "2", "98": "2", "29": "2", "65": "2", "54": "1", "102": "2", "31": "2", "99": "2", "32": "2", "33": "2", "84": "1", "34": "2", "36": "3", "35": "2", "67": "2", "74": "2", "37": "2", "38": "2", "39": "2", "40": "2", "43": "1", "117": "3", "44": "2", "47": "1", "48": "2", "49": "2", "51": "2", "50": "2", "113": "3", "82": "2", "52": "2", "116": "3", "56": "2", "88": "2", "60": "3", "66": "2", "64": "1", "62": "2", "63": "2", "110": "2", "94": "2", "68": "2", "69": "2", "72": "3", "70": "2", "73": "2", "11": "1", "91": "2", "78": "1", "75": "2", "76": "2", "107": "2", "81": "2", "85": "2", "86": "2", "101": "2", "92": "3", "57": "1", "96": "1", "95": "2", "97": "3", "114": "2", "112": "1", "106": "1", "103": "3", "42": "1", "109": "2", "111": "3", "59": "1", "115": "3", "9": "1"}}