{"edges": [[1, 2], [2, 10], [4, 25], [7, 11], [7, 29], [8, 31], [10, 35], [10, 15], [11, 32], [13, 52], [15, 7], [16, 43], [19, 34], [20, 49], [23, 46], [24, 38], [24, 41], [25, 26], [26, 51], [29, 8], [32, 13], [32, 24], [35, 36], [36, 42], [42, 16], [42, 20], [43, 44], [44, 19], [46, 50], [49, 4], [49, 23]], "features": {"1": "1", "2": "2", "10": "3", "4": "2", "25": "2", "7": "3", "11": "2", "29": "2", "8": "2", "31": "1", "35": "2", "15": "2", "32": "3", "13": "2", "52": "1", "16": "2", "43": "2", "19": "2", "34": "1", "20": "2", "49": "3", "23": "2", "46": "2", "24": "3", "38": "1", "41": "1", "26": "2", "51": "1", "36": "2", "42": "3", "44": "2", "50": "1"}}