{"edges": [[1, 2], [2, 3], [2, 4], [3, 6], [3, 7], [4, 5], [5, 8], [5, 10], [6, 14], [6, 15], [7, 12], [7, 13], [8, 9], [9, 18], [9, 19], [9, 21], [10, 11], [11, 16], [11, 17], [12, 24], [12, 25], [13, 23], [14, 26], [14, 27], [15, 47], [16, 34], [17, 35], [17, 36], [18, 28], [18, 30], [19, 20], [20, 31], [21, 22], [22, 32], [22, 33], [23, 38], [23, 40], [24, 43], [24, 44], [25, 41], [25, 42], [26, 46], [27, 45], [28, 29], [29, 48], [29, 49], [30, 67], [31, 50], [32, 66], [33, 51], [33, 52], [34, 53], [34, 54], [35, 73], [36, 37], [37, 75], [38, 39], [40, 56], [41, 59], [42, 59], [43, 57], [44, 57], [45, 62], [46, 63], [47, 60], [48, 64], [49, 65], [50, 66], [50, 67], [51, 68], [51, 69], [52, 70], [53, 71], [54, 55], [55, 72], [57, 58], [58, 77], [59, 76], [60, 61], [62, 78], [63, 80], [63, 82], [66, 83], [67, 107], [68, 99], [69, 66], [70, 85], [71, 116], [72, 86], [73, 74], [74, 87], [75, 89], [75, 90], [78, 79], [80, 81], [81, 91], [82, 92], [83, 84], [84, 107], [85, 106], [87, 88], [88, 100], [88, 101], [89, 102], [89, 103], [90, 104], [92, 93], [93, 94], [95, 120], [96, 124], [97, 98], [98, 122], [99, 105], [100, 107], [100, 108], [101, 118], [102, 111], [103, 109], [103, 110], [104, 112], [107, 114], [107, 115], [108, 115], [109, 95], [110, 96], [111, 97], [112, 113], [114, 125], [115, 126], [116, 117], [118, 119], [120, 121], [122, 123]], "features": {"1": "1", "2": "3", "3": "3", "4": "2", "6": "3", "7": "3", "5": "3", "8": "2", "10": "2", "14": "3", "15": "2", "12": "3", "13": "2", "9": "4", "18": "3", "19": "2", "21": "2", "11": "3", "16": "2", "17": "3", "24": "3", "25": "3", "23": "3", "26": "2", "27": "2", "47": "2", "34": "3", "35": "2", "36": "2", "28": "2", "30": "2", "20": "2", "31": "2", "22": "3", "32": "2", "33": "3", "38": "2", "40": "2", "43": "2", "44": "2", "41": "2", "42": "2", "46": "2", "45": "2", "29": "3", "48": "2", "49": "2", "67": "3", "50": "3", "66": "4", "51": "3", "52": "2", "53": "2", "54": "2", "73": "2", "37": "2", "75": "3", "39": "1", "56": "1", "59": "3", "57": "3", "62": "2", "63": "3", "60": "2", "64": "1", "65": "1", "68": "2", "69": "2", "70": "2", "71": "2", "55": "2", "72": "2", "58": "2", "77": "1", "76": "1", "61": "1", "78": "2", "80": "2", "82": "2", "83": "2", "107": "5", "99": "2", "85": "2", "116": "2", "86": "1", "74": "2", "87": "2", "89": "3", "90": "2", "79": "1", "81": "2", "91": "1", "92": "2", "84": "2", "106": "1", "88": "3", "100": "3", "101": "2", "102": "2", "103": "3", "104": "2", "93": "2", "94": "1", "95": "2", "120": "2", "96": "2", "124": "1", "97": "2", "98": "2", "122": "2", "105": "1", "108": "2", "118": "2", "111": "2", "109": "2", "110": "2", "112": "2", "114": "2", "115": "3", "113": "1", "125": "1", "126": "1", "117": "1", "119": "1", "121": "1", "123": "1"}}