{"edges": [[1, 48], [1, 4], [2, 15], [4, 8], [4, 116], [5, 20], [6, 19], [7, 22], [7, 64], [8, 5], [8, 105], [11, 26], [11, 84], [13, 35], [13, 86], [14, 25], [18, 31], [18, 58], [19, 34], [19, 47], [20, 39], [21, 52], [21, 71], [22, 30], [26, 38], [26, 49], [28, 65], [30, 62], [30, 41], [31, 85], [32, 53], [33, 42], [35, 50], [36, 83], [36, 99], [39, 44], [39, 54], [40, 55], [40, 66], [42, 60], [42, 72], [46, 59], [47, 28], [47, 78], [48, 92], [48, 61], [49, 73], [49, 68], [52, 79], [52, 18], [53, 27], [53, 104], [54, 74], [54, 67], [59, 70], [59, 93], [61, 77], [61, 110], [64, 98], [64, 10], [66, 36], [66, 82], [67, 76], [71, 90], [72, 88], [74, 96], [74, 70], [76, 108], [76, 89], [77, 91], [77, 33], [79, 111], [84, 97], [86, 14], [86, 46], [88, 65], [88, 56], [90, 80], [90, 94], [91, 24], [91, 102], [92, 106], [92, 103], [93, 107], [93, 100], [99, 113], [99, 16], [102, 43], [102, 2], [103, 7], [103, 21], [104, 12], [105, 40], [105, 112], [106, 11], [110, 6], [111, 114], [111, 80], [112, 32], [116, 13]], "features": {"1": "2", "48": "3", "4": "3", "2": "2", "15": "1", "8": "3", "116": "2", "5": "2", "20": "2", "6": "2", "19": "3", "7": "3", "22": "2", "64": "3", "105": "3", "11": "3", "26": "3", "84": "2", "13": "3", "35": "2", "86": "3", "14": "2", "25": "1", "18": "3", "31": "2", "58": "1", "34": "1", "47": "3", "39": "3", "21": "3", "52": "3", "71": "2", "30": "3", "38": "1", "49": "3", "28": "2", "65": "2", "62": "1", "41": "1", "85": "1", "32": "2", "53": "3", "33": "2", "42": "3", "50": "1", "36": "3", "83": "1", "99": "3", "44": "1", "54": "3", "40": "3", "55": "1", "66": "3", "60": "1", "72": "2", "46": "2", "59": "3", "78": "1", "92": "3", "61": "3", "73": "1", "68": "1", "79": "2", "27": "1", "104": "2", "74": "3", "67": "2", "70": "2", "93": "3", "77": "3", "110": "2", "98": "1", "10": "1", "82": "1", "76": "3", "90": "3", "88": "3", "96": "1", "108": "1", "89": "1", "91": "3", "111": "3", "97": "1", "56": "1", "80": "2", "94": "1", "24": "1", "102": "3", "106": "2", "103": "3", "107": "1", "100": "1", "113": "1", "16": "1", "43": "1", "12": "1", "112": "2", "114": "1"}}