{"edges": [[1, 2], [2, 3], [3, 4], [4, 5], [5, 18], [5, 6], [6, 7], [7, 8], [8, 9], [9, 35], [9, 10], [10, 11], [11, 12], [12, 13], [13, 97], [13, 38], [14, 16], [16, 17], [17, 116], [17, 24], [17, 40], [18, 19], [20, 21], [21, 79], [21, 80], [22, 23], [24, 25], [25, 26], [28, 30], [30, 31], [32, 34], [34, 46], [34, 50], [35, 61], [35, 70], [36, 37], [37, 27], [37, 52], [38, 39], [40, 41], [41, 42], [42, 44], [42, 55], [44, 45], [45, 115], [45, 65], [46, 48], [48, 49], [50, 51], [51, 60], [51, 22], [52, 53], [53, 54], [56, 57], [57, 58], [58, 59], [59, 69], [59, 66], [61, 62], [62, 63], [63, 64], [64, 20], [64, 76], [66, 67], [71, 72], [72, 73], [73, 74], [74, 75], [75, 36], [75, 32], [76, 77], [77, 78], [78, 87], [78, 83], [80, 81], [81, 82], [82, 102], [82, 88], [83, 84], [84, 85], [85, 86], [86, 108], [86, 104], [88, 89], [89, 90], [89, 94], [90, 91], [91, 92], [92, 93], [93, 100], [93, 110], [94, 95], [95, 96], [97, 98], [98, 14], [98, 71], [100, 101], [102, 103], [104, 105], [105, 106], [108, 109], [109, 112], [109, 99], [110, 111], [112, 113], [113, 114], [114, 68], [114, 28], [116, 118], [118, 56], [118, 43]], "features": {"1": "1", "2": "2", "3": "2", "4": "2", "5": "3", "18": "2", "6": "2", "7": "2", "8": "2", "9": "3", "35": "3", "10": "2", "11": "2", "12": "2", "13": "3", "97": "2", "38": "2", "14": "2", "16": "2", "17": "4", "116": "2", "24": "2", "40": "2", "19": "1", "20": "2", "21": "3", "79": "1", "80": "2", "22": "2", "23": "1", "25": "2", "26": "1", "28": "2", "30": "2", "31": "1", "32": "2", "34": "3", "46": "2", "50": "2", "61": "2", "70": "1", "36": "2", "37": "3", "27": "1", "52": "2", "39": "1", "41": "2", "42": "3", "44": "2", "55": "1", "45": "3", "115": "1", "65": "1", "48": "2", "49": "1", "51": "3", "60": "1", "53": "2", "54": "1", "56": "2", "57": "2", "58": "2", "59": "3", "69": "1", "66": "2", "62": "2", "63": "2", "64": "3", "76": "2", "67": "1", "71": "2", "72": "2", "73": "2", "74": "2", "75": "3", "77": "2", "78": "3", "87": "1", "83": "2", "81": "2", "82": "3", "102": "2", "88": "2", "84": "2", "85": "2", "86": "3", "108": "2", "104": "2", "89": "3", "90": "2", "94": "2", "91": "2", "92": "2", "93": "3", "100": "2", "110": "2", "95": "2", "96": "1", "98": "3", "101": "1", "103": "1", "105": "2", "106": "1", "109": "3", "112": "2", "99": "1", "111": "1", "113": "2", "114": "3", "68": "1", "118": "3", "43": "1"}}