{"edges": [[1, 2], [2, 3], [3, 4], [4, 5], [5, 11], [6, 7], [7, 15], [10, 64], [10, 93], [11, 6], [12, 85], [13, 30], [15, 10], [16, 17], [17, 42], [17, 78], [18, 76], [20, 102], [21, 54], [22, 23], [23, 71], [26, 49], [27, 77], [30, 22], [30, 89], [36, 37], [37, 106], [40, 46], [40, 72], [42, 18], [43, 13], [44, 58], [44, 108], [47, 29], [49, 16], [50, 117], [54, 33], [56, 57], [57, 97], [59, 70], [62, 79], [62, 73], [64, 82], [66, 67], [67, 43], [70, 40], [71, 39], [72, 8], [73, 26], [74, 83], [76, 69], [76, 34], [77, 41], [78, 59], [78, 27], [79, 112], [82, 101], [83, 66], [85, 32], [85, 92], [86, 118], [87, 96], [88, 24], [89, 90], [90, 91], [91, 31], [92, 110], [92, 81], [93, 115], [95, 116], [95, 100], [96, 95], [97, 52], [97, 88], [98, 104], [100, 36], [101, 60], [101, 113], [102, 47], [102, 53], [104, 21], [105, 63], [106, 12], [108, 109], [109, 62], [112, 56], [112, 20], [113, 44], [115, 74], [115, 105], [115, 87], [116, 50], [117, 86], [117, 98]], "features": {"1": "1", "2": "2", "3": "2", "4": "2", "5": "2", "11": "2", "6": "2", "7": "2", "15": "2", "10": "3", "64": "2", "93": "2", "12": "2", "85": "3", "13": "2", "30": "3", "16": "2", "17": "3", "42": "2", "78": "3", "18": "2", "76": "3", "20": "2", "102": "3", "21": "2", "54": "2", "22": "2", "23": "2", "71": "2", "26": "2", "49": "2", "27": "2", "77": "2", "89": "2", "36": "2", "37": "2", "106": "2", "40": "3", "46": "1", "72": "2", "43": "2", "44": "3", "58": "1", "108": "2", "47": "2", "29": "1", "50": "2", "117": "3", "33": "1", "56": "2", "57": "2", "97": "3", "59": "2", "70": "2", "62": "3", "79": "2", "73": "2", "82": "2", "66": "2", "67": "2", "39": "1", "8": "1", "74": "2", "83": "2", "69": "1", "34": "1", "41": "1", "112": "3", "101": "3", "32": "1", "92": "3", "86": "2", "118": "1", "87": "2", "96": "2", "88": "2", "24": "1", "90": "2", "91": "2", "31": "1", "110": "1", "81": "1", "115": "4", "95": "3", "116": "2", "100": "2", "52": "1", "98": "2", "104": "2", "60": "1", "113": "2", "53": "1", "105": "2", "63": "1", "109": "2"}}