{"edges": [[1, 2], [2, 3], [3, 4], [4, 7], [7, 8], [8, 9], [9, 10], [10, 11], [11, 13], [13, 14], [13, 30], [14, 15], [14, 16], [16, 17], [17, 19], [19, 20], [20, 21], [20, 40], [21, 22], [22, 23], [23, 25], [25, 26], [26, 55], [26, 64], [27, 29], [30, 32], [32, 33], [33, 34], [34, 35], [35, 36], [36, 37], [37, 38], [38, 50], [38, 62], [40, 41], [41, 42], [42, 44], [44, 46], [46, 47], [47, 48], [48, 57], [48, 73], [49, 61], [50, 53], [53, 120], [55, 99], [57, 58], [58, 59], [59, 60], [60, 85], [60, 49], [62, 63], [63, 69], [64, 66], [66, 67], [67, 80], [67, 104], [69, 70], [70, 72], [72, 77], [72, 81], [73, 74], [74, 75], [75, 76], [76, 27], [76, 127], [77, 78], [78, 91], [78, 111], [80, 84], [81, 83], [83, 88], [85, 86], [86, 87], [88, 90], [90, 94], [90, 122], [91, 92], [92, 93], [93, 98], [94, 95], [95, 97], [97, 119], [97, 121], [99, 100], [100, 102], [102, 103], [102, 39], [103, 123], [104, 106], [106, 107], [107, 108], [107, 68], [108, 109], [109, 110], [111, 112], [112, 113], [113, 114], [114, 115], [115, 116], [122, 124], [127, 128]], "features": {"1": "1", "2": "2", "3": "2", "4": "2", "7": "2", "8": "2", "9": "2", "10": "2", "11": "2", "13": "3", "14": "3", "30": "2", "15": "1", "16": "2", "17": "2", "19": "2", "20": "3", "21": "2", "40": "2", "22": "2", "23": "2", "25": "2", "26": "3", "55": "2", "64": "2", "27": "2", "29": "1", "32": "2", "33": "2", "34": "2", "35": "2", "36": "2", "37": "2", "38": "3", "50": "2", "62": "2", "41": "2", "42": "2", "44": "2", "46": "2", "47": "2", "48": "3", "57": "2", "73": "2", "49": "2", "61": "1", "53": "2", "120": "1", "99": "2", "58": "2", "59": "2", "60": "3", "85": "2", "63": "2", "69": "2", "66": "2", "67": "3", "80": "2", "104": "2", "70": "2", "72": "3", "77": "2", "81": "2", "74": "2", "75": "2", "76": "3", "127": "2", "78": "3", "91": "2", "111": "2", "84": "1", "83": "2", "88": "2", "86": "2", "87": "1", "90": "3", "94": "2", "122": "2", "92": "2", "93": "2", "98": "1", "95": "2", "97": "3", "119": "1", "121": "1", "100": "2", "102": "3", "103": "2", "39": "1", "123": "1", "106": "2", "107": "3", "108": "2", "68": "1", "109": "2", "110": "1", "112": "2", "113": "2", "114": "2", "115": "2", "116": "1", "124": "1", "128": "1"}}