{"edges": [[1, 2], [2, 3], [3, 4], [4, 5], [5, 6], [6, 7], [7, 8], [8, 9], [9, 10], [10, 22], [10, 108], [11, 12], [12, 13], [13, 23], [14, 15], [15, 16], [16, 17], [17, 18], [18, 19], [19, 20], [20, 11], [20, 101], [22, 14], [23, 113], [23, 26], [26, 27], [27, 28], [28, 29], [29, 30], [30, 31], [31, 32], [32, 33], [33, 34], [34, 35], [35, 37], [37, 47], [37, 25], [39, 40], [40, 48], [41, 42], [42, 43], [43, 44], [44, 45], [45, 46], [46, 39], [46, 96], [47, 41], [48, 49], [49, 50], [50, 51], [51, 71], [51, 56], [52, 53], [53, 73], [56, 57], [57, 58], [58, 59], [59, 60], [60, 61], [61, 62], [62, 63], [63, 64], [64, 65], [65, 66], [66, 67], [67, 68], [68, 69], [69, 70], [70, 52], [70, 79], [71, 72], [72, 55], [73, 74], [74, 75], [75, 76], [76, 77], [79, 80], [80, 81], [81, 82], [82, 83], [83, 84], [84, 85], [85, 87], [87, 88], [88, 89], [89, 90], [90, 91], [91, 92], [92, 93], [93, 94], [94, 95], [95, 115], [96, 97], [97, 98], [98, 99], [99, 100], [100, 59], [101, 103], [103, 104], [104, 105], [105, 106], [106, 107], [107, 29], [108, 109], [109, 110], [110, 111], [111, 112], [112, 31], [113, 114], [115, 116]], "features": {"1": "1", "2": "2", "3": "2", "4": "2", "5": "2", "6": "2", "7": "2", "8": "2", "9": "2", "10": "3", "22": "2", "108": "2", "11": "2", "12": "2", "13": "2", "23": "3", "14": "2", "15": "2", "16": "2", "17": "2", "18": "2", "19": "2", "20": "3", "101": "2", "113": "2", "26": "2", "27": "2", "28": "2", "29": "3", "30": "2", "31": "3", "32": "2", "33": "2", "34": "2", "35": "2", "37": "3", "47": "2", "25": "1", "39": "2", "40": "2", "48": "2", "41": "2", "42": "2", "43": "2", "44": "2", "45": "2", "46": "3", "96": "2", "49": "2", "50": "2", "51": "3", "71": "2", "56": "2", "52": "2", "53": "2", "73": "2", "57": "2", "58": "2", "59": "3", "60": "2", "61": "2", "62": "2", "63": "2", "64": "2", "65": "2", "66": "2", "67": "2", "68": "2", "69": "2", "70": "3", "79": "2", "72": "2", "55": "1", "74": "2", "75": "2", "76": "2", "77": "1", "80": "2", "81": "2", "82": "2", "83": "2", "84": "2", "85": "2", "87": "2", "88": "2", "89": "2", "90": "2", "91": "2", "92": "2", "93": "2", "94": "2", "95": "2", "115": "2", "97": "2", "98": "2", "99": "2", "100": "2", "103": "2", "104": "2", "105": "2", "106": "2", "107": "2", "109": "2", "110": "2", "111": "2", "112": "2", "114": "1", "116": "1"}}