{"edges": [[1, 2], [2, 8], [3, 12], [5, 44], [6, 10], [7, 24], [8, 21], [8, 3], [10, 5], [10, 18], [12, 25], [12, 14], [14, 34], [17, 22], [17, 47], [21, 27], [22, 11], [24, 51], [24, 43], [24, 29], [25, 7], [27, 17], [27, 6], [29, 41], [30, 13], [33, 26], [34, 30], [34, 49], [39, 32], [43, 39], [47, 33], [49, 37], [51, 38]], "features": {"1": "1", "2": "2", "8": "3", "3": "2", "12": "3", "5": "2", "44": "1", "6": "2", "10": "3", "7": "2", "24": "4", "21": "2", "18": "1", "25": "2", "14": "2", "34": "3", "17": "3", "22": "2", "47": "2", "27": "3", "11": "1", "51": "2", "43": "2", "29": "2", "41": "1", "30": "2", "13": "1", "33": "2", "26": "1", "49": "2", "39": "2", "32": "1", "37": "1", "38": "1"}}