{"edges": [[1, 3], [3, 4], [4, 69], [5, 86], [6, 72], [8, 9], [9, 88], [9, 28], [9, 16], [11, 76], [12, 90], [13, 91], [14, 21], [16, 88], [16, 28], [18, 30], [20, 95], [21, 26], [21, 31], [23, 34], [24, 96], [25, 13], [25, 107], [26, 100], [26, 40], [27, 73], [28, 94], [31, 83], [34, 103], [36, 46], [36, 62], [38, 66], [40, 109], [41, 71], [45, 35], [46, 68], [48, 49], [49, 102], [50, 6], [50, 84], [53, 61], [54, 63], [54, 67], [55, 60], [56, 110], [58, 80], [59, 106], [61, 85], [61, 92], [62, 56], [63, 41], [64, 44], [66, 58], [66, 78], [67, 50], [68, 53], [69, 11], [70, 71], [71, 72], [72, 17], [72, 73], [73, 87], [74, 97], [74, 5], [76, 77], [77, 8], [78, 101], [80, 43], [81, 55], [81, 38], [83, 48], [84, 111], [85, 12], [87, 99], [88, 14], [90, 18], [97, 74], [92, 20], [94, 24], [94, 59], [95, 25], [96, 64], [97, 27], [100, 23], [101, 32], [102, 54], [103, 81], [104, 45], [106, 112], [107, 37], [109, 36], [111, 104]], "features": {"1": "1", "3": "2", "4": "2", "69": "2", "5": "2", "86": "1", "6": "2", "72": "4", "8": "2", "9": "4", "88": "3", "28": "3", "16": "3", "11": "2", "76": "2", "12": "2", "90": "2", "13": "2", "91": "1", "14": "2", "21": "3", "18": "2", "30": "1", "20": "2", "95": "2", "26": "3", "31": "2", "23": "2", "34": "2", "24": "2", "96": "2", "25": "3", "107": "2", "100": "2", "40": "2", "27": "2", "73": "3", "94": "3", "83": "2", "103": "2", "36": "3", "46": "2", "62": "2", "38": "2", "66": "3", "109": "2", "41": "2", "71": "3", "45": "2", "35": "1", "68": "2", "48": "2", "49": "2", "102": "2", "50": "3", "84": "2", "53": "2", "61": "3", "54": "3", "63": "2", "67": "2", "55": "2", "60": "1", "56": "2", "110": "1", "58": "2", "80": "2", "59": "2", "106": "2", "85": "2", "92": "2", "64": "2", "44": "1", "78": "2", "70": "1", "17": "1", "87": "2", "74": "3", "97": "3", "77": "2", "101": "2", "43": "1", "81": "3", "111": "2", "99": "1", "32": "1", "104": "2", "112": "1", "37": "1"}}