{"edges": [[1, 6], [3, 12], [3, 19], [6, 3], [6, 13], [10, 16], [12, 19], [13, 3], [16, 22], [16, 29], [19, 10], [19, 16], [22, 28], [22, 26], [26, 33], [28, 41], [29, 35], [29, 39], [33, 40], [33, 36], [35, 41], [36, 41], [39, 33], [40, 36], [41, 46], [41, 49], [45, 58], [46, 52], [46, 55], [49, 61], [49, 46], [52, 55], [55, 59], [55, 45], [58, 55], [59, 52], [59, 62], [61, 46], [62, 66], [62, 73], [66, 73], [68, 77], [73, 68], [77, 80]], "features": {"1": "1", "6": "3", "3": "4", "12": "2", "19": "4", "13": "2", "10": "2", "16": "4", "22": "3", "29": "3", "28": "2", "26": "2", "33": "4", "41": "5", "35": "2", "39": "2", "40": "2", "36": "3", "46": "5", "49": "3", "45": "2", "58": "2", "52": "3", "55": "5", "61": "2", "59": "3", "62": "3", "66": "2", "73": "3", "68": "2", "77": "2", "80": "1"}}