{"edges": [[1, 3], [1, 5], [3, 6], [3, 7], [5, 10], [5, 11], [6, 12], [7, 9], [9, 13], [10, 15], [11, 16], [11, 17], [12, 18], [12, 19], [13, 21], [13, 22], [15, 23], [15, 24], [16, 25], [17, 26], [17, 27], [18, 19], [18, 28], [19, 29], [19, 47], [21, 30], [21, 31], [22, 32], [22, 33], [23, 35], [23, 36], [24, 37], [24, 17], [25, 38], [25, 40], [26, 41], [27, 7], [27, 42], [28, 5], [29, 44], [29, 47], [30, 48], [30, 49], [31, 5], [33, 50], [35, 52], [35, 53], [37, 54], [38, 57], [40, 59], [41, 60], [41, 62], [42, 63], [44, 45], [48, 64], [48, 65], [50, 66], [50, 67], [52, 68], [52, 69], [54, 70], [54, 71], [57, 72], [57, 73], [59, 76], [59, 78], [60, 80], [60, 81], [62, 82], [62, 83], [63, 84], [63, 85], [64, 87], [64, 88], [65, 89], [65, 90], [66, 67], [67, 91], [67, 92], [68, 94], [68, 95], [69, 96], [69, 97], [71, 11], [72, 75], [76, 77], [78, 79], [80, 98], [82, 99], [82, 100], [85, 101], [85, 103], [87, 104], [87, 105], [88, 106], [88, 107], [91, 108], [92, 93], [93, 109], [97, 11], [98, 112], [98, 113], [100, 114], [100, 115], [105, 116], [105, 117], [109, 111], [115, 118], [118, 119], [118, 120]], "features": {"1": "2", "3": "3", "5": "5", "6": "2", "7": "3", "10": "2", "11": "5", "12": "3", "9": "2", "13": "3", "15": "3", "16": "2", "17": "4", "18": "3", "19": "4", "21": "3", "22": "3", "23": "3", "24": "3", "25": "3", "26": "2", "27": "3", "28": "2", "29": "3", "47": "2", "30": "3", "31": "2", "32": "1", "33": "2", "35": "3", "36": "1", "37": "2", "38": "2", "40": "2", "41": "3", "42": "2", "44": "2", "48": "3", "49": "1", "50": "3", "52": "3", "53": "1", "54": "3", "57": "3", "59": "3", "60": "3", "62": "3", "63": "3", "45": "1", "64": "3", "65": "3", "66": "2", "67": "4", "68": "3", "69": "3", "70": "1", "71": "2", "72": "2", "73": "1", "76": "2", "78": "2", "80": "2", "81": "1", "82": "3", "83": "1", "84": "1", "85": "3", "87": "3", "88": "3", "89": "1", "90": "1", "91": "2", "92": "2", "94": "1", "95": "1", "96": "1", "97": "2", "75": "1", "77": "1", "79": "1", "98": "3", "99": "1", "100": "3", "101": "1", "103": "1", "104": "1", "105": "3", "106": "1", "107": "1", "108": "1", "93": "2", "109": "2", "112": "1", "113": "1", "114": "1", "115": "2", "116": "1", "117": "1", "111": "1", "118": "3", "119": "1", "120": "1"}}