{"edges": [[1, 2], [2, 3], [3, 4], [4, 58], [5, 60], [6, 59], [8, 65], [9, 57], [10, 67], [12, 49], [13, 104], [13, 74], [14, 21], [16, 17], [17, 89], [19, 27], [20, 94], [21, 62], [21, 78], [22, 23], [23, 86], [24, 108], [26, 92], [27, 102], [28, 84], [30, 36], [31, 96], [34, 105], [35, 114], [37, 112], [38, 107], [40, 54], [41, 22], [42, 55], [44, 72], [45, 12], [46, 47], [47, 73], [47, 77], [50, 51], [51, 90], [52, 53], [53, 80], [57, 6], [58, 5], [59, 66], [60, 10], [60, 85], [62, 93], [63, 52], [66, 8], [67, 13], [68, 45], [69, 97], [70, 34], [72, 28], [72, 42], [73, 81], [74, 75], [75, 19], [77, 115], [78, 79], [79, 91], [79, 68], [81, 14], [82, 99], [84, 30], [85, 26], [86, 87], [87, 82], [87, 37], [89, 69], [90, 9], [91, 33], [92, 63], [93, 6], [94, 41], [96, 100], [98, 16], [99, 46], [100, 38], [100, 44], [102, 103], [103, 20], [104, 24], [105, 98], [105, 110], [107, 40], [108, 109], [109, 35], [110, 39], [111, 26], [112, 31], [112, 50], [114, 70], [114, 111]], "features": {"1": "1", "2": "2", "3": "2", "4": "2", "58": "2", "5": "2", "60": "3", "6": "3", "59": "2", "8": "2", "65": "1", "9": "2", "57": "2", "10": "2", "67": "2", "12": "2", "49": "1", "13": "3", "104": "2", "74": "2", "14": "2", "21": "3", "16": "2", "17": "2", "89": "2", "19": "2", "27": "2", "20": "2", "94": "2", "62": "2", "78": "2", "22": "2", "23": "2", "86": "2", "24": "2", "108": "2", "26": "3", "92": "2", "102": "2", "28": "2", "84": "2", "30": "2", "36": "1", "31": "2", "96": "2", "34": "2", "105": "3", "35": "2", "114": "3", "37": "2", "112": "3", "38": "2", "107": "2", "40": "2", "54": "1", "41": "2", "42": "2", "55": "1", "44": "2", "72": "3", "45": "2", "46": "2", "47": "3", "73": "2", "77": "2", "50": "2", "51": "2", "90": "2", "52": "2", "53": "2", "80": "1", "66": "2", "85": "2", "93": "2", "63": "2", "68": "2", "69": "2", "97": "1", "70": "2", "81": "2", "75": "2", "115": "1", "79": "3", "91": "2", "82": "2", "99": "2", "87": "3", "33": "1", "100": "3", "98": "2", "103": "2", "110": "2", "109": "2", "39": "1", "111": "2"}}