{"edges": [[1, 2], [2, 4], [4, 5], [5, 7], [5, 8], [7, 9], [7, 13], [8, 10], [9, 20], [9, 15], [10, 16], [10, 19], [13, 14], [14, 23], [14, 22], [15, 32], [16, 24], [16, 27], [19, 28], [19, 29], [20, 31], [21, 46], [21, 47], [22, 34], [23, 33], [23, 38], [24, 26], [26, 40], [26, 116], [27, 39], [27, 42], [31, 43], [31, 45], [34, 21], [38, 50], [38, 48], [39, 52], [39, 54], [40, 51], [40, 63], [43, 58], [43, 62], [45, 57], [45, 55], [46, 59], [46, 64], [48, 49], [49, 68], [50, 67], [50, 65], [51, 70], [51, 72], [52, 24], [55, 76], [57, 75], [58, 77], [58, 80], [62, 82], [62, 81], [65, 86], [65, 87], [67, 85], [67, 83], [68, 69], [69, 88], [69, 89], [70, 90], [70, 92], [75, 73], [76, 78], [77, 91], [77, 95], [78, 100], [78, 102], [81, 110], [82, 98], [82, 96], [83, 99], [86, 37], [86, 114], [90, 92], [91, 101], [92, 97], [95, 106], [97, 112], [98, 109], [100, 104], [101, 103], [106, 111], [109, 60], [110, 82], [112, 113], [113, 107]], "features": {"1": "1", "2": "2", "4": "2", "5": "3", "7": "3", "8": "2", "9": "3", "13": "2", "10": "3", "20": "2", "15": "2", "16": "3", "19": "3", "14": "3", "23": "3", "22": "2", "32": "1", "24": "3", "27": "3", "28": "1", "29": "1", "31": "3", "21": "3", "46": "3", "47": "1", "34": "2", "33": "1", "38": "3", "26": "3", "40": "3", "116": "1", "39": "3", "42": "1", "43": "3", "45": "3", "50": "3", "48": "2", "52": "2", "54": "1", "51": "3", "63": "1", "58": "3", "62": "3", "57": "2", "55": "2", "59": "1", "64": "1", "49": "2", "68": "2", "67": "3", "65": "3", "70": "3", "72": "1", "76": "2", "75": "2", "77": "3", "80": "1", "82": "4", "81": "2", "86": "3", "87": "1", "85": "1", "83": "2", "69": "3", "88": "1", "89": "1", "90": "2", "92": "3", "73": "1", "78": "3", "91": "2", "95": "2", "100": "2", "102": "1", "110": "2", "98": "2", "96": "1", "99": "1", "37": "1", "114": "1", "101": "2", "97": "2", "106": "2", "112": "2", "109": "2", "104": "1", "103": "1", "111": "1", "60": "1", "113": "2", "107": "1"}}