{"edges": [[2, 3], [3, 78], [3, 56], [4, 5], [5, 115], [7, 95], [7, 35], [8, 115], [10, 24], [11, 96], [11, 34], [12, 115], [13, 115], [14, 37], [15, 18], [17, 83], [18, 61], [18, 71], [20, 9], [20, 84], [23, 54], [23, 69], [24, 115], [25, 115], [26, 115], [28, 102], [29, 115], [30, 58], [32, 20], [32, 112], [35, 115], [37, 29], [37, 73], [38, 39], [39, 94], [39, 43], [40, 68], [40, 90], [41, 62], [41, 76], [42, 52], [43, 8], [43, 28], [44, 115], [46, 111], [47, 80], [48, 21], [48, 105], [49, 13], [50, 51], [51, 97], [51, 10], [54, 55], [55, 12], [55, 22], [56, 57], [57, 113], [57, 103], [58, 87], [58, 60], [59, 108], [59, 25], [60, 114], [61, 41], [63, 27], [63, 23], [64, 32], [68, 115], [69, 115], [70, 14], [70, 49], [71, 115], [73, 89], [75, 115], [76, 77], [77, 44], [77, 50], [78, 47], [78, 30], [79, 115], [80, 7], [81, 106], [81, 72], [82, 11], [83, 115], [84, 75], [84, 100], [85, 36], [85, 59], [86, 91], [87, 115], [90, 17], [90, 79], [91, 4], [91, 31], [92, 26], [92, 53], [93, 82], [93, 67], [94, 115], [95, 15], [95, 101], [96, 104], [97, 16], [97, 107], [98, 42], [98, 93], [100, 115], [102, 70], [102, 46], [103, 6], [103, 38], [104, 92], [104, 110], [105, 81], [105, 63], [106, 85], [107, 115], [108, 115], [110, 115], [111, 66], [111, 98], [112, 40], [113, 86], [113, 64], [114, 21], [114, 48]], "features": {"2": "1", "3": "3", "78": "3", "56": "2", "4": "2", "5": "2", "115": "22", "7": "3", "95": "3", "35": "2", "8": "2", "10": "2", "24": "2", "11": "3", "96": "2", "34": "1", "12": "2", "13": "2", "14": "2", "37": "3", "15": "2", "18": "3", "17": "2", "83": "2", "61": "2", "71": "2", "20": "3", "9": "1", "84": "3", "23": "3", "54": "2", "69": "2", "25": "2", "26": "2", "28": "2", "102": "3", "29": "2", "30": "2", "58": "3", "32": "3", "112": "2", "73": "2", "38": "2", "39": "3", "94": "2", "43": "3", "40": "3", "68": "2", "90": "3", "41": "3", "62": "1", "76": "2", "42": "2", "52": "1", "44": "2", "46": "2", "111": "3", "47": "2", "80": "2", "48": "3", "21": "2", "105": "3", "49": "2", "50": "2", "51": "3", "97": "3", "55": "3", "22": "1", "57": "3", "113": "3", "103": "3", "87": "2", "60": "2", "59": "3", "108": "2", "114": "3", "63": "3", "27": "1", "64": "2", "70": "3", "89": "1", "75": "2", "77": "3", "79": "2", "81": "3", "106": "2", "72": "1", "82": "2", "100": "2", "85": "3", "36": "1", "86": "2", "91": "3", "31": "1", "92": "3", "53": "1", "93": "3", "67": "1", "101": "1", "104": "3", "16": "1", "107": "2", "98": "3", "6": "1", "110": "2", "66": "1"}}