{"edges": [[1, 6], [3, 22], [3, 10], [6, 16], [10, 39], [10, 25], [11, 33], [14, 45], [14, 36], [16, 3], [17, 27], [21, 34], [22, 14], [25, 21], [25, 41], [27, 29], [27, 12], [29, 50], [29, 4], [30, 19], [31, 52], [36, 46], [39, 17], [41, 48], [41, 31], [42, 9], [46, 11], [46, 30], [48, 42]], "features": {"1": "1", "6": "2", "3": "3", "22": "2", "10": "3", "16": "2", "39": "2", "25": "3", "11": "2", "33": "1", "14": "3", "45": "1", "36": "2", "17": "2", "27": "3", "21": "2", "34": "1", "41": "3", "29": "3", "12": "1", "50": "1", "4": "1", "30": "2", "19": "1", "31": "2", "52": "1", "46": "3", "48": "2", "42": "2", "9": "1"}}