{"edges": [[1, 2], [2, 3], [3, 4], [4, 5], [5, 27], [5, 25], [6, 70], [7, 55], [8, 103], [9, 76], [10, 43], [11, 34], [11, 59], [12, 22], [13, 77], [14, 53], [16, 120], [17, 81], [19, 80], [20, 21], [20, 33], [20, 24], [22, 100], [23, 123], [24, 129], [25, 57], [27, 16], [28, 96], [29, 125], [30, 32], [32, 82], [33, 92], [34, 86], [36, 41], [36, 51], [37, 67], [39, 14], [39, 124], [40, 52], [41, 71], [42, 28], [43, 72], [43, 131], [45, 102], [46, 29], [47, 91], [48, 75], [49, 121], [50, 106], [51, 41], [53, 8], [54, 15], [55, 114], [55, 107], [56, 58], [57, 93], [57, 19], [59, 49], [61, 56], [61, 109], [62, 94], [63, 68], [65, 95], [66, 10], [67, 23], [68, 84], [68, 42], [70, 112], [71, 79], [71, 118], [72, 78], [72, 6], [73, 45], [73, 12], [74, 108], [75, 127], [76, 110], [77, 119], [78, 54], [79, 117], [80, 37], [80, 113], [81, 61], [82, 20], [83, 11], [84, 18], [85, 60], [86, 105], [87, 17], [90, 97], [91, 104], [91, 65], [94, 47], [96, 83], [96, 30], [97, 101], [98, 13], [99, 35], [99, 85], [100, 7], [102, 38], [102, 115], [103, 73], [106, 36], [107, 31], [108, 126], [108, 87], [110, 111], [110, 128], [110, 50], [112, 89], [112, 90], [113, 74], [114, 62], [114, 66], [115, 133], [116, 132], [118, 122], [119, 64], [119, 116], [120, 39], [121, 99], [123, 134], [123, 98], [124, 26], [126, 48], [127, 44], [127, 130], [127, 69], [129, 46], [130, 88], [132, 63], [133, 9], [134, 40]], "features": {"1": "1", "2": "2", "3": "2", "4": "2", "5": "3", "27": "2", "25": "2", "6": "2", "70": "2", "7": "2", "55": "3", "8": "2", "103": "2", "9": "2", "76": "2", "10": "2", "43": "3", "11": "3", "34": "2", "59": "2", "12": "2", "22": "2", "13": "2", "77": "2", "14": "2", "53": "2", "16": "2", "120": "2", "17": "2", "81": "2", "19": "2", "80": "3", "20": "4", "21": "1", "33": "2", "24": "2", "100": "2", "23": "2", "123": "3", "129": "2", "57": "3", "28": "2", "96": "3", "29": "2", "125": "1", "30": "2", "32": "2", "82": "2", "92": "1", "86": "2", "36": "3", "41": "3", "51": "2", "37": "2", "67": "2", "39": "3", "124": "2", "40": "2", "52": "1", "71": "3", "42": "2", "72": "3", "131": "1", "45": "2", "102": "3", "46": "2", "47": "2", "91": "3", "48": "2", "75": "2", "49": "2", "121": "2", "50": "2", "106": "2", "54": "2", "15": "1", "114": "3", "107": "2", "56": "2", "58": "1", "93": "1", "61": "3", "109": "1", "62": "2", "94": "2", "63": "2", "68": "3", "65": "2", "95": "1", "66": "2", "84": "2", "112": "3", "79": "2", "118": "2", "78": "2", "73": "3", "74": "2", "108": "3", "127": "4", "110": "4", "119": "3", "117": "1", "113": "2", "83": "2", "18": "1", "85": "2", "60": "1", "105": "1", "87": "2", "90": "2", "97": "2", "104": "1", "101": "1", "98": "2", "99": "3", "35": "1", "38": "1", "115": "2", "31": "1", "126": "2", "111": "1", "128": "1", "89": "1", "133": "2", "116": "2", "132": "2", "122": "1", "64": "1", "134": "2", "26": "1", "44": "1", "130": "2", "69": "1", "88": "1"}}