{"edges": [[1, 10], [1, 17], [6, 13], [6, 19], [7, 11], [7, 26], [8, 12], [8, 21], [10, 15], [12, 30], [12, 39], [13, 25], [13, 29], [14, 22], [15, 7], [15, 24], [16, 8], [16, 6], [17, 14], [17, 16], [19, 31], [19, 36], [21, 35], [21, 46], [22, 53], [22, 64], [24, 20], [24, 28], [25, 50], [25, 57], [26, 34], [26, 40], [28, 44], [28, 48], [29, 43], [29, 52], [30, 22], [32, 54], [32, 59], [34, 47], [34, 51], [35, 6], [35, 32], [36, 37], [37, 14], [39, 42], [39, 58], [40, 56], [40, 62], [41, 75], [43, 61], [44, 41], [44, 63], [48, 49], [49, 113], [51, 66], [53, 68], [53, 73], [54, 114], [62, 65], [62, 70], [63, 72], [63, 75], [64, 69], [64, 74], [65, 77], [65, 88], [66, 81], [66, 89], [68, 64], [69, 74], [70, 79], [70, 103], [73, 76], [73, 86], [74, 80], [74, 83], [75, 84], [75, 98], [76, 16], [80, 91], [80, 101], [82, 93], [82, 106], [86, 87], [89, 100], [89, 105], [91, 104], [91, 109], [94, 95], [95, 82], [95, 110], [101, 85], [101, 108], [103, 94], [104, 96], [106, 90], [106, 102], [110, 78], [110, 92], [110, 99], [110, 112]], "features": {"1": "2", "10": "2", "17": "3", "6": "4", "13": "3", "19": "3", "7": "3", "11": "1", "26": "3", "8": "3", "12": "3", "21": "3", "15": "3", "30": "2", "39": "3", "25": "3", "29": "3", "14": "3", "22": "4", "24": "3", "16": "4", "31": "1", "36": "2", "35": "3", "46": "1", "53": "3", "64": "4", "20": "1", "28": "3", "50": "1", "57": "1", "34": "3", "40": "3", "44": "3", "48": "2", "43": "2", "52": "1", "32": "3", "54": "2", "59": "1", "47": "1", "51": "2", "37": "2", "42": "1", "58": "1", "56": "1", "62": "3", "41": "2", "75": "4", "61": "1", "63": "3", "49": "2", "113": "1", "66": "3", "68": "2", "73": "3", "114": "1", "65": "3", "70": "3", "72": "1", "69": "2", "74": "4", "77": "1", "88": "1", "81": "1", "89": "3", "79": "1", "103": "2", "76": "2", "86": "2", "80": "3", "83": "1", "84": "1", "98": "1", "91": "3", "101": "3", "82": "3", "93": "1", "106": "3", "87": "1", "100": "1", "105": "1", "104": "2", "109": "1", "94": "2", "95": "3", "110": "5", "85": "1", "108": "1", "96": "1", "90": "1", "102": "1", "78": "1", "92": "1", "99": "1", "112": "1"}}