{"edges": [[1, 2], [2, 3], [3, 4], [3, 6], [3, 10], [4, 17], [4, 20], [6, 7], [7, 11], [7, 8], [8, 9], [9, 14], [9, 13], [11, 12], [12, 42], [12, 56], [14, 15], [15, 16], [16, 58], [16, 50], [17, 18], [18, 29], [18, 35], [20, 21], [21, 23], [21, 27], [23, 24], [24, 25], [25, 26], [27, 28], [29, 30], [30, 34], [30, 22], [31, 32], [35, 36], [36, 29], [36, 37], [36, 31], [37, 39], [39, 40], [40, 41], [42, 43], [43, 44], [45, 46], [46, 48], [48, 49], [50, 57], [50, 54], [50, 51], [51, 52], [54, 55], [56, 8], [56, 45], [57, 2]], "features": {"1": "1", "2": "3", "3": "4", "4": "3", "6": "2", "10": "1", "17": "2", "20": "2", "7": "3", "11": "2", "8": "3", "9": "3", "14": "2", "13": "1", "12": "3", "42": "2", "56": "3", "15": "2", "16": "3", "58": "1", "50": "4", "18": "3", "29": "3", "35": "2", "21": "3", "23": "2", "27": "2", "24": "2", "25": "2", "26": "1", "28": "1", "30": "3", "34": "1", "22": "1", "31": "2", "32": "1", "36": "4", "37": "2", "39": "2", "40": "2", "41": "1", "43": "2", "44": "1", "45": "2", "46": "2", "48": "2", "49": "1", "57": "2", "54": "2", "51": "2", "52": "1", "55": "1"}}