{"edges": [[1, 6], [1, 4], [4, 13], [4, 80], [6, 8], [6, 12], [8, 11], [9, 19], [9, 21], [11, 9], [13, 14], [14, 18], [14, 16], [16, 30], [16, 24], [18, 110], [18, 26], [18, 20], [20, 43], [20, 105], [22, 25], [22, 28], [25, 41], [25, 67], [26, 22], [26, 68], [28, 64], [28, 40], [29, 108], [30, 76], [32, 116], [32, 96], [34, 36], [35, 50], [36, 72], [36, 49], [38, 103], [38, 57], [40, 59], [41, 82], [41, 100], [43, 73], [44, 111], [44, 109], [45, 85], [45, 66], [46, 86], [46, 107], [47, 31], [47, 51], [49, 97], [49, 104], [50, 114], [50, 83], [51, 44], [51, 37], [52, 63], [52, 99], [54, 91], [54, 118], [56, 45], [59, 78], [59, 35], [61, 62], [63, 113], [63, 79], [64, 89], [64, 54], [67, 70], [67, 46], [68, 69], [70, 84], [70, 52], [72, 117], [72, 32], [74, 58], [74, 77], [76, 47], [76, 88], [77, 6], [79, 29], [79, 39], [80, 98], [80, 74], [83, 94], [83, 92], [84, 90], [84, 38], [85, 93], [85, 101], [86, 115], [86, 106], [94, 65], [94, 61], [96, 95], [97, 81], [98, 34], [100, 28], [103, 112], [109, 56]], "features": {"1": "2", "6": "4", "4": "3", "13": "2", "80": "3", "8": "2", "12": "1", "11": "2", "9": "3", "19": "1", "21": "1", "14": "3", "18": "4", "16": "3", "30": "2", "24": "1", "110": "1", "26": "3", "20": "3", "43": "2", "105": "1", "22": "3", "25": "3", "28": "4", "41": "3", "67": "3", "68": "2", "64": "3", "40": "2", "29": "2", "108": "1", "76": "3", "32": "3", "116": "1", "96": "2", "34": "2", "36": "3", "35": "2", "50": "3", "72": "3", "49": "3", "38": "3", "103": "2", "57": "1", "59": "3", "82": "1", "100": "2", "73": "1", "44": "3", "111": "1", "109": "2", "45": "3", "85": "3", "66": "1", "46": "3", "86": "3", "107": "1", "47": "3", "31": "1", "51": "3", "97": "2", "104": "1", "114": "1", "83": "3", "37": "1", "52": "3", "63": "3", "99": "1", "54": "3", "91": "1", "118": "1", "56": "2", "78": "1", "61": "2", "62": "1", "113": "1", "79": "3", "89": "1", "70": "3", "69": "1", "84": "3", "117": "1", "74": "3", "58": "1", "77": "2", "88": "1", "39": "1", "98": "2", "94": "3", "92": "1", "90": "1", "93": "1", "101": "1", "115": "1", "106": "1", "65": "1", "95": "1", "81": "1", "112": "1"}}