{"edges": [[1, 2], [2, 4], [2, 6], [4, 5], [5, 8], [5, 10], [6, 12], [8, 22], [8, 24], [10, 11], [11, 14], [11, 18], [12, 16], [12, 20], [16, 32], [16, 34], [18, 19], [20, 21], [21, 25], [21, 30], [22, 23], [23, 26], [24, 36], [24, 40], [26, 27], [27, 28], [27, 38], [28, 29], [29, 37], [32, 33], [34, 53], [36, 24], [40, 42], [40, 44], [42, 43], [43, 46], [43, 50], [44, 45], [45, 48], [45, 56], [48, 49], [50, 51]], "features": {"1": "1", "2": "3", "4": "2", "6": "2", "5": "3", "8": "3", "10": "2", "12": "3", "22": "2", "24": "4", "11": "3", "14": "1", "18": "2", "16": "3", "20": "2", "32": "2", "34": "2", "19": "1", "21": "3", "25": "1", "30": "1", "23": "2", "26": "2", "36": "2", "40": "3", "27": "3", "28": "2", "38": "1", "29": "2", "37": "1", "33": "1", "53": "1", "42": "2", "44": "2", "43": "3", "46": "1", "50": "2", "45": "3", "48": "2", "56": "1", "49": "1", "51": "1"}}