{"edges": [[1, 3], [1, 8], [3, 4], [3, 5], [4, 9], [4, 10], [5, 11], [8, 12], [9, 10], [9, 21], [9, 27], [11, 14], [11, 16], [12, 15], [12, 19], [16, 22], [16, 24], [19, 23], [19, 25], [21, 26], [21, 36], [24, 33], [25, 49], [27, 30], [27, 32], [30, 37], [30, 59], [32, 60], [33, 34], [33, 63], [33, 86], [36, 97], [37, 53], [42, 39], [42, 52], [45, 83], [34, 112], [46, 38], [46, 87], [48, 95], [48, 115], [49, 64], [49, 3], [50, 41], [50, 88], [52, 92], [52, 45], [53, 62], [53, 102], [55, 57], [58, 40], [59, 37], [60, 46], [60, 79], [63, 8], [63, 82], [64, 58], [67, 48], [67, 101], [70, 33], [70, 80], [72, 33], [74, 75], [76, 100], [76, 104], [79, 98], [79, 117], [80, 94], [80, 96], [82, 39], [82, 42], [87, 75], [87, 107], [88, 89], [90, 93], [90, 106], [92, 103], [94, 55], [94, 69], [95, 66], [95, 115], [97, 61], [97, 67], [100, 68], [100, 70], [101, 76], [102, 114], [103, 84], [103, 105], [105, 109], [107, 50], [109, 110], [112, 47], [112, 90], [113, 78], [113, 111], [114, 44], [114, 74], [115, 43], [115, 72], [116, 99], [116, 118], [117, 113], [117, 116]], "features": {"1": "2", "3": "4", "8": "3", "4": "3", "5": "2", "9": "4", "10": "2", "11": "3", "12": "3", "21": "3", "27": "3", "14": "1", "16": "3", "15": "1", "19": "3", "22": "1", "24": "2", "23": "1", "25": "2", "26": "1", "36": "2", "33": "6", "49": "3", "30": "3", "32": "2", "37": "3", "59": "2", "60": "3", "34": "2", "63": "3", "86": "1", "97": "3", "53": "3", "42": "3", "39": "2", "52": "3", "45": "2", "83": "1", "112": "3", "46": "3", "38": "1", "87": "3", "48": "3", "95": "3", "115": "4", "64": "2", "50": "3", "41": "1", "88": "2", "92": "2", "62": "1", "102": "2", "55": "2", "57": "1", "58": "2", "40": "1", "79": "3", "82": "3", "67": "3", "101": "2", "70": "3", "80": "3", "72": "2", "74": "2", "75": "2", "76": "3", "100": "3", "104": "1", "98": "1", "117": "3", "94": "3", "96": "1", "107": "2", "89": "1", "90": "3", "93": "1", "106": "1", "103": "3", "69": "1", "66": "1", "61": "1", "68": "1", "114": "3", "84": "1", "105": "2", "109": "2", "110": "1", "47": "1", "113": "3", "78": "1", "111": "1", "44": "1", "43": "1", "116": "3", "99": "1", "118": "1"}}