{"edges": [[1, 2], [2, 3], [3, 5], [5, 6], [6, 21], [6, 98], [6, 15], [7, 46], [7, 37], [9, 28], [10, 11], [11, 13], [13, 14], [14, 34], [14, 72], [15, 17], [17, 18], [18, 19], [19, 39], [19, 73], [21, 23], [23, 24], [24, 25], [25, 9], [25, 92], [27, 10], [28, 29], [29, 30], [30, 64], [30, 54], [31, 33], [34, 7], [36, 42], [36, 87], [37, 38], [38, 81], [38, 31], [39, 41], [41, 36], [42, 43], [43, 45], [46, 47], [47, 48], [48, 49], [49, 50], [50, 51], [51, 53], [54, 55], [55, 57], [57, 58], [58, 59], [59, 61], [61, 62], [62, 63], [64, 65], [65, 67], [67, 68], [68, 69], [69, 71], [72, 34], [73, 75], [75, 76], [76, 77], [77, 79], [79, 80], [81, 83], [83, 84], [84, 85], [87, 88], [88, 89], [89, 90], [90, 91], [92, 93], [93, 95], [95, 96], [96, 97], [98, 27]], "features": {"1": "1", "2": "2", "3": "2", "5": "2", "6": "4", "21": "2", "98": "2", "15": "2", "7": "3", "46": "2", "37": "2", "9": "2", "28": "2", "10": "2", "11": "2", "13": "2", "14": "3", "34": "3", "72": "2", "17": "2", "18": "2", "19": "3", "39": "2", "73": "2", "23": "2", "24": "2", "25": "3", "92": "2", "27": "2", "29": "2", "30": "3", "64": "2", "54": "2", "31": "2", "33": "1", "36": "3", "42": "2", "87": "2", "38": "3", "81": "2", "41": "2", "43": "2", "45": "1", "47": "2", "48": "2", "49": "2", "50": "2", "51": "2", "53": "1", "55": "2", "57": "2", "58": "2", "59": "2", "61": "2", "62": "2", "63": "1", "65": "2", "67": "2", "68": "2", "69": "2", "71": "1", "75": "2", "76": "2", "77": "2", "79": "2", "80": "1", "83": "2", "84": "2", "85": "1", "88": "2", "89": "2", "90": "2", "91": "1", "93": "2", "95": "2", "96": "2", "97": "1"}}