{"edges": [[1, 4], [1, 3], [3, 5], [3, 44], [4, 75], [4, 80], [4, 82], [5, 6], [5, 7], [6, 8], [8, 10], [8, 12], [8, 11], [11, 16], [11, 15], [15, 18], [15, 17], [17, 20], [18, 19], [19, 20], [19, 23], [20, 21], [21, 24], [21, 31], [24, 27], [24, 36], [25, 47], [25, 28], [27, 84], [27, 25], [28, 29], [29, 32], [29, 34], [29, 46], [29, 40], [30, 42], [30, 38], [30, 86], [34, 35], [38, 39], [40, 30], [41, 48], [42, 43], [43, 41], [43, 50], [45, 48], [51, 41], [51, 53], [51, 61], [53, 48], [53, 54], [54, 88], [54, 59], [54, 56], [56, 57], [59, 63], [59, 60], [59, 64], [61, 48], [63, 90], [63, 66], [64, 65], [66, 67], [67, 92], [67, 68], [68, 69], [69, 74], [69, 72], [70, 71], [72, 73], [75, 77], [75, 78], [80, 81], [96, 70], [88, 89], [90, 91], [91, 96], [91, 94], [92, 93], [94, 95], [96, 97]], "features": {"1": "2", "4": "4", "3": "3", "5": "3", "44": "1", "75": "3", "80": "2", "82": "1", "6": "2", "7": "1", "8": "4", "10": "1", "12": "1", "11": "3", "16": "1", "15": "3", "18": "2", "17": "2", "20": "3", "19": "3", "23": "1", "21": "3", "24": "3", "31": "1", "27": "3", "36": "1", "25": "3", "47": "1", "28": "2", "84": "1", "29": "5", "32": "1", "34": "2", "46": "1", "40": "2", "30": "4", "42": "2", "38": "2", "86": "1", "35": "1", "39": "1", "41": "3", "48": "4", "43": "3", "50": "1", "45": "1", "51": "3", "53": "3", "61": "2", "54": "4", "88": "2", "59": "4", "56": "2", "57": "1", "63": "3", "60": "1", "64": "2", "90": "2", "66": "2", "65": "1", "67": "3", "92": "2", "68": "2", "69": "3", "74": "1", "72": "2", "70": "2", "71": "1", "73": "1", "77": "1", "78": "1", "81": "1", "96": "3", "89": "1", "91": "3", "94": "2", "93": "1", "95": "1", "97": "1"}}