{"edges": [[1, 2], [2, 3], [3, 89], [5, 92], [6, 7], [7, 107], [8, 12], [10, 16], [10, 24], [12, 100], [12, 6], [13, 102], [14, 110], [16, 17], [17, 105], [20, 32], [20, 41], [21, 28], [22, 67], [24, 46], [25, 42], [26, 19], [26, 65], [29, 82], [29, 36], [31, 49], [32, 78], [33, 53], [34, 58], [36, 37], [37, 6], [38, 87], [42, 69], [42, 96], [43, 75], [44, 45], [45, 54], [45, 59], [46, 52], [48, 56], [48, 88], [49, 26], [51, 84], [52, 38], [53, 68], [54, 55], [55, 29], [56, 11], [58, 31], [60, 97], [61, 33], [65, 51], [67, 85], [67, 43], [68, 93], [69, 62], [75, 60], [75, 64], [76, 91], [78, 61], [80, 48], [81, 109], [84, 94], [85, 39], [87, 44], [88, 5], [89, 8], [91, 72], [92, 98], [93, 80], [93, 76], [94, 25], [96, 77], [97, 70], [97, 81], [98, 112], [100, 101], [101, 10], [102, 106], [102, 21], [103, 113], [105, 111], [106, 14], [107, 34], [107, 22], [109, 103], [110, 73], [111, 20], [112, 13]], "features": {"1": "1", "2": "2", "3": "2", "89": "2", "5": "2", "92": "2", "6": "3", "7": "2", "107": "3", "8": "2", "12": "3", "10": "3", "16": "2", "24": "2", "100": "2", "13": "2", "102": "3", "14": "2", "110": "2", "17": "2", "105": "2", "20": "3", "32": "2", "41": "1", "21": "2", "28": "1", "22": "2", "67": "3", "46": "2", "25": "2", "42": "3", "26": "3", "19": "1", "65": "2", "29": "3", "82": "1", "36": "2", "31": "2", "49": "2", "78": "2", "33": "2", "53": "2", "34": "2", "58": "2", "37": "2", "38": "2", "87": "2", "69": "2", "96": "2", "43": "2", "75": "3", "44": "2", "45": "3", "54": "2", "59": "1", "52": "2", "48": "3", "56": "2", "88": "2", "51": "2", "84": "2", "68": "2", "55": "2", "11": "1", "60": "2", "97": "3", "61": "2", "85": "2", "93": "3", "62": "1", "64": "1", "76": "2", "91": "2", "80": "2", "81": "2", "109": "2", "94": "2", "39": "1", "72": "1", "98": "2", "77": "1", "70": "1", "112": "2", "101": "2", "106": "2", "103": "2", "113": "1", "111": "2", "73": "1"}}