{"edges": [[1, 2], [2, 3], [3, 4], [4, 5], [5, 6], [6, 7], [7, 8], [8, 9], [9, 10], [10, 11], [11, 12], [11, 61], [12, 13], [13, 14], [14, 15], [15, 16], [16, 97], [16, 38], [17, 18], [18, 19], [19, 43], [19, 67], [20, 21], [21, 22], [22, 23], [23, 32], [23, 56], [24, 25], [25, 26], [26, 27], [27, 108], [27, 104], [28, 29], [29, 31], [32, 33], [33, 34], [36, 37], [37, 115], [37, 50], [38, 39], [39, 40], [40, 41], [41, 42], [42, 100], [42, 24], [43, 44], [44, 45], [45, 110], [45, 102], [46, 47], [47, 49], [49, 87], [49, 76], [50, 51], [52, 53], [53, 54], [56, 57], [57, 58], [58, 59], [59, 52], [59, 36], [61, 62], [62, 63], [63, 64], [64, 70], [64, 35], [65, 66], [67, 68], [68, 69], [69, 90], [69, 55], [70, 71], [71, 79], [71, 72], [72, 74], [74, 75], [76, 77], [77, 78], [78, 88], [78, 95], [79, 80], [80, 81], [81, 82], [82, 83], [83, 20], [83, 17], [84, 85], [85, 86], [88, 89], [90, 91], [91, 93], [93, 94], [94, 99], [94, 65], [95, 96], [97, 98], [100, 101], [102, 103], [104, 105], [105, 107], [107, 84], [107, 112], [108, 109], [109, 116], [109, 46], [110, 111], [112, 113], [113, 114], [114, 60], [114, 28], [116, 117], [117, 118]], "features": {"1": "1", "2": "2", "3": "2", "4": "2", "5": "2", "6": "2", "7": "2", "8": "2", "9": "2", "10": "2", "11": "3", "12": "2", "61": "2", "13": "2", "14": "2", "15": "2", "16": "3", "97": "2", "38": "2", "17": "2", "18": "2", "19": "3", "43": "2", "67": "2", "20": "2", "21": "2", "22": "2", "23": "3", "32": "2", "56": "2", "24": "2", "25": "2", "26": "2", "27": "3", "108": "2", "104": "2", "28": "2", "29": "2", "31": "1", "33": "2", "34": "1", "36": "2", "37": "3", "115": "1", "50": "2", "39": "2", "40": "2", "41": "2", "42": "3", "100": "2", "44": "2", "45": "3", "110": "2", "102": "2", "46": "2", "47": "2", "49": "3", "87": "1", "76": "2", "51": "1", "52": "2", "53": "2", "54": "1", "57": "2", "58": "2", "59": "3", "62": "2", "63": "2", "64": "3", "70": "2", "35": "1", "65": "2", "66": "1", "68": "2", "69": "3", "90": "2", "55": "1", "71": "3", "79": "2", "72": "2", "74": "2", "75": "1", "77": "2", "78": "3", "88": "2", "95": "2", "80": "2", "81": "2", "82": "2", "83": "3", "84": "2", "85": "2", "86": "1", "89": "1", "91": "2", "93": "2", "94": "3", "99": "1", "96": "1", "98": "1", "101": "1", "103": "1", "105": "2", "107": "3", "112": "2", "109": "3", "116": "2", "111": "1", "113": "2", "114": "3", "60": "1", "117": "2", "118": "1"}}