{"edges": [[1, 2], [2, 3], [3, 4], [4, 60], [6, 32], [7, 79], [9, 80], [11, 81], [12, 22], [14, 23], [15, 35], [17, 85], [18, 113], [19, 24], [20, 84], [22, 40], [22, 31], [22, 58], [23, 36], [26, 57], [27, 38], [29, 50], [32, 59], [32, 65], [34, 43], [35, 99], [36, 72], [37, 62], [37, 46], [38, 91], [40, 41], [41, 14], [43, 98], [44, 76], [47, 92], [49, 94], [50, 115], [50, 30], [51, 10], [52, 95], [54, 19], [55, 112], [57, 71], [58, 34], [59, 44], [60, 7], [60, 67], [61, 100], [62, 45], [67, 11], [68, 17], [69, 86], [69, 74], [70, 88], [71, 6], [72, 18], [74, 104], [75, 101], [75, 105], [76, 61], [78, 9], [79, 12], [80, 68], [81, 69], [82, 83], [83, 109], [84, 49], [84, 37], [85, 55], [85, 70], [86, 51], [88, 106], [90, 52], [91, 54], [92, 26], [94, 47], [95, 102], [97, 108], [98, 20], [99, 75], [101, 110], [102, 15], [104, 78], [105, 97], [106, 89], [108, 82], [109, 27], [110, 64], [112, 90], [113, 29]], "features": {"1": "1", "2": "2", "3": "2", "4": "2", "60": "3", "6": "2", "32": "3", "7": "2", "79": "2", "9": "2", "80": "2", "11": "2", "81": "2", "12": "2", "22": "4", "14": "2", "23": "2", "15": "2", "35": "2", "17": "2", "85": "3", "18": "2", "113": "2", "19": "2", "24": "1", "20": "2", "84": "3", "40": "2", "31": "1", "58": "2", "36": "2", "26": "2", "57": "2", "27": "2", "38": "2", "29": "2", "50": "3", "59": "2", "65": "1", "34": "2", "43": "2", "99": "2", "72": "2", "37": "3", "62": "2", "46": "1", "91": "2", "41": "2", "98": "2", "44": "2", "76": "2", "47": "2", "92": "2", "49": "2", "94": "2", "115": "1", "30": "1", "51": "2", "10": "1", "52": "2", "95": "2", "54": "2", "55": "2", "112": "2", "71": "2", "67": "2", "61": "2", "100": "1", "45": "1", "68": "2", "69": "3", "86": "2", "74": "2", "70": "2", "88": "2", "104": "2", "75": "3", "101": "2", "105": "2", "78": "2", "82": "2", "83": "2", "109": "2", "106": "2", "90": "2", "102": "2", "97": "2", "108": "2", "110": "2", "89": "1", "64": "1"}}