{"edges": [[1, 2], [2, 3], [3, 4], [4, 54], [5, 26], [6, 38], [6, 25], [7, 45], [8, 63], [8, 24], [9, 61], [11, 7], [11, 33], [12, 55], [14, 10], [15, 70], [15, 64], [16, 65], [17, 60], [18, 29], [19, 49], [20, 31], [21, 6], [22, 71], [22, 59], [23, 20], [23, 46], [24, 36], [25, 19], [26, 30], [26, 35], [27, 22], [28, 41], [29, 58], [30, 52], [30, 68], [31, 53], [31, 42], [32, 39], [33, 44], [33, 48], [34, 56], [35, 50], [36, 72], [37, 51], [38, 66], [40, 37], [41, 11], [41, 27], [42, 21], [45, 15], [46, 16], [47, 5], [50, 40], [51, 8], [52, 57], [53, 67], [54, 9], [54, 61], [55, 13], [56, 17], [57, 62], [58, 69], [43, 59], [61, 23], [62, 14], [64, 12], [65, 47], [67, 28], [68, 32], [70, 34], [71, 18]], "features": {"1": "1", "2": "2", "3": "2", "4": "2", "54": "3", "5": "2", "26": "3", "6": "3", "38": "2", "25": "2", "7": "2", "45": "2", "8": "3", "63": "1", "24": "2", "9": "2", "61": "3", "11": "3", "33": "3", "12": "2", "55": "2", "14": "2", "10": "1", "15": "3", "70": "2", "64": "2", "16": "2", "65": "2", "17": "2", "60": "1", "18": "2", "29": "2", "19": "2", "49": "1", "20": "2", "31": "3", "21": "2", "22": "3", "71": "2", "59": "2", "23": "3", "46": "2", "36": "2", "30": "3", "35": "2", "27": "2", "28": "2", "41": "3", "58": "2", "52": "2", "68": "2", "53": "2", "42": "2", "32": "2", "39": "1", "44": "1", "48": "1", "34": "2", "56": "2", "50": "2", "72": "1", "37": "2", "51": "2", "66": "1", "40": "2", "47": "2", "57": "2", "67": "2", "13": "1", "62": "2", "69": "1", "43": "1"}}