{"edges": [[0, 1], [1, 5], [1, 8], [2, 22], [3, 11], [3, 7], [5, 24], [6, 44], [6, 47], [7, 29], [7, 11], [8, 13], [8, 23], [9, 28], [10, 30], [11, 20], [13, 23], [13, 17], [15, 30], [16, 42], [16, 32], [16, 39], [18, 12], [19, 24], [20, 26], [20, 36], [21, 19], [21, 4], [23, 25], [23, 21], [24, 2], [24, 9], [24, 27], [25, 14], [25, 18], [26, 10], [26, 15], [27, 22], [28, 3], [29, 34], [29, 31], [30, 33], [30, 37], [32, 55], [33, 35], [33, 37], [37, 6], [37, 33], [38, 40], [39, 42], [39, 32], [39, 51], [40, 52], [40, 45], [41, 53], [41, 56], [42, 55], [43, 49], [43, 57], [45, 50], [45, 54], [46, 49], [46, 43], [46, 57], [47, 65], [47, 38], [48, 46], [48, 62], [49, 64], [49, 57], [52, 16], [53, 46], [54, 16], [55, 48], [55, 41], [56, 48], [57, 60], [57, 43], [57, 49], [58, 63], [61, 66], [62, 58], [63, 59], [63, 61], [64, 63]], "features": {"0": "1", "1": "3", "5": "2", "8": "3", "2": "2", "22": "2", "3": "3", "11": "3", "7": "3", "24": "5", "6": "3", "44": "1", "47": "3", "29": "3", "13": "3", "23": "4", "9": "2", "28": "2", "10": "2", "30": "4", "20": "3", "17": "1", "15": "2", "16": "5", "42": "3", "32": "3", "39": "4", "18": "2", "12": "1", "19": "2", "26": "3", "36": "1", "21": "3", "4": "1", "25": "3", "27": "2", "14": "1", "34": "1", "31": "1", "33": "4", "37": "4", "55": "4", "35": "1", "38": "2", "40": "3", "51": "1", "52": "2", "45": "3", "41": "3", "53": "2", "56": "2", "43": "4", "49": "5", "57": "6", "50": "1", "54": "2", "46": "5", "65": "1", "48": "4", "62": "2", "64": "2", "60": "1", "58": "2", "63": "4", "61": "2", "66": "1", "59": "1"}}