{"edges": [[1, 2], [2, 3], [3, 4], [4, 5], [5, 6], [6, 30], [6, 22], [6, 48], [7, 116], [8, 21], [9, 17], [9, 79], [10, 105], [11, 114], [12, 111], [13, 15], [17, 18], [18, 110], [18, 86], [19, 63], [21, 40], [22, 23], [23, 36], [23, 42], [24, 26], [26, 84], [27, 28], [28, 13], [28, 45], [29, 46], [30, 10], [30, 41], [31, 70], [31, 89], [32, 53], [32, 77], [33, 34], [35, 109], [35, 97], [36, 7], [37, 39], [39, 8], [40, 11], [40, 64], [41, 104], [41, 92], [42, 43], [43, 9], [43, 60], [44, 29], [45, 50], [45, 57], [46, 47], [47, 72], [47, 65], [48, 49], [50, 19], [50, 37], [51, 68], [51, 44], [53, 55], [55, 81], [57, 96], [57, 73], [57, 69], [58, 59], [59, 94], [60, 61], [61, 82], [64, 51], [65, 31], [65, 75], [65, 85], [66, 67], [67, 76], [69, 87], [70, 99], [73, 103], [74, 12], [74, 107], [75, 83], [77, 78], [79, 80], [82, 27], [82, 33], [83, 108], [85, 32], [86, 52], [87, 88], [89, 91], [91, 20], [92, 93], [96, 35], [97, 98], [99, 58], [99, 106], [100, 102], [102, 95], [102, 115], [104, 66], [104, 74], [105, 56], [107, 16], [109, 24], [109, 62], [110, 100], [110, 112], [112, 113]], "features": {"1": "1", "2": "2", "3": "2", "4": "2", "5": "2", "6": "4", "30": "3", "22": "2", "48": "2", "7": "2", "116": "1", "8": "2", "21": "2", "9": "3", "17": "2", "79": "2", "10": "2", "105": "2", "11": "2", "114": "1", "12": "2", "111": "1", "13": "2", "15": "1", "18": "3", "110": "3", "86": "2", "19": "2", "63": "1", "40": "3", "23": "3", "36": "2", "42": "2", "24": "2", "26": "2", "84": "1", "27": "2", "28": "3", "45": "3", "29": "2", "46": "2", "41": "3", "31": "3", "70": "2", "89": "2", "32": "3", "53": "2", "77": "2", "33": "2", "34": "1", "35": "3", "109": "3", "97": "2", "37": "2", "39": "2", "64": "2", "104": "3", "92": "2", "43": "3", "60": "2", "44": "2", "50": "3", "57": "4", "47": "3", "72": "1", "65": "4", "49": "1", "51": "3", "68": "1", "55": "2", "81": "1", "96": "2", "73": "2", "69": "2", "58": "2", "59": "2", "94": "1", "61": "2", "82": "3", "75": "2", "85": "2", "66": "2", "67": "2", "76": "1", "87": "2", "99": "3", "103": "1", "74": "3", "107": "2", "83": "2", "78": "1", "80": "1", "108": "1", "52": "1", "88": "1", "91": "2", "20": "1", "93": "1", "98": "1", "106": "1", "100": "2", "102": "3", "95": "1", "115": "1", "56": "1", "16": "1", "62": "1", "112": "2", "113": "1"}}