{"edges": [[2, 6], [2, 5], [5, 8], [5, 9], [6, 10], [6, 12], [8, 11], [8, 15], [9, 16], [9, 14], [10, 17], [10, 18], [11, 24], [11, 22], [12, 21], [12, 19], [14, 26], [14, 28], [15, 23], [15, 27], [16, 29], [16, 31], [17, 32], [17, 33], [18, 34], [18, 37], [22, 38], [22, 35], [24, 6], [27, 39], [27, 40], [28, 41], [28, 42], [29, 43], [29, 44], [33, 45], [33, 46], [34, 48], [34, 47], [35, 50], [35, 53], [38, 55], [38, 51], [39, 56], [39, 57], [41, 58], [41, 59], [42, 6], [43, 60], [43, 61], [44, 64], [44, 63], [45, 65], [45, 66], [46, 48], [48, 9], [50, 67], [50, 68], [51, 72], [51, 74], [53, 69], [53, 70], [55, 71], [55, 73], [56, 75], [56, 76], [57, 77], [57, 79], [60, 80], [60, 82], [61, 81], [61, 86], [64, 63], [64, 85], [64, 87], [65, 88], [65, 89], [66, 32], [67, 6], [69, 97], [69, 98], [70, 99], [70, 100], [71, 90], [71, 91], [72, 93], [72, 94], [74, 107], [76, 108], [79, 50], [81, 116], [81, 117], [82, 112], [82, 114], [88, 95], [88, 96], [90, 101], [90, 102], [91, 103], [91, 104], [94, 105], [94, 106], [96, 110], [96, 111], [100, 55], [108, 109]], "features": {"2": "2", "6": "6", "5": "3", "8": "3", "9": "4", "10": "3", "12": "3", "11": "3", "15": "3", "16": "3", "14": "3", "17": "3", "18": "3", "24": "2", "22": "3", "21": "1", "19": "1", "26": "1", "28": "3", "23": "1", "27": "3", "29": "3", "31": "1", "32": "2", "33": "3", "34": "3", "37": "1", "38": "3", "35": "3", "39": "3", "40": "1", "41": "3", "42": "2", "43": "3", "44": "3", "45": "3", "46": "2", "48": "3", "47": "1", "50": "4", "53": "3", "55": "4", "51": "3", "56": "3", "57": "3", "58": "1", "59": "1", "60": "3", "61": "3", "64": "4", "63": "2", "65": "3", "66": "2", "67": "2", "68": "1", "72": "3", "74": "2", "69": "3", "70": "3", "71": "3", "73": "1", "75": "1", "76": "2", "77": "1", "79": "2", "80": "1", "82": "3", "81": "3", "86": "1", "85": "1", "87": "1", "88": "3", "89": "1", "97": "1", "98": "1", "99": "1", "100": "2", "90": "3", "91": "3", "93": "1", "94": "3", "107": "1", "108": "2", "116": "1", "117": "1", "112": "1", "114": "1", "95": "1", "96": "3", "101": "1", "102": "1", "103": "1", "104": "1", "105": "1", "106": "1", "110": "1", "111": "1", "109": "1"}}