{"edges": [[2, 3], [3, 4], [3, 6], [4, 5], [5, 8], [5, 10], [6, 7], [7, 12], [7, 11], [8, 14], [8, 15], [10, 16], [10, 17], [11, 22], [11, 21], [12, 19], [12, 20], [14, 24], [14, 25], [15, 26], [15, 28], [16, 27], [16, 31], [17, 32], [17, 34], [19, 35], [19, 36], [20, 37], [20, 38], [21, 42], [21, 41], [22, 23], [23, 39], [23, 40], [24, 44], [24, 46], [25, 48], [25, 49], [26, 54], [26, 50], [27, 56], [27, 57], [28, 52], [28, 55], [31, 58], [31, 59], [32, 33], [33, 60], [33, 61], [34, 69], [35, 66], [36, 66], [36, 67], [38, 72], [38, 73], [39, 76], [39, 74], [40, 77], [40, 78], [41, 82], [41, 83], [42, 80], [42, 81], [44, 45], [45, 84], [45, 89], [46, 47], [48, 90], [48, 91], [49, 50], [50, 99], [50, 100], [52, 53], [53, 117], [53, 118], [54, 71], [56, 105], [57, 8], [61, 48], [61, 92], [62, 110], [62, 85], [63, 86], [63, 88], [64, 93], [64, 94], [65, 96], [65, 95], [66, 64], [66, 65], [67, 68], [68, 102], [69, 62], [69, 63], [71, 97], [71, 98], [74, 81], [74, 92], [85, 107], [86, 37], [88, 48], [95, 106], [95, 108], [97, 10], [99, 69], [100, 101], [102, 71], [102, 103], [103, 25], [106, 119], [110, 111], [110, 112], [110, 113], [112, 114], [112, 116], [113, 120], [113, 121]], "features": {"2": "1", "3": "3", "4": "2", "6": "2", "5": "3", "8": "4", "10": "4", "7": "3", "12": "3", "11": "3", "14": "3", "15": "3", "16": "3", "17": "3", "22": "2", "21": "3", "19": "3", "20": "3", "24": "3", "25": "4", "26": "3", "28": "3", "27": "3", "31": "3", "32": "2", "34": "2", "35": "2", "36": "3", "37": "2", "38": "3", "42": "3", "41": "3", "23": "3", "39": "3", "40": "3", "44": "2", "46": "2", "48": "5", "49": "2", "54": "2", "50": "4", "56": "2", "57": "2", "52": "2", "55": "1", "58": "1", "59": "1", "33": "3", "60": "1", "61": "3", "69": "4", "66": "4", "67": "2", "72": "1", "73": "1", "76": "1", "74": "3", "77": "1", "78": "1", "82": "1", "83": "1", "80": "1", "81": "2", "45": "3", "84": "1", "89": "1", "47": "1", "90": "1", "91": "1", "99": "2", "100": "2", "53": "3", "117": "1", "118": "1", "71": "4", "105": "1", "92": "2", "62": "3", "110": "4", "85": "2", "63": "3", "86": "2", "88": "2", "64": "3", "93": "1", "94": "1", "65": "3", "96": "1", "95": "3", "68": "2", "102": "3", "97": "2", "98": "1", "107": "1", "106": "2", "108": "1", "101": "1", "103": "2", "119": "1", "111": "1", "112": "3", "113": "3", "114": "1", "116": "1", "120": "1", "121": "1"}}