{"edges": [[1, 2], [2, 4], [4, 5], [5, 6], [5, 8], [6, 9], [6, 10], [6, 13], [7, 46], [7, 48], [8, 12], [8, 22], [9, 14], [9, 15], [9, 16], [10, 17], [10, 19], [12, 24], [12, 25], [13, 20], [13, 34], [14, 26], [14, 27], [15, 101], [16, 30], [16, 33], [17, 18], [18, 28], [18, 32], [19, 35], [19, 36], [20, 38], [22, 44], [22, 45], [25, 42], [25, 43], [27, 49], [27, 50], [28, 29], [29, 79], [30, 41], [30, 51], [34, 21], [34, 40], [35, 101], [36, 37], [37, 54], [37, 58], [38, 39], [39, 7], [39, 59], [41, 53], [41, 109], [43, 10], [44, 61], [44, 64], [45, 55], [45, 60], [46, 27], [48, 65], [48, 67], [51, 15], [54, 74], [54, 75], [55, 57], [58, 77], [58, 78], [60, 62], [60, 69], [61, 83], [61, 84], [64, 86], [64, 89], [65, 66], [67, 12], [70, 71], [71, 106], [71, 107], [72, 108], [72, 111], [75, 91], [75, 92], [77, 80], [77, 82], [80, 81], [81, 110], [82, 93], [82, 94], [85, 88], [85, 103], [88, 112], [88, 116], [92, 97], [92, 98], [92, 102], [94, 95], [95, 99], [95, 100], [98, 70], [98, 72], [99, 105], [101, 85], [101, 90], [105, 113], [105, 114], [109, 34], [112, 104], [112, 116]], "features": {"1": "1", "2": "2", "4": "2", "5": "3", "6": "4", "8": "3", "9": "4", "10": "4", "13": "3", "7": "3", "46": "2", "48": "3", "12": "4", "22": "3", "14": "3", "15": "3", "16": "3", "17": "2", "19": "3", "24": "1", "25": "3", "20": "2", "34": "4", "26": "1", "27": "4", "101": "4", "30": "3", "33": "1", "18": "3", "28": "2", "32": "1", "35": "2", "36": "2", "38": "2", "44": "3", "45": "3", "42": "1", "43": "2", "49": "1", "50": "1", "29": "2", "79": "1", "41": "3", "51": "2", "21": "1", "40": "1", "37": "3", "54": "3", "58": "3", "39": "3", "59": "1", "53": "1", "109": "2", "61": "3", "64": "3", "55": "2", "60": "3", "65": "2", "67": "2", "74": "1", "75": "3", "57": "1", "77": "3", "78": "1", "62": "1", "69": "1", "83": "1", "84": "1", "86": "1", "89": "1", "66": "1", "70": "2", "71": "3", "106": "1", "107": "1", "72": "3", "108": "1", "111": "1", "91": "1", "92": "4", "80": "2", "82": "3", "81": "2", "110": "1", "93": "1", "94": "2", "85": "3", "88": "3", "103": "1", "112": "3", "116": "2", "97": "1", "98": "3", "102": "1", "95": "3", "99": "2", "100": "1", "105": "3", "90": "1", "113": "1", "114": "1", "104": "1"}}