{"edges": [[1, 2], [2, 3], [3, 4], [4, 5], [4, 11], [5, 6], [6, 7], [6, 11], [7, 9], [9, 10], [10, 12], [10, 13], [11, 16], [11, 15], [12, 18], [12, 21], [13, 14], [14, 22], [14, 23], [15, 25], [15, 26], [16, 17], [17, 27], [17, 28], [18, 19], [19, 31], [19, 33], [21, 34], [21, 36], [22, 37], [22, 39], [23, 24], [24, 40], [24, 41], [25, 43], [25, 44], [26, 45], [26, 46], [28, 30], [31, 32], [32, 47], [32, 49], [33, 11], [34, 35], [35, 50], [35, 53], [39, 51], [39, 54], [40, 56], [40, 55], [41, 42], [44, 58], [44, 57], [45, 60], [45, 59], [47, 48], [48, 62], [48, 64], [49, 65], [49, 66], [50, 67], [50, 68], [51, 69], [51, 70], [53, 13], [54, 11], [55, 72], [55, 74], [56, 76], [56, 77], [57, 78], [57, 79], [59, 16], [62, 63], [63, 82], [63, 80], [64, 83], [64, 84], [65, 85], [65, 86], [66, 87], [66, 88], [67, 91], [67, 92], [68, 93], [68, 94], [72, 73], [73, 96], [73, 95], [74, 75], [75, 98], [75, 99], [77, 100], [77, 101], [78, 102], [78, 103], [80, 81], [81, 11], [83, 112], [83, 113], [84, 116], [84, 114], [85, 104], [85, 105], [87, 106], [87, 107], [88, 90], [95, 127], [95, 128], [95, 132], [96, 129], [96, 130], [98, 131], [98, 134], [99, 124], [99, 126], [102, 108], [102, 109], [104, 117], [104, 119], [105, 120], [105, 121], [107, 122], [107, 123], [109, 110], [116, 114], [117, 118]], "features": {"1": "1", "2": "2", "3": "2", "4": "3", "5": "2", "11": "7", "6": "3", "7": "2", "9": "2", "10": "3", "12": "3", "13": "3", "16": "3", "15": "3", "18": "2", "21": "3", "14": "3", "22": "3", "23": "2", "25": "3", "26": "3", "17": "3", "27": "1", "28": "2", "19": "3", "31": "2", "33": "2", "34": "2", "36": "1", "37": "1", "39": "3", "24": "3", "40": "3", "41": "2", "43": "1", "44": "3", "45": "3", "46": "1", "30": "1", "32": "3", "47": "2", "49": "3", "35": "3", "50": "3", "53": "2", "51": "3", "54": "2", "56": "3", "55": "3", "42": "1", "58": "1", "57": "3", "60": "1", "59": "2", "48": "3", "62": "2", "64": "3", "65": "3", "66": "3", "67": "3", "68": "3", "69": "1", "70": "1", "72": "2", "74": "2", "76": "1", "77": "3", "78": "3", "79": "1", "63": "3", "82": "1", "80": "2", "83": "3", "84": "3", "85": "3", "86": "1", "87": "3", "88": "2", "91": "1", "92": "1", "93": "1", "94": "1", "73": "3", "96": "3", "95": "4", "75": "3", "98": "3", "99": "3", "100": "1", "101": "1", "102": "3", "103": "1", "81": "2", "112": "1", "113": "1", "116": "2", "114": "2", "104": "3", "105": "3", "106": "1", "107": "3", "90": "1", "127": "1", "128": "1", "132": "1", "129": "1", "130": "1", "131": "1", "134": "1", "124": "1", "126": "1", "108": "1", "109": "2", "117": "2", "119": "1", "120": "1", "121": "1", "122": "1", "123": "1", "110": "1", "118": "1"}}