{"edges": [[1, 2], [2, 6], [3, 5], [3, 16], [3, 8], [4, 22], [4, 25], [5, 11], [5, 14], [6, 7], [7, 3], [7, 4], [8, 10], [10, 15], [10, 18], [11, 12], [12, 111], [15, 54], [16, 17], [17, 30], [17, 32], [18, 19], [19, 34], [19, 36], [20, 57], [20, 58], [22, 23], [23, 24], [24, 37], [24, 117], [25, 114], [28, 112], [30, 31], [31, 48], [31, 49], [32, 117], [34, 35], [35, 40], [35, 51], [36, 52], [36, 65], [37, 61], [37, 64], [38, 39], [39, 75], [39, 76], [39, 79], [42, 27], [42, 99], [43, 44], [43, 46], [44, 71], [46, 47], [49, 113], [52, 53], [53, 82], [54, 56], [56, 27], [56, 28], [57, 91], [58, 59], [64, 63], [64, 107], [65, 66], [66, 93], [66, 118], [69, 70], [70, 88], [70, 100], [73, 74], [76, 78], [78, 80], [78, 83], [80, 81], [81, 98], [81, 90], [82, 87], [82, 85], [83, 94], [85, 86], [86, 73], [88, 89], [91, 92], [94, 96], [96, 116], [101, 102], [102, 103], [103, 104], [105, 106], [107, 108], [108, 105], [108, 97], [111, 20], [111, 21], [112, 42], [112, 43], [113, 69], [113, 67], [114, 41], [114, 50], [117, 38], [117, 8]], "features": {"1": "1", "2": "2", "6": "2", "3": "4", "5": "3", "16": "2", "8": "3", "4": "3", "22": "2", "25": "2", "11": "2", "14": "1", "7": "3", "10": "3", "15": "2", "18": "2", "12": "2", "111": "3", "54": "2", "17": "3", "30": "2", "32": "2", "19": "3", "34": "2", "36": "3", "20": "3", "57": "2", "58": "2", "23": "2", "24": "3", "37": "3", "117": "4", "114": "3", "28": "2", "112": "3", "31": "3", "48": "1", "49": "2", "35": "3", "40": "1", "51": "1", "52": "2", "65": "2", "61": "1", "64": "3", "38": "2", "39": "4", "75": "1", "76": "2", "79": "1", "42": "3", "27": "2", "99": "1", "43": "3", "44": "2", "46": "2", "71": "1", "47": "1", "113": "3", "53": "2", "82": "3", "56": "3", "91": "2", "59": "1", "63": "1", "107": "2", "66": "3", "93": "1", "118": "1", "69": "2", "70": "3", "88": "2", "100": "1", "73": "2", "74": "1", "78": "3", "80": "2", "83": "2", "81": "3", "98": "1", "90": "1", "87": "1", "85": "2", "94": "2", "86": "2", "89": "1", "92": "1", "96": "2", "116": "1", "101": "1", "102": "2", "103": "2", "104": "1", "105": "2", "106": "1", "108": "3", "97": "1", "21": "1", "67": "1", "41": "1", "50": "1"}}