{"edges": [[1, 2], [2, 3], [3, 4], [4, 6], [6, 18], [6, 19], [7, 9], [9, 10], [11, 12], [12, 27], [14, 28], [17, 21], [17, 11], [17, 14], [19, 17], [20, 32], [25, 26], [26, 30], [27, 7], [27, 25], [27, 20], [27, 22], [28, 54], [28, 33], [30, 37], [30, 39], [32, 40], [32, 43], [33, 34], [34, 36], [36, 44], [37, 50], [37, 55], [39, 71], [40, 42], [42, 58], [42, 59], [42, 64], [43, 112], [43, 63], [44, 45], [44, 49], [45, 46], [46, 47], [47, 48], [48, 53], [48, 80], [49, 109], [49, 106], [50, 51], [51, 52], [52, 67], [52, 75], [55, 57], [57, 68], [59, 60], [60, 61], [61, 62], [62, 66], [68, 74], [68, 77], [68, 78], [71, 79], [71, 113], [72, 82], [72, 84], [74, 87], [74, 91], [75, 72], [80, 96], [80, 118], [84, 86], [86, 95], [86, 116], [87, 97], [89, 90], [90, 99], [95, 105], [95, 107], [99, 100], [101, 102], [102, 104], [105, 101], [107, 108], [108, 94], [109, 111], [113, 115], [115, 89], [115, 92]], "features": {"1": "1", "2": "2", "3": "2", "4": "2", "6": "3", "18": "1", "19": "2", "7": "2", "9": "2", "10": "1", "11": "2", "12": "2", "27": "5", "14": "2", "28": "3", "17": "4", "21": "1", "20": "2", "32": "3", "25": "2", "26": "2", "30": "3", "22": "1", "54": "1", "33": "2", "37": "3", "39": "2", "40": "2", "43": "3", "34": "2", "36": "2", "44": "3", "50": "2", "55": "2", "71": "3", "42": "4", "58": "1", "59": "2", "64": "1", "112": "1", "63": "1", "45": "2", "49": "3", "46": "2", "47": "2", "48": "3", "53": "1", "80": "3", "109": "2", "106": "1", "51": "2", "52": "3", "67": "1", "75": "2", "57": "2", "68": "4", "60": "2", "61": "2", "62": "2", "66": "1", "74": "3", "77": "1", "78": "1", "79": "1", "113": "2", "72": "3", "82": "1", "84": "2", "87": "2", "91": "1", "96": "1", "118": "1", "86": "3", "95": "3", "116": "1", "97": "1", "89": "2", "90": "2", "99": "2", "105": "2", "107": "2", "100": "1", "101": "2", "102": "2", "104": "1", "108": "2", "94": "1", "111": "1", "115": "3", "92": "1"}}