{"edges": [[1, 2], [2, 5], [2, 3], [3, 6], [5, 13], [5, 9], [6, 15], [6, 10], [9, 12], [10, 8], [10, 14], [10, 11], [11, 16], [12, 18], [12, 20], [14, 10], [15, 12], [16, 19], [16, 22], [18, 21], [19, 40], [21, 32], [21, 25], [25, 26], [26, 27], [27, 28], [27, 30], [28, 29], [29, 75], [30, 24], [35, 37], [36, 92], [37, 89], [37, 38], [38, 43], [39, 42], [39, 46], [40, 39], [42, 44], [43, 40], [44, 48], [44, 50], [48, 49], [49, 51], [50, 53], [51, 52], [51, 56], [52, 54], [53, 57], [53, 58], [54, 55], [55, 61], [55, 62], [56, 63], [57, 60], [58, 66], [58, 65], [61, 22], [63, 64], [66, 67], [67, 68], [68, 70], [68, 100], [70, 73], [70, 104], [73, 84], [75, 77], [76, 78], [77, 35], [77, 33], [78, 81], [78, 82], [81, 83], [82, 74], [83, 85], [83, 88], [83, 36], [85, 87], [87, 106], [88, 91], [91, 94], [91, 97], [92, 93], [93, 98], [94, 95], [95, 101], [95, 102], [97, 103], [98, 69], [100, 72], [101, 108], [104, 105], [105, 76]], "features": {"1": "1", "2": "3", "5": "3", "3": "2", "6": "3", "13": "1", "9": "2", "15": "2", "10": "5", "12": "4", "8": "1", "14": "2", "11": "2", "16": "3", "18": "2", "20": "1", "19": "2", "22": "2", "21": "3", "40": "3", "32": "1", "25": "2", "26": "2", "27": "3", "28": "2", "30": "2", "29": "2", "75": "2", "24": "1", "35": "2", "37": "3", "36": "2", "92": "2", "89": "1", "38": "2", "43": "2", "39": "3", "42": "2", "46": "1", "44": "3", "48": "2", "50": "2", "49": "2", "51": "3", "53": "3", "52": "2", "56": "2", "54": "2", "57": "2", "58": "3", "55": "3", "61": "2", "62": "1", "63": "2", "60": "1", "66": "2", "65": "1", "64": "1", "67": "2", "68": "3", "70": "3", "100": "2", "73": "2", "104": "2", "84": "1", "77": "3", "76": "2", "78": "3", "33": "1", "81": "2", "82": "2", "83": "4", "74": "1", "85": "2", "88": "2", "87": "2", "106": "1", "91": "3", "94": "2", "97": "2", "93": "2", "98": "2", "95": "3", "101": "2", "102": "1", "103": "1", "69": "1", "72": "1", "108": "1", "105": "2"}}