{"edges": [[1, 3], [1, 6], [3, 4], [3, 10], [4, 23], [5, 27], [6, 15], [7, 46], [8, 20], [9, 26], [9, 29], [9, 33], [10, 14], [11, 56], [11, 5], [11, 24], [13, 35], [14, 7], [14, 18], [14, 19], [15, 8], [15, 9], [16, 51], [18, 32], [19, 112], [20, 11], [22, 13], [23, 22], [23, 16], [24, 25], [25, 28], [26, 37], [27, 31], [28, 63], [28, 64], [29, 38], [31, 89], [31, 59], [32, 53], [33, 41], [35, 42], [37, 66], [37, 65], [38, 50], [42, 43], [43, 68], [46, 54], [48, 70], [48, 72], [49, 112], [50, 36], [51, 45], [53, 48], [54, 49], [56, 60], [59, 107], [60, 55], [61, 79], [63, 76], [64, 77], [65, 84], [66, 61], [68, 81], [68, 88], [70, 112], [72, 112], [73, 10], [74, 82], [75, 91], [76, 73], [76, 101], [79, 80], [80, 86], [81, 87], [82, 110], [82, 90], [86, 95], [86, 102], [88, 94], [89, 93], [91, 100], [92, 96], [92, 109], [95, 116], [96, 99], [97, 103], [98, 105], [99, 104], [100, 3], [101, 92], [102, 106], [104, 97], [104, 98], [107, 111], [110, 114], [111, 115], [112, 113], [112, 6], [113, 4], [115, 74], [115, 75]], "features": {"1": "2", "3": "4", "6": "3", "4": "3", "10": "3", "23": "3", "5": "2", "27": "2", "15": "3", "7": "2", "46": "2", "8": "2", "20": "2", "9": "4", "26": "2", "29": "2", "33": "2", "14": "4", "11": "4", "56": "2", "24": "2", "13": "2", "35": "2", "18": "2", "19": "2", "16": "2", "51": "2", "32": "2", "112": "6", "22": "2", "25": "2", "28": "3", "37": "3", "31": "3", "63": "2", "64": "2", "38": "2", "89": "2", "59": "2", "53": "2", "41": "1", "42": "2", "66": "2", "65": "2", "50": "2", "43": "2", "68": "3", "54": "2", "48": "3", "70": "2", "72": "2", "49": "2", "36": "1", "45": "1", "60": "2", "107": "2", "55": "1", "61": "2", "79": "2", "76": "3", "77": "1", "84": "1", "81": "2", "88": "2", "73": "2", "74": "2", "82": "3", "75": "2", "91": "2", "101": "2", "80": "2", "86": "3", "87": "1", "110": "2", "90": "1", "95": "2", "102": "2", "94": "1", "93": "1", "100": "2", "92": "3", "96": "2", "109": "1", "116": "1", "99": "2", "97": "2", "103": "1", "98": "2", "105": "1", "104": "3", "106": "1", "111": "2", "114": "1", "115": "3", "113": "2"}}