{"edges": [[1, 2], [2, 6], [3, 7], [4, 9], [6, 3], [7, 4], [7, 46], [7, 93], [9, 14], [11, 15], [12, 11], [12, 33], [14, 12], [14, 10], [15, 16], [15, 18], [18, 22], [19, 29], [19, 30], [21, 28], [22, 21], [22, 27], [27, 19], [28, 24], [28, 32], [30, 23], [33, 35], [35, 39], [35, 38], [36, 34], [36, 43], [38, 45], [39, 36], [45, 42], [45, 40], [46, 50], [47, 53], [48, 49], [49, 57], [49, 66], [50, 47], [50, 70], [53, 61], [54, 58], [54, 55], [55, 60], [55, 62], [57, 54], [61, 48], [61, 9], [62, 112], [62, 65], [66, 71], [68, 79], [68, 74], [70, 72], [71, 64], [71, 69], [72, 68], [74, 75], [74, 81], [75, 76], [76, 80], [80, 83], [80, 111], [81, 82], [82, 86], [84, 85], [85, 90], [85, 88], [86, 84], [89, 113], [90, 98], [91, 95], [93, 96], [96, 100], [96, 105], [98, 91], [98, 92], [99, 89], [99, 103], [99, 107], [100, 101], [101, 97], [101, 99], [105, 109], [107, 110], [109, 114], [109, 104]], "features": {"1": "1", "2": "2", "6": "2", "3": "2", "7": "4", "4": "2", "9": "3", "46": "2", "93": "2", "14": "3", "11": "2", "15": "3", "12": "3", "33": "2", "10": "1", "16": "1", "18": "2", "22": "3", "19": "3", "29": "1", "30": "2", "21": "2", "28": "3", "27": "2", "24": "1", "32": "1", "23": "1", "35": "3", "39": "2", "38": "2", "36": "3", "34": "1", "43": "1", "45": "3", "42": "1", "40": "1", "50": "3", "47": "2", "53": "2", "48": "2", "49": "3", "57": "2", "66": "2", "70": "2", "61": "3", "54": "3", "58": "1", "55": "3", "60": "1", "62": "3", "112": "1", "65": "1", "71": "3", "68": "3", "79": "1", "74": "3", "72": "2", "64": "1", "69": "1", "75": "2", "81": "2", "76": "2", "80": "3", "83": "1", "111": "1", "82": "2", "86": "2", "84": "2", "85": "3", "90": "2", "88": "1", "89": "2", "113": "1", "98": "3", "91": "2", "95": "1", "96": "3", "100": "2", "105": "2", "92": "1", "99": "4", "103": "1", "107": "2", "101": "3", "97": "1", "109": "3", "110": "1", "114": "1", "104": "1"}}