{"edges": [[1, 2], [2, 3], [3, 7], [4, 5], [5, 8], [7, 9], [8, 31], [8, 17], [9, 4], [9, 13], [9, 10], [10, 11], [11, 12], [11, 32], [12, 44], [13, 70], [14, 15], [15, 104], [15, 64], [15, 66], [17, 41], [18, 28], [18, 30], [24, 25], [25, 67], [26, 80], [26, 22], [30, 40], [31, 38], [31, 46], [32, 34], [34, 35], [35, 36], [36, 68], [38, 42], [41, 45], [41, 48], [42, 43], [43, 55], [43, 20], [44, 100], [44, 69], [45, 59], [46, 51], [48, 62], [50, 47], [55, 56], [56, 109], [56, 83], [58, 77], [59, 96], [60, 61], [62, 112], [63, 24], [64, 65], [65, 26], [66, 79], [66, 76], [67, 84], [67, 74], [68, 72], [69, 14], [70, 71], [71, 18], [72, 88], [72, 92], [74, 87], [76, 93], [76, 95], [77, 111], [80, 81], [83, 85], [84, 86], [85, 50], [85, 33], [86, 75], [88, 53], [88, 113], [89, 90], [90, 91], [91, 101], [91, 82], [91, 37], [91, 39], [92, 94], [92, 106], [94, 98], [95, 60], [96, 97], [97, 58], [97, 63], [98, 54], [98, 21], [101, 102], [102, 103], [104, 108], [106, 107], [107, 19], [107, 29], [108, 89], [112, 114], [113, 27], [113, 23], [114, 115]], "features": {"1": "1", "2": "2", "3": "2", "7": "2", "4": "2", "5": "2", "8": "3", "9": "4", "31": "3", "17": "2", "13": "2", "10": "2", "11": "3", "12": "2", "32": "2", "44": "3", "70": "2", "14": "2", "15": "4", "104": "2", "64": "2", "66": "3", "41": "3", "18": "3", "28": "1", "30": "2", "24": "2", "25": "2", "67": "3", "26": "3", "80": "2", "22": "1", "40": "1", "38": "2", "46": "2", "34": "2", "35": "2", "36": "2", "68": "2", "42": "2", "45": "2", "48": "2", "43": "3", "55": "2", "20": "1", "100": "1", "69": "2", "59": "2", "51": "1", "62": "2", "50": "2", "47": "1", "56": "3", "109": "1", "83": "2", "58": "2", "77": "2", "96": "2", "60": "2", "61": "1", "112": "2", "63": "2", "65": "2", "79": "1", "76": "3", "84": "2", "74": "2", "72": "3", "71": "2", "88": "3", "92": "3", "87": "1", "93": "1", "95": "2", "111": "1", "81": "1", "85": "3", "86": "2", "33": "1", "75": "1", "53": "1", "113": "3", "89": "2", "90": "2", "91": "5", "101": "2", "82": "1", "37": "1", "39": "1", "94": "2", "106": "2", "98": "3", "97": "3", "54": "1", "21": "1", "102": "2", "103": "1", "108": "2", "107": "3", "19": "1", "29": "1", "114": "2", "27": "1", "23": "1", "115": "1"}}