{"edges": [[1, 2], [2, 3], [3, 4], [4, 8], [4, 7], [5, 10], [7, 9], [8, 12], [8, 37], [9, 11], [9, 14], [10, 31], [10, 59], [11, 21], [11, 25], [12, 96], [12, 15], [15, 63], [15, 22], [16, 99], [16, 104], [18, 19], [19, 37], [19, 27], [21, 56], [21, 28], [22, 24], [23, 64], [24, 49], [24, 33], [28, 34], [28, 61], [30, 36], [33, 38], [34, 35], [35, 112], [35, 42], [35, 46], [37, 41], [38, 39], [39, 30], [39, 52], [41, 68], [42, 112], [42, 46], [43, 113], [44, 47], [46, 56], [47, 51], [49, 101], [51, 62], [51, 23], [52, 55], [55, 72], [55, 80], [55, 95], [56, 57], [57, 5], [57, 18], [58, 111], [59, 73], [59, 105], [62, 66], [64, 67], [67, 82], [67, 100], [68, 71], [71, 83], [71, 88], [71, 89], [72, 76], [73, 75], [76, 79], [77, 84], [80, 81], [81, 69], [83, 109], [88, 91], [89, 93], [91, 92], [92, 94], [92, 77], [93, 87], [93, 102], [94, 16], [95, 50], [100, 106], [104, 110], [104, 107], [109, 43], [110, 58], [112, 44], [113, 108], [113, 114]], "features": {"1": "1", "2": "2", "3": "2", "4": "3", "8": "3", "7": "2", "5": "2", "10": "3", "9": "3", "12": "3", "37": "3", "11": "3", "14": "1", "31": "1", "59": "3", "21": "3", "25": "1", "96": "1", "15": "3", "63": "1", "22": "2", "16": "3", "99": "1", "104": "3", "18": "2", "19": "3", "27": "1", "56": "3", "28": "3", "24": "3", "23": "2", "64": "2", "49": "2", "33": "2", "34": "2", "61": "1", "30": "2", "36": "1", "38": "2", "35": "4", "112": "3", "42": "3", "46": "3", "41": "2", "39": "3", "52": "2", "68": "2", "43": "2", "113": "3", "44": "2", "47": "2", "51": "3", "101": "1", "62": "2", "55": "4", "72": "2", "80": "2", "95": "2", "57": "3", "58": "2", "111": "1", "73": "2", "105": "1", "66": "1", "67": "3", "82": "1", "100": "2", "71": "4", "83": "2", "88": "2", "89": "2", "76": "2", "75": "1", "79": "1", "77": "2", "84": "1", "81": "2", "69": "1", "109": "2", "91": "2", "93": "3", "92": "3", "94": "2", "87": "1", "102": "1", "50": "1", "106": "1", "110": "2", "107": "1", "108": "1", "114": "1"}}