{"edges": [[1, 3], [3, 5], [3, 4], [4, 6], [5, 8], [6, 13], [6, 15], [8, 9], [9, 10], [9, 11], [10, 12], [11, 14], [12, 23], [12, 22], [13, 17], [14, 40], [14, 37], [15, 21], [16, 29], [17, 18], [18, 50], [21, 16], [21, 30], [22, 34], [23, 26], [24, 25], [25, 28], [26, 27], [27, 56], [27, 38], [28, 51], [28, 71], [30, 54], [30, 81], [31, 33], [32, 111], [32, 24], [37, 42], [38, 53], [38, 100], [40, 41], [41, 44], [42, 46], [44, 45], [45, 49], [46, 60], [46, 66], [50, 52], [51, 113], [51, 74], [52, 57], [52, 72], [53, 59], [54, 80], [54, 116], [56, 101], [56, 61], [57, 70], [58, 86], [59, 63], [60, 65], [62, 68], [63, 58], [63, 96], [65, 105], [65, 108], [68, 69], [69, 75], [70, 32], [71, 96], [74, 76], [75, 92], [79, 47], [79, 36], [80, 83], [81, 90], [85, 89], [85, 62], [90, 91], [91, 85], [100, 31], [101, 102], [102, 114], [106, 107], [107, 109], [108, 110], [111, 115], [114, 79], [114, 106], [115, 84]], "features": {"1": "1", "3": "3", "5": "2", "4": "2", "6": "3", "8": "2", "13": "2", "15": "2", "9": "3", "10": "2", "11": "2", "12": "3", "14": "3", "23": "2", "22": "2", "17": "2", "40": "2", "37": "2", "21": "3", "16": "2", "29": "1", "18": "2", "50": "2", "30": "3", "34": "1", "26": "2", "24": "2", "25": "2", "28": "3", "27": "3", "56": "3", "38": "3", "51": "3", "71": "2", "54": "3", "81": "2", "31": "2", "33": "1", "32": "3", "111": "2", "42": "2", "53": "2", "100": "2", "41": "2", "44": "2", "46": "3", "45": "2", "49": "1", "60": "2", "66": "1", "52": "3", "113": "1", "74": "2", "57": "2", "72": "1", "59": "2", "80": "2", "116": "1", "101": "2", "61": "1", "70": "2", "58": "2", "86": "1", "63": "3", "65": "3", "62": "2", "68": "2", "96": "2", "105": "1", "108": "2", "69": "2", "75": "2", "76": "1", "92": "1", "79": "3", "47": "1", "36": "1", "83": "1", "90": "2", "85": "3", "89": "1", "91": "2", "102": "2", "114": "3", "106": "2", "107": "2", "109": "1", "110": "1", "115": "2", "84": "1"}}