{"edges": [[1, 2], [2, 4], [3, 6], [3, 10], [4, 5], [5, 7], [6, 9], [7, 3], [8, 15], [9, 12], [10, 16], [12, 13], [13, 17], [13, 26], [15, 33], [16, 8], [16, 20], [17, 22], [18, 83], [19, 25], [20, 23], [22, 18], [23, 19], [23, 40], [25, 44], [26, 31], [27, 47], [31, 58], [32, 43], [33, 53], [33, 36], [34, 35], [35, 99], [35, 51], [36, 60], [36, 73], [37, 39], [39, 110], [43, 45], [44, 70], [47, 86], [48, 49], [49, 78], [49, 37], [50, 54], [51, 56], [53, 64], [55, 61], [56, 57], [57, 71], [57, 69], [58, 59], [59, 74], [59, 62], [61, 68], [61, 91], [62, 63], [63, 66], [64, 65], [65, 88], [65, 102], [66, 67], [67, 27], [67, 84], [68, 106], [70, 32], [70, 55], [71, 94], [72, 48], [73, 76], [74, 89], [76, 82], [83, 109], [83, 72], [84, 97], [86, 93], [88, 24], [88, 104], [89, 92], [92, 34], [92, 28], [94, 95], [97, 98], [99, 100], [100, 101], [101, 103], [102, 111], [104, 108], [106, 107], [108, 50], [109, 112], [110, 77], [110, 80], [112, 113], [113, 114]], "features": {"1": "1", "2": "2", "4": "2", "3": "3", "6": "2", "10": "2", "5": "2", "7": "2", "9": "2", "8": "2", "15": "2", "12": "2", "16": "3", "13": "3", "17": "2", "26": "2", "33": "3", "20": "2", "22": "2", "18": "2", "83": "3", "19": "2", "25": "2", "23": "3", "40": "1", "44": "2", "31": "2", "27": "2", "47": "2", "58": "2", "32": "2", "43": "2", "53": "2", "36": "3", "34": "2", "35": "3", "99": "2", "51": "2", "60": "1", "73": "2", "37": "2", "39": "2", "110": "3", "45": "1", "70": "3", "86": "2", "48": "2", "49": "3", "78": "1", "50": "2", "54": "1", "56": "2", "64": "2", "55": "2", "61": "3", "57": "3", "71": "2", "69": "1", "59": "3", "74": "2", "62": "2", "68": "2", "91": "1", "63": "2", "66": "2", "65": "3", "88": "3", "102": "2", "67": "3", "84": "2", "106": "2", "94": "2", "72": "2", "76": "2", "89": "2", "82": "1", "109": "2", "97": "2", "93": "1", "24": "1", "104": "2", "92": "3", "28": "1", "95": "1", "98": "1", "100": "2", "101": "2", "103": "1", "111": "1", "108": "2", "107": "1", "112": "2", "77": "1", "80": "1", "113": "2", "114": "1"}}