{"edges": [[1, 2], [2, 3], [3, 10], [3, 58], [4, 8], [5, 20], [7, 48], [7, 5], [8, 74], [8, 9], [9, 13], [10, 15], [11, 12], [12, 4], [13, 101], [13, 24], [14, 17], [15, 26], [16, 25], [17, 88], [17, 106], [18, 32], [18, 11], [19, 83], [19, 76], [20, 21], [21, 31], [21, 112], [22, 34], [22, 108], [23, 28], [24, 30], [25, 19], [26, 33], [28, 29], [29, 38], [30, 7], [31, 37], [32, 46], [32, 89], [33, 18], [33, 86], [34, 40], [37, 39], [38, 42], [38, 109], [39, 59], [40, 53], [41, 42], [42, 47], [43, 110], [44, 52], [45, 44], [45, 78], [46, 50], [47, 99], [47, 65], [48, 56], [50, 16], [52, 14], [53, 116], [56, 79], [57, 80], [57, 73], [58, 71], [59, 45], [60, 72], [61, 66], [62, 63], [63, 98], [63, 115], [65, 62], [66, 49], [66, 43], [67, 97], [67, 81], [71, 68], [71, 23], [72, 114], [73, 87], [76, 77], [83, 57], [85, 103], [85, 92], [86, 94], [87, 85], [88, 91], [90, 95], [91, 100], [92, 22], [94, 61], [95, 67], [98, 90], [98, 104], [101, 55], [106, 113], [112, 60], [113, 96], [115, 75]], "features": {"1": "1", "2": "2", "3": "3", "10": "2", "58": "2", "4": "2", "8": "3", "5": "2", "20": "2", "7": "3", "48": "2", "74": "1", "9": "2", "13": "3", "15": "2", "11": "2", "12": "2", "101": "2", "24": "2", "14": "2", "17": "3", "26": "2", "16": "2", "25": "2", "88": "2", "106": "2", "18": "3", "32": "3", "19": "3", "83": "2", "76": "2", "21": "3", "31": "2", "112": "2", "22": "3", "34": "2", "108": "1", "23": "2", "28": "2", "30": "2", "33": "3", "29": "2", "38": "3", "37": "2", "46": "2", "89": "1", "86": "2", "40": "2", "39": "2", "42": "3", "109": "1", "59": "2", "53": "2", "41": "1", "47": "3", "43": "2", "110": "1", "44": "2", "52": "2", "45": "3", "78": "1", "50": "2", "99": "1", "65": "2", "56": "2", "116": "1", "79": "1", "57": "3", "80": "1", "73": "2", "71": "3", "60": "2", "72": "2", "61": "2", "66": "3", "62": "2", "63": "3", "98": "3", "115": "2", "49": "1", "67": "3", "97": "1", "81": "1", "68": "1", "114": "1", "87": "2", "77": "1", "85": "3", "103": "1", "92": "2", "94": "2", "91": "2", "90": "2", "95": "2", "100": "1", "104": "1", "55": "1", "113": "2", "96": "1", "75": "1"}}