{"edges": [[1, 2], [2, 3], [3, 6], [4, 51], [4, 7], [6, 10], [6, 8], [7, 12], [8, 56], [8, 16], [10, 11], [11, 42], [12, 21], [12, 104], [13, 76], [14, 20], [16, 17], [17, 4], [17, 80], [19, 22], [20, 63], [20, 87], [21, 99], [24, 28], [25, 108], [26, 30], [28, 34], [29, 94], [31, 35], [32, 33], [33, 68], [36, 31], [38, 39], [39, 93], [39, 48], [42, 46], [43, 14], [44, 47], [46, 62], [46, 25], [48, 52], [49, 57], [49, 59], [51, 55], [52, 79], [55, 85], [56, 60], [57, 58], [59, 69], [59, 71], [60, 23], [60, 65], [61, 66], [62, 44], [62, 106], [63, 90], [63, 36], [65, 67], [67, 38], [68, 70], [69, 110], [70, 73], [70, 88], [71, 50], [72, 74], [73, 111], [74, 75], [76, 103], [76, 40], [77, 19], [78, 82], [79, 57], [79, 59], [80, 81], [81, 32], [81, 5], [82, 24], [85, 86], [86, 43], [86, 13], [87, 102], [88, 92], [90, 95], [92, 26], [93, 96], [94, 98], [96, 97], [97, 72], [97, 49], [99, 100], [100, 78], [100, 77], [101, 89], [102, 107], [103, 105], [104, 61], [104, 29], [105, 101], [108, 109]], "features": {"1": "1", "2": "2", "3": "2", "6": "3", "4": "3", "51": "2", "7": "2", "10": "2", "8": "3", "12": "3", "56": "2", "16": "2", "11": "2", "42": "2", "21": "2", "104": "3", "13": "2", "76": "3", "14": "2", "20": "3", "17": "3", "80": "2", "19": "2", "22": "1", "63": "3", "87": "2", "99": "2", "24": "2", "28": "2", "25": "2", "108": "2", "26": "2", "30": "1", "34": "1", "29": "2", "94": "2", "31": "2", "35": "1", "32": "2", "33": "2", "68": "2", "36": "2", "38": "2", "39": "3", "93": "2", "48": "2", "46": "3", "43": "2", "44": "2", "47": "1", "62": "3", "52": "2", "49": "3", "57": "3", "59": "4", "55": "2", "79": "3", "85": "2", "60": "3", "58": "1", "69": "2", "71": "2", "23": "1", "65": "2", "61": "2", "66": "1", "106": "1", "90": "2", "67": "2", "70": "3", "110": "1", "73": "2", "88": "2", "50": "1", "72": "2", "74": "2", "111": "1", "75": "1", "103": "2", "40": "1", "77": "2", "78": "2", "82": "2", "81": "3", "5": "1", "86": "3", "102": "2", "92": "2", "95": "1", "96": "2", "98": "1", "97": "3", "100": "3", "101": "2", "89": "1", "107": "1", "105": "2", "109": "1"}}