{"edges": [[1, 3], [3, 7], [4, 33], [4, 38], [5, 8], [5, 10], [6, 16], [6, 20], [7, 5], [7, 12], [8, 6], [10, 11], [11, 44], [12, 13], [13, 35], [14, 40], [14, 32], [16, 29], [18, 19], [19, 15], [20, 31], [22, 45], [22, 48], [25, 18], [26, 27], [27, 39], [28, 22], [29, 50], [30, 34], [31, 74], [31, 114], [32, 42], [33, 36], [35, 4], [35, 14], [35, 28], [36, 56], [36, 55], [38, 21], [40, 41], [41, 77], [42, 30], [43, 46], [44, 25], [44, 110], [45, 51], [46, 117], [46, 75], [47, 64], [47, 102], [48, 43], [50, 54], [50, 52], [51, 47], [52, 53], [53, 59], [54, 58], [55, 82], [56, 57], [57, 63], [58, 71], [58, 67], [60, 61], [61, 66], [62, 93], [62, 101], [64, 65], [65, 60], [67, 35], [71, 84], [71, 83], [72, 87], [74, 76], [75, 62], [77, 78], [78, 79], [79, 80], [80, 86], [80, 92], [82, 77], [82, 72], [84, 90], [87, 97], [90, 95], [92, 94], [93, 88], [94, 99], [95, 103], [95, 108], [97, 98], [101, 91], [101, 104], [103, 107], [106, 111], [107, 68], [107, 112], [108, 113], [110, 116], [111, 115], [112, 118], [113, 26], [113, 106], [116, 81]], "features": {"1": "1", "3": "2", "7": "3", "4": "3", "33": "2", "38": "2", "5": "3", "8": "2", "10": "2", "6": "3", "16": "2", "20": "2", "12": "2", "11": "2", "44": "3", "13": "2", "35": "5", "14": "3", "40": "2", "32": "2", "29": "2", "18": "2", "19": "2", "15": "1", "31": "3", "22": "3", "45": "2", "48": "2", "25": "2", "26": "2", "27": "2", "39": "1", "28": "2", "50": "3", "30": "2", "34": "1", "74": "2", "114": "1", "42": "2", "36": "3", "56": "2", "55": "2", "21": "1", "41": "2", "77": "3", "43": "2", "46": "3", "110": "2", "51": "2", "117": "1", "75": "2", "47": "3", "64": "2", "102": "1", "54": "2", "52": "2", "53": "2", "59": "1", "58": "3", "82": "3", "57": "2", "63": "1", "71": "3", "67": "2", "60": "2", "61": "2", "66": "1", "62": "3", "93": "2", "101": "3", "65": "2", "84": "2", "83": "1", "72": "2", "87": "2", "76": "1", "78": "2", "79": "2", "80": "3", "86": "1", "92": "2", "90": "2", "97": "2", "95": "3", "94": "2", "88": "1", "99": "1", "103": "2", "108": "2", "98": "1", "91": "1", "104": "1", "107": "3", "106": "2", "111": "2", "68": "1", "112": "2", "113": "3", "116": "2", "115": "1", "118": "1", "81": "1"}}