{"edges": [[1, 2], [2, 3], [3, 6], [3, 12], [4, 8], [5, 10], [6, 115], [7, 55], [8, 102], [10, 11], [11, 101], [11, 13], [12, 109], [13, 28], [14, 105], [16, 33], [16, 44], [17, 25], [17, 39], [19, 30], [19, 22], [19, 24], [20, 16], [20, 40], [22, 23], [25, 32], [27, 50], [28, 36], [28, 17], [29, 27], [29, 38], [32, 20], [30, 29], [33, 42], [34, 35], [36, 37], [37, 19], [38, 48], [39, 14], [40, 41], [41, 43], [41, 62], [42, 56], [42, 54], [46, 63], [47, 78], [47, 73], [51, 70], [52, 53], [53, 98], [53, 80], [55, 59], [56, 57], [57, 100], [57, 75], [59, 85], [59, 99], [60, 61], [61, 66], [63, 65], [66, 89], [67, 71], [67, 77], [68, 117], [71, 76], [73, 84], [75, 118], [76, 93], [77, 47], [78, 116], [78, 60], [81, 96], [82, 74], [90, 83], [91, 52], [91, 7], [92, 106], [92, 46], [93, 112], [93, 81], [95, 113], [97, 92], [97, 86], [98, 72], [98, 82], [101, 110], [101, 90], [102, 91], [104, 67], [106, 107], [107, 68], [109, 104], [109, 4], [110, 114], [111, 97], [113, 51], [113, 34], [114, 87], [114, 95], [115, 5], [115, 111]], "features": {"1": "1", "2": "2", "3": "3", "6": "2", "12": "2", "4": "2", "8": "2", "5": "2", "10": "2", "115": "3", "7": "2", "55": "2", "102": "2", "11": "3", "101": "3", "13": "2", "109": "3", "28": "3", "14": "2", "105": "1", "16": "3", "33": "2", "44": "1", "17": "3", "25": "2", "39": "2", "19": "4", "30": "2", "22": "2", "24": "1", "20": "3", "40": "2", "23": "1", "32": "2", "27": "2", "50": "1", "36": "2", "29": "3", "38": "2", "42": "3", "34": "2", "35": "1", "37": "2", "48": "1", "41": "3", "43": "1", "62": "1", "56": "2", "54": "1", "46": "2", "63": "2", "47": "3", "78": "3", "73": "2", "51": "2", "70": "1", "52": "2", "53": "3", "98": "3", "80": "1", "59": "3", "57": "3", "100": "1", "75": "2", "85": "1", "99": "1", "60": "2", "61": "2", "66": "2", "65": "1", "89": "1", "67": "3", "71": "2", "77": "2", "68": "2", "117": "1", "76": "2", "84": "1", "118": "1", "93": "3", "116": "1", "81": "2", "96": "1", "82": "2", "74": "1", "90": "2", "83": "1", "91": "3", "92": "3", "106": "2", "112": "1", "95": "2", "113": "3", "97": "3", "86": "1", "72": "1", "110": "2", "104": "2", "107": "2", "114": "3", "111": "2", "87": "1"}}