{"edges": [[1, 3], [3, 9], [4, 99], [6, 27], [6, 94], [7, 60], [9, 12], [9, 17], [10, 71], [11, 62], [11, 100], [12, 15], [12, 25], [14, 23], [15, 7], [17, 28], [18, 4], [18, 64], [19, 20], [20, 114], [25, 38], [25, 74], [28, 72], [28, 47], [29, 52], [30, 31], [31, 101], [31, 68], [34, 40], [35, 37], [35, 105], [37, 41], [38, 39], [39, 51], [40, 90], [40, 110], [41, 48], [44, 50], [47, 57], [48, 54], [50, 55], [50, 10], [51, 76], [52, 93], [52, 43], [55, 29], [55, 75], [57, 11], [57, 80], [58, 69], [59, 14], [59, 89], [62, 44], [63, 83], [64, 65], [65, 19], [65, 79], [66, 67], [67, 34], [68, 88], [71, 33], [72, 82], [73, 85], [74, 95], [74, 78], [75, 87], [76, 24], [78, 35], [79, 92], [80, 30], [81, 59], [82, 81], [83, 58], [86, 98], [89, 115], [93, 104], [95, 97], [97, 66], [97, 108], [99, 106], [100, 109], [101, 18], [104, 6], [104, 73], [105, 112], [106, 118], [110, 111], [111, 63], [111, 116], [112, 46], [114, 117], [115, 103], [115, 86], [116, 45], [117, 77]], "features": {"1": "1", "3": "2", "9": "3", "4": "2", "99": "2", "6": "3", "27": "1", "94": "1", "7": "2", "60": "1", "12": "3", "17": "2", "10": "2", "71": "2", "11": "3", "62": "2", "100": "2", "15": "2", "25": "3", "14": "2", "23": "1", "28": "3", "18": "3", "64": "2", "19": "2", "20": "2", "114": "2", "38": "2", "74": "3", "72": "2", "47": "2", "29": "2", "52": "3", "30": "2", "31": "3", "101": "2", "68": "2", "34": "2", "40": "3", "35": "3", "37": "2", "105": "2", "41": "2", "39": "2", "51": "2", "90": "1", "110": "2", "48": "2", "44": "2", "50": "3", "57": "3", "54": "1", "55": "3", "76": "2", "93": "2", "43": "1", "75": "2", "80": "2", "58": "2", "69": "1", "59": "3", "89": "2", "63": "2", "83": "2", "65": "3", "79": "2", "66": "2", "67": "2", "88": "1", "33": "1", "82": "2", "73": "2", "85": "1", "95": "2", "78": "2", "87": "1", "24": "1", "92": "1", "81": "2", "86": "2", "98": "1", "115": "3", "104": "3", "97": "3", "108": "1", "106": "2", "109": "1", "112": "2", "118": "1", "111": "3", "116": "2", "46": "1", "117": "2", "103": "1", "45": "1", "77": "1"}}