{"edges": [[1, 2], [2, 4], [4, 5], [5, 9], [5, 11], [6, 36], [7, 21], [9, 15], [9, 20], [10, 18], [11, 12], [12, 13], [13, 14], [13, 7], [13, 25], [13, 28], [14, 25], [14, 7], [14, 28], [15, 16], [16, 17], [17, 10], [18, 22], [18, 26], [20, 6], [21, 33], [21, 29], [22, 39], [22, 44], [25, 27], [26, 46], [26, 51], [27, 32], [28, 30], [30, 34], [32, 40], [32, 37], [33, 60], [34, 35], [35, 84], [35, 94], [36, 71], [37, 42], [39, 43], [40, 41], [41, 50], [42, 47], [42, 49], [43, 54], [44, 45], [46, 62], [46, 58], [49, 65], [49, 59], [50, 56], [50, 55], [51, 69], [52, 100], [56, 68], [59, 97], [60, 61], [61, 76], [61, 70], [62, 63], [63, 64], [64, 75], [65, 83], [69, 93], [70, 77], [70, 79], [71, 72], [72, 73], [73, 74], [74, 89], [74, 95], [74, 78], [76, 91], [76, 96], [77, 88], [79, 80], [80, 81], [81, 82], [82, 86], [82, 90], [83, 111], [83, 114], [84, 85], [85, 98], [88, 109], [90, 115], [93, 53], [94, 101], [95, 105], [96, 66], [96, 52], [98, 106], [100, 107], [101, 103], [103, 110], [103, 104], [104, 108], [111, 112], [112, 113], [114, 116]], "features": {"1": "1", "2": "2", "4": "2", "5": "3", "9": "3", "11": "2", "6": "2", "36": "2", "7": "3", "21": "3", "15": "2", "20": "2", "10": "2", "18": "3", "12": "2", "13": "5", "14": "4", "25": "3", "28": "3", "16": "2", "17": "2", "22": "3", "26": "3", "33": "2", "29": "1", "39": "2", "44": "2", "27": "2", "46": "3", "51": "2", "32": "3", "30": "2", "34": "2", "40": "2", "37": "2", "60": "2", "35": "3", "84": "2", "94": "2", "71": "2", "42": "3", "43": "2", "41": "2", "50": "3", "47": "1", "49": "3", "54": "1", "45": "1", "62": "2", "58": "1", "65": "2", "59": "2", "56": "2", "55": "1", "69": "2", "52": "2", "100": "2", "68": "1", "97": "1", "61": "3", "76": "3", "70": "3", "63": "2", "64": "2", "75": "1", "83": "3", "93": "2", "77": "2", "79": "2", "72": "2", "73": "2", "74": "4", "89": "1", "95": "2", "78": "1", "91": "1", "96": "3", "88": "2", "80": "2", "81": "2", "82": "3", "86": "1", "90": "2", "111": "2", "114": "2", "85": "2", "98": "2", "109": "1", "115": "1", "53": "1", "101": "2", "105": "1", "66": "1", "106": "1", "107": "1", "103": "3", "110": "1", "104": "2", "108": "1", "112": "2", "113": "1", "116": "1"}}