{"edges": [[1, 3], [3, 4], [4, 10], [6, 7], [7, 55], [7, 21], [9, 103], [10, 11], [11, 12], [11, 16], [11, 6], [12, 13], [13, 18], [14, 15], [15, 51], [15, 30], [16, 38], [16, 76], [18, 88], [18, 79], [19, 20], [2, 112], [20, 64], [21, 24], [22, 12], [24, 26], [25, 100], [25, 77], [26, 33], [26, 14], [26, 69], [28, 36], [28, 97], [30, 54], [30, 42], [31, 47], [32, 65], [33, 35], [35, 80], [35, 9], [36, 26], [37, 16], [38, 39], [39, 28], [40, 22], [40, 83], [42, 16], [43, 46], [43, 81], [44, 45], [45, 37], [45, 90], [46, 106], [47, 49], [49, 60], [49, 70], [51, 53], [53, 47], [54, 44], [55, 109], [55, 67], [56, 63], [58, 70], [58, 63], [58, 108], [60, 61], [61, 62], [62, 25], [63, 82], [64, 91], [66, 43], [67, 103], [69, 73], [72, 74], [73, 85], [73, 50], [74, 75], [75, 5], [75, 66], [77, 96], [79, 92], [80, 72], [81, 8], [82, 89], [84, 6], [85, 47], [86, 93], [88, 31], [88, 56], [89, 86], [89, 114], [90, 23], [92, 57], [92, 88], [93, 98], [93, 32], [94, 95], [95, 58], [96, 104], [97, 103], [100, 101], [101, 16], [103, 105], [103, 19], [104, 111], [104, 84], [105, 94], [105, 29], [106, 58], [108, 82], [109, 113], [112, 69], [113, 58], [113, 40]], "features": {"1": "1", "3": "2", "4": "2", "10": "2", "6": "3", "7": "3", "55": "3", "21": "2", "9": "2", "103": "5", "11": "4", "12": "3", "16": "6", "13": "2", "18": "3", "14": "2", "15": "3", "51": "2", "30": "3", "38": "2", "76": "1", "88": "4", "79": "2", "19": "2", "20": "2", "2": "1", "112": "2", "64": "2", "24": "2", "22": "2", "26": "5", "25": "3", "100": "2", "77": "2", "33": "2", "69": "3", "28": "3", "36": "2", "97": "2", "54": "2", "42": "2", "31": "2", "47": "4", "32": "2", "65": "1", "35": "3", "80": "2", "37": "2", "39": "2", "40": "3", "83": "1", "43": "3", "46": "2", "81": "2", "44": "2", "45": "3", "90": "2", "106": "2", "49": "3", "60": "2", "70": "2", "53": "2", "109": "2", "67": "2", "56": "2", "63": "3", "58": "6", "108": "2", "61": "2", "62": "2", "82": "3", "91": "1", "66": "2", "73": "3", "72": "2", "74": "2", "85": "2", "50": "1", "75": "3", "5": "1", "96": "2", "92": "3", "8": "1", "89": "3", "84": "2", "86": "2", "93": "3", "114": "1", "23": "1", "57": "1", "98": "1", "94": "2", "95": "2", "104": "3", "101": "2", "105": "3", "111": "1", "29": "1", "113": "3"}}