{"edges": [[1, 2], [2, 7], [4, 5], [5, 28], [5, 22], [6, 8], [6, 55], [7, 11], [8, 14], [8, 29], [11, 15], [12, 13], [13, 39], [13, 17], [15, 6], [15, 12], [16, 42], [17, 37], [17, 91], [18, 4], [19, 20], [20, 21], [21, 24], [23, 26], [24, 32], [24, 52], [25, 34], [28, 25], [28, 19], [29, 50], [29, 36], [32, 33], [33, 41], [33, 31], [36, 40], [37, 47], [39, 18], [39, 16], [40, 49], [41, 45], [42, 44], [42, 89], [47, 83], [47, 94], [48, 81], [48, 68], [49, 54], [49, 73], [54, 23], [54, 59], [55, 60], [56, 57], [57, 69], [57, 64], [58, 65], [59, 63], [60, 56], [60, 82], [64, 67], [65, 79], [67, 96], [67, 84], [68, 78], [69, 71], [71, 72], [72, 77], [72, 48], [73, 74], [74, 58], [74, 51], [76, 107], [76, 93], [78, 86], [78, 85], [82, 42], [83, 88], [83, 110], [88, 76], [88, 92], [91, 95], [92, 102], [93, 101], [93, 97], [95, 100], [95, 111], [99, 104], [99, 108], [100, 112], [102, 98], [102, 105], [104, 109], [104, 114], [112, 115], [112, 99]], "features": {"1": "1", "2": "2", "7": "2", "4": "2", "5": "3", "28": "3", "22": "1", "6": "3", "8": "3", "55": "2", "11": "2", "14": "1", "29": "3", "15": "3", "12": "2", "13": "3", "39": "3", "17": "3", "16": "2", "42": "4", "37": "2", "91": "2", "18": "2", "19": "2", "20": "2", "21": "2", "24": "3", "23": "2", "26": "1", "32": "2", "52": "1", "25": "2", "34": "1", "50": "1", "36": "2", "33": "3", "41": "2", "31": "1", "40": "2", "47": "3", "49": "3", "45": "1", "44": "1", "89": "1", "83": "3", "94": "1", "48": "3", "81": "1", "68": "2", "54": "3", "73": "2", "59": "2", "60": "3", "56": "2", "57": "3", "69": "2", "64": "2", "58": "2", "65": "2", "63": "1", "82": "2", "67": "3", "79": "1", "96": "1", "84": "1", "78": "3", "71": "2", "72": "3", "77": "1", "74": "3", "51": "1", "76": "3", "107": "1", "93": "3", "86": "1", "85": "1", "88": "3", "110": "1", "92": "2", "95": "3", "102": "3", "101": "1", "97": "1", "100": "2", "111": "1", "99": "3", "104": "3", "108": "1", "112": "3", "98": "1", "105": "1", "109": "1", "114": "1", "115": "1"}}