{"edges": [[1, 2], [2, 5], [3, 67], [5, 7], [6, 110], [7, 30], [7, 54], [8, 9], [9, 12], [9, 3], [10, 63], [11, 15], [12, 13], [13, 49], [13, 72], [15, 79], [15, 38], [16, 17], [17, 82], [18, 25], [19, 46], [20, 16], [20, 85], [22, 28], [23, 24], [24, 97], [25, 32], [25, 71], [28, 105], [28, 20], [29, 33], [30, 31], [31, 44], [32, 35], [33, 70], [35, 104], [36, 42], [37, 43], [38, 40], [39, 47], [40, 99], [42, 80], [43, 50], [43, 90], [44, 45], [45, 18], [46, 37], [47, 29], [49, 61], [50, 52], [51, 60], [52, 10], [54, 55], [55, 87], [56, 11], [56, 51], [57, 65], [58, 64], [61, 76], [62, 68], [63, 69], [64, 94], [67, 73], [68, 6], [69, 22], [69, 56], [70, 74], [71, 8], [73, 102], [76, 81], [77, 106], [79, 86], [80, 88], [81, 93], [81, 96], [82, 83], [83, 77], [83, 39], [87, 95], [88, 23], [88, 62], [90, 91], [91, 26], [93, 19], [93, 36], [94, 101], [96, 111], [97, 58], [97, 98], [98, 107], [104, 108], [105, 113], [107, 57]], "features": {"1": "1", "2": "2", "5": "2", "3": "2", "67": "2", "7": "3", "6": "2", "110": "1", "30": "2", "54": "2", "8": "2", "9": "3", "12": "2", "10": "2", "63": "2", "11": "2", "15": "3", "13": "3", "49": "2", "72": "1", "79": "2", "38": "2", "16": "2", "17": "2", "82": "2", "18": "2", "25": "3", "19": "2", "46": "2", "20": "3", "85": "1", "22": "2", "28": "3", "23": "2", "24": "2", "97": "3", "32": "2", "71": "2", "105": "2", "29": "2", "33": "2", "31": "2", "44": "2", "35": "2", "70": "2", "104": "2", "36": "2", "42": "2", "37": "2", "43": "3", "40": "2", "39": "2", "47": "2", "99": "1", "80": "2", "50": "2", "90": "2", "45": "2", "61": "2", "52": "2", "51": "2", "60": "1", "55": "2", "87": "2", "56": "3", "57": "2", "65": "1", "58": "2", "64": "2", "76": "2", "62": "2", "68": "2", "69": "3", "94": "2", "73": "2", "74": "1", "102": "1", "81": "3", "77": "2", "106": "1", "86": "1", "88": "3", "93": "3", "96": "2", "83": "3", "95": "1", "91": "2", "26": "1", "101": "1", "111": "1", "98": "2", "107": "2", "108": "1", "113": "1"}}