{"edges": [[1, 3], [3, 11], [3, 17], [4, 10], [5, 8], [6, 47], [6, 66], [7, 19], [8, 92], [10, 99], [11, 6], [12, 18], [14, 26], [17, 6], [18, 110], [20, 5], [21, 81], [25, 12], [25, 53], [26, 78], [27, 35], [29, 32], [30, 33], [32, 54], [32, 95], [33, 89], [35, 48], [36, 77], [37, 42], [38, 45], [40, 41], [41, 59], [41, 27], [41, 49], [42, 70], [42, 115], [44, 55], [44, 76], [47, 52], [49, 36], [50, 93], [52, 68], [53, 61], [54, 62], [55, 63], [56, 57], [57, 107], [57, 30], [59, 73], [65, 21], [65, 40], [66, 67], [67, 50], [67, 56], [68, 80], [70, 74], [71, 82], [74, 84], [76, 91], [77, 97], [80, 108], [84, 85], [85, 20], [85, 58], [86, 90], [89, 96], [90, 102], [91, 38], [92, 100], [93, 22], [94, 95], [95, 37], [95, 14], [96, 65], [96, 4], [97, 112], [99, 103], [100, 105], [100, 86], [101, 104], [102, 113], [103, 44], [104, 25], [105, 66], [108, 109], [109, 7], [109, 29], [110, 15], [112, 101], [112, 71]], "features": {"1": "1", "3": "3", "11": "2", "17": "2", "4": "2", "10": "2", "5": "2", "8": "2", "6": "4", "47": "2", "66": "3", "7": "2", "19": "1", "92": "2", "99": "2", "12": "2", "18": "2", "14": "2", "26": "2", "110": "2", "20": "2", "21": "2", "81": "1", "25": "3", "53": "2", "78": "1", "27": "2", "35": "2", "29": "2", "32": "3", "30": "2", "33": "2", "54": "2", "95": "4", "89": "2", "48": "1", "36": "2", "77": "2", "37": "2", "42": "3", "38": "2", "45": "1", "40": "2", "41": "4", "59": "2", "49": "2", "70": "2", "115": "1", "44": "3", "55": "2", "76": "2", "52": "2", "50": "2", "93": "2", "68": "2", "61": "1", "62": "1", "63": "1", "56": "2", "57": "3", "107": "1", "73": "1", "65": "3", "67": "3", "80": "2", "74": "2", "71": "2", "82": "1", "84": "2", "91": "2", "97": "2", "108": "2", "85": "3", "58": "1", "86": "2", "90": "2", "96": "3", "102": "2", "100": "3", "22": "1", "94": "1", "112": "3", "103": "2", "105": "2", "101": "2", "104": "2", "113": "1", "109": "3", "15": "1"}}