{"edges": [[1, 2], [2, 5], [3, 34], [3, 27], [5, 11], [5, 8], [6, 12], [6, 14], [8, 19], [9, 23], [10, 89], [11, 3], [11, 16], [12, 32], [12, 51], [14, 25], [14, 36], [15, 76], [15, 38], [16, 17], [17, 20], [17, 9], [19, 6], [20, 15], [23, 50], [23, 69], [25, 31], [27, 33], [28, 29], [29, 44], [29, 49], [31, 36], [31, 35], [32, 41], [32, 102], [33, 28], [35, 43], [36, 42], [39, 101], [39, 67], [41, 66], [41, 62], [42, 46], [42, 39], [43, 92], [43, 97], [44, 45], [45, 53], [45, 54], [46, 52], [49, 61], [49, 58], [50, 56], [51, 57], [52, 73], [52, 65], [53, 24], [54, 68], [54, 80], [58, 59], [59, 74], [59, 79], [62, 70], [66, 99], [66, 110], [67, 85], [68, 78], [72, 83], [74, 75], [75, 81], [75, 93], [79, 113], [81, 86], [84, 94], [85, 90], [90, 10], [90, 63], [92, 88], [93, 114], [97, 105], [97, 103], [99, 104], [103, 108], [105, 106], [106, 111], [111, 84], [108, 109], [109, 98], [109, 72], [110, 95]], "features": {"1": "1", "2": "2", "5": "3", "3": "3", "34": "1", "27": "2", "11": "3", "8": "2", "6": "3", "12": "3", "14": "3", "19": "2", "9": "2", "23": "3", "10": "2", "89": "1", "16": "2", "32": "3", "51": "2", "25": "2", "36": "3", "15": "3", "76": "1", "38": "1", "17": "3", "20": "2", "50": "2", "69": "1", "31": "3", "33": "2", "28": "2", "29": "3", "44": "2", "49": "3", "35": "2", "41": "3", "102": "1", "43": "3", "42": "3", "39": "3", "101": "1", "67": "2", "66": "3", "62": "2", "46": "2", "92": "2", "97": "3", "45": "3", "53": "2", "54": "3", "52": "3", "61": "1", "58": "2", "56": "1", "57": "1", "73": "1", "65": "1", "24": "1", "68": "2", "80": "1", "59": "3", "74": "2", "79": "2", "70": "1", "99": "2", "110": "2", "85": "2", "78": "1", "72": "2", "83": "1", "75": "3", "81": "2", "93": "2", "113": "1", "86": "1", "84": "2", "94": "1", "90": "3", "63": "1", "88": "1", "114": "1", "105": "2", "103": "2", "104": "1", "108": "2", "106": "2", "111": "2", "109": "3", "98": "1", "95": "1"}}