{"edges": [[1, 2], [2, 3], [3, 8], [4, 14], [6, 63], [7, 9], [8, 12], [8, 4], [9, 44], [9, 13], [9, 34], [11, 57], [12, 17], [14, 15], [15, 26], [16, 11], [17, 18], [18, 20], [20, 24], [20, 25], [21, 40], [23, 30], [24, 28], [25, 16], [26, 23], [26, 21], [28, 42], [28, 6], [30, 31], [31, 38], [32, 47], [32, 84], [34, 49], [38, 39], [39, 50], [39, 53], [40, 33], [42, 43], [43, 48], [47, 70], [48, 54], [49, 52], [50, 58], [52, 60], [53, 59], [54, 55], [55, 32], [55, 7], [57, 61], [58, 72], [58, 65], [59, 64], [60, 101], [61, 94], [61, 66], [63, 71], [64, 67], [64, 68], [66, 74], [97, 75], [68, 76], [70, 27], [74, 80], [74, 79], [75, 83], [75, 88], [76, 82], [80, 81], [81, 86], [82, 77], [82, 91], [83, 37], [86, 99], [86, 97], [87, 92], [88, 93], [89, 96], [91, 106], [91, 100], [92, 110], [92, 104], [93, 87], [96, 111], [99, 89], [100, 107], [102, 114], [104, 108], [106, 102], [110, 113], [113, 105]], "features": {"1": "1", "2": "2", "3": "2", "8": "3", "4": "2", "14": "2", "6": "2", "63": "2", "7": "2", "9": "4", "12": "2", "44": "1", "13": "1", "34": "2", "11": "2", "57": "2", "17": "2", "15": "2", "26": "3", "16": "2", "18": "2", "20": "3", "24": "2", "25": "2", "21": "2", "40": "2", "23": "2", "30": "2", "28": "3", "42": "2", "31": "2", "38": "2", "32": "3", "47": "2", "84": "1", "49": "2", "39": "3", "50": "2", "53": "2", "33": "1", "43": "2", "48": "2", "70": "2", "54": "2", "52": "2", "58": "3", "60": "2", "59": "2", "55": "3", "61": "3", "72": "1", "65": "1", "64": "3", "101": "1", "94": "1", "66": "2", "71": "1", "67": "1", "68": "2", "74": "3", "97": "2", "75": "3", "76": "2", "27": "1", "80": "2", "79": "1", "83": "2", "88": "2", "82": "3", "81": "2", "86": "3", "77": "1", "91": "3", "37": "1", "99": "2", "87": "2", "92": "3", "93": "2", "89": "2", "96": "2", "106": "2", "100": "2", "110": "2", "104": "2", "111": "1", "107": "1", "102": "2", "114": "1", "108": "1", "113": "2", "105": "1"}}