{"edges": [[1, 4], [2, 3], [3, 9], [3, 38], [4, 108], [4, 2], [6, 7], [7, 11], [7, 97], [9, 6], [12, 21], [12, 58], [15, 12], [15, 19], [18, 24], [19, 26], [21, 37], [26, 20], [26, 35], [27, 30], [27, 32], [30, 41], [31, 93], [32, 39], [35, 25], [35, 27], [36, 52], [38, 46], [38, 51], [39, 59], [39, 62], [41, 13], [41, 31], [42, 43], [43, 36], [44, 64], [45, 50], [46, 54], [46, 42], [48, 49], [49, 45], [50, 33], [50, 70], [51, 108], [52, 48], [52, 66], [55, 61], [57, 63], [58, 29], [58, 93], [60, 72], [60, 55], [61, 16], [61, 44], [63, 77], [63, 117], [64, 73], [66, 67], [67, 85], [67, 57], [68, 78], [68, 74], [69, 96], [69, 90], [70, 60], [72, 64], [75, 80], [75, 84], [77, 68], [79, 91], [79, 69], [80, 10], [81, 112], [81, 92], [82, 79], [84, 111], [86, 98], [87, 95], [90, 23], [90, 86], [91, 104], [91, 110], [95, 99], [95, 107], [96, 75], [96, 118], [97, 15], [97, 18], [99, 105], [100, 101], [101, 106], [102, 109], [104, 116], [105, 100], [106, 114], [108, 81], [108, 102], [109, 115], [109, 88], [115, 82], [115, 87]], "features": {"1": "1", "4": "3", "2": "2", "3": "3", "9": "2", "38": "3", "108": "4", "6": "2", "7": "3", "11": "1", "97": "3", "12": "3", "21": "2", "58": "3", "15": "3", "19": "2", "18": "2", "24": "1", "26": "3", "37": "1", "20": "1", "35": "3", "27": "3", "30": "2", "32": "2", "41": "3", "31": "2", "93": "2", "39": "3", "25": "1", "36": "2", "52": "3", "46": "3", "51": "2", "59": "1", "62": "1", "13": "1", "42": "2", "43": "2", "44": "2", "64": "3", "45": "2", "50": "3", "54": "1", "48": "2", "49": "2", "33": "1", "70": "2", "66": "2", "55": "2", "61": "3", "57": "2", "63": "3", "29": "1", "60": "3", "72": "2", "16": "1", "77": "2", "117": "1", "73": "1", "67": "3", "85": "1", "68": "3", "78": "1", "74": "1", "69": "3", "96": "3", "90": "3", "75": "3", "80": "2", "84": "2", "79": "3", "91": "3", "10": "1", "81": "3", "112": "1", "92": "1", "82": "2", "111": "1", "86": "2", "98": "1", "87": "2", "95": "3", "23": "1", "104": "2", "110": "1", "99": "2", "107": "1", "118": "1", "105": "2", "100": "2", "101": "2", "106": "2", "102": "2", "109": "3", "116": "1", "114": "1", "115": "3", "88": "1"}}