{"edges": [[1, 2], [2, 8], [4, 108], [4, 65], [7, 110], [7, 68], [8, 9], [9, 25], [10, 12], [12, 77], [12, 50], [13, 42], [13, 78], [15, 24], [16, 64], [18, 46], [21, 5], [24, 51], [24, 48], [25, 36], [26, 28], [27, 22], [27, 38], [28, 84], [28, 87], [30, 31], [31, 13], [32, 98], [33, 59], [35, 44], [35, 76], [36, 97], [36, 109], [38, 112], [39, 60], [39, 101], [40, 54], [43, 67], [44, 45], [45, 27], [48, 70], [48, 91], [49, 39], [50, 61], [51, 56], [54, 32], [54, 92], [55, 49], [56, 4], [56, 90], [57, 62], [60, 43], [61, 16], [61, 64], [63, 57], [63, 89], [64, 114], [65, 94], [67, 63], [68, 69], [69, 79], [70, 3], [71, 53], [75, 86], [76, 82], [78, 72], [79, 99], [82, 83], [83, 39], [83, 15], [84, 35], [86, 19], [87, 35], [90, 75], [91, 55], [91, 107], [92, 96], [93, 21], [93, 18], [93, 102], [96, 103], [97, 104], [98, 116], [99, 111], [99, 33], [102, 105], [103, 93], [104, 26], [105, 30], [108, 80], [108, 71], [109, 7], [110, 115], [115, 40], [115, 10]], "features": {"1": "1", "2": "2", "8": "2", "4": "3", "108": "3", "65": "2", "7": "3", "110": "2", "68": "2", "9": "2", "25": "2", "10": "2", "12": "3", "77": "1", "50": "2", "13": "3", "42": "1", "78": "2", "15": "2", "24": "3", "16": "2", "64": "3", "18": "2", "46": "1", "21": "2", "5": "1", "51": "2", "48": "3", "36": "3", "26": "2", "28": "3", "27": "3", "22": "1", "38": "2", "84": "2", "87": "2", "30": "2", "31": "2", "32": "2", "98": "2", "33": "2", "59": "1", "35": "4", "44": "2", "76": "2", "97": "2", "109": "2", "112": "1", "39": "4", "60": "2", "101": "1", "40": "2", "54": "3", "43": "2", "67": "2", "45": "2", "70": "2", "91": "3", "49": "2", "61": "3", "56": "3", "92": "2", "55": "2", "90": "2", "57": "2", "62": "1", "63": "3", "89": "1", "114": "1", "94": "1", "69": "2", "79": "2", "3": "1", "71": "2", "53": "1", "75": "2", "86": "2", "82": "2", "72": "1", "99": "3", "83": "3", "19": "1", "107": "1", "96": "2", "93": "4", "102": "2", "103": "2", "104": "2", "116": "1", "111": "1", "105": "2", "80": "1", "115": "3"}}