{"edges": [[1, 2], [2, 6], [2, 36], [3, 52], [3, 45], [4, 21], [6, 8], [6, 85], [7, 11], [8, 15], [9, 22], [11, 79], [11, 81], [12, 13], [13, 16], [13, 62], [15, 12], [15, 80], [16, 17], [17, 60], [17, 88], [20, 29], [25, 34], [26, 27], [27, 32], [27, 114], [27, 86], [30, 31], [31, 39], [31, 96], [33, 40], [33, 87], [34, 26], [36, 37], [37, 3], [37, 74], [39, 46], [40, 44], [44, 55], [44, 97], [45, 54], [48, 56], [49, 57], [49, 38], [50, 59], [51, 61], [51, 115], [52, 48], [54, 64], [54, 78], [55, 113], [56, 50], [56, 91], [57, 76], [59, 51], [60, 71], [61, 72], [62, 63], [63, 7], [63, 83], [66, 67], [67, 100], [67, 105], [74, 75], [75, 30], [75, 33], [78, 112], [79, 18], [80, 20], [80, 25], [80, 109], [81, 4], [81, 94], [85, 9], [85, 66], [86, 93], [97, 99], [88, 19], [90, 95], [91, 49], [91, 84], [95, 101], [95, 104], [96, 103], [97, 111], [101, 106], [103, 90], [104, 68], [104, 108], [108, 24], [108, 43], [109, 116], [114, 73]], "features": {"1": "1", "2": "3", "6": "3", "36": "2", "3": "3", "52": "2", "45": "2", "4": "2", "21": "1", "8": "2", "85": "3", "7": "2", "11": "3", "15": "3", "9": "2", "22": "1", "79": "2", "81": "3", "12": "2", "13": "3", "16": "2", "62": "2", "80": "4", "17": "3", "60": "2", "88": "2", "20": "2", "29": "1", "25": "2", "34": "2", "26": "2", "27": "4", "32": "1", "114": "2", "86": "2", "30": "2", "31": "3", "39": "2", "96": "2", "33": "3", "40": "2", "87": "1", "37": "3", "74": "2", "46": "1", "44": "3", "55": "2", "97": "3", "54": "3", "48": "2", "56": "3", "49": "3", "57": "2", "38": "1", "50": "2", "59": "2", "51": "3", "61": "2", "115": "1", "64": "1", "78": "2", "113": "1", "91": "3", "76": "1", "71": "1", "72": "1", "63": "3", "83": "1", "66": "2", "67": "3", "100": "1", "105": "1", "75": "3", "112": "1", "18": "1", "109": "2", "94": "1", "93": "1", "99": "1", "19": "1", "90": "2", "95": "3", "84": "1", "101": "2", "104": "3", "103": "2", "111": "1", "106": "1", "68": "1", "108": "3", "24": "1", "43": "1", "116": "1", "73": "1"}}