{"edges": [[1, 2], [2, 5], [3, 36], [4, 67], [5, 9], [5, 87], [7, 16], [7, 80], [8, 35], [9, 14], [10, 25], [11, 88], [14, 7], [15, 18], [16, 102], [17, 84], [18, 26], [18, 23], [20, 34], [21, 40], [22, 30], [23, 38], [25, 83], [26, 3], [26, 32], [27, 47], [28, 29], [29, 33], [29, 35], [30, 41], [32, 46], [33, 86], [35, 39], [38, 43], [39, 12], [40, 56], [41, 27], [41, 44], [43, 89], [44, 50], [45, 4], [45, 28], [46, 45], [47, 51], [47, 70], [48, 76], [50, 54], [50, 58], [51, 63], [53, 64], [54, 55], [55, 59], [55, 66], [58, 17], [58, 71], [59, 20], [61, 74], [61, 65], [64, 61], [64, 81], [65, 77], [66, 72], [66, 75], [67, 79], [68, 73], [70, 111], [71, 60], [71, 99], [73, 8], [74, 68], [75, 48], [77, 98], [79, 82], [80, 22], [81, 100], [81, 108], [82, 21], [82, 10], [83, 93], [84, 104], [86, 91], [87, 15], [88, 95], [89, 92], [91, 105], [91, 101], [92, 53], [92, 96], [93, 11], [93, 109], [94, 112], [100, 106], [106, 94]], "features": {"1": "1", "2": "2", "5": "3", "3": "2", "36": "1", "4": "2", "67": "2", "9": "2", "87": "2", "7": "3", "16": "2", "80": "2", "8": "2", "35": "3", "14": "2", "10": "2", "25": "2", "11": "2", "88": "2", "15": "2", "18": "3", "102": "1", "17": "2", "84": "2", "26": "3", "23": "2", "20": "2", "34": "1", "21": "2", "40": "2", "22": "2", "30": "2", "38": "2", "83": "2", "32": "2", "27": "2", "47": "3", "28": "2", "29": "3", "33": "2", "41": "3", "46": "2", "86": "2", "39": "2", "43": "2", "12": "1", "56": "1", "44": "2", "89": "2", "50": "3", "45": "3", "51": "2", "70": "2", "48": "2", "76": "1", "54": "2", "58": "3", "63": "1", "53": "2", "64": "3", "55": "3", "59": "2", "66": "3", "71": "3", "61": "3", "74": "2", "65": "2", "81": "3", "77": "2", "72": "1", "75": "2", "79": "2", "68": "2", "73": "2", "111": "1", "60": "1", "99": "1", "98": "1", "82": "3", "100": "2", "108": "1", "93": "3", "104": "1", "91": "3", "95": "1", "92": "3", "105": "1", "101": "1", "96": "1", "109": "1", "94": "2", "112": "1", "106": "2"}}