{"edges": [[1, 3], [3, 5], [3, 21], [4, 16], [4, 40], [5, 8], [5, 24], [6, 48], [6, 60], [8, 12], [8, 35], [9, 59], [9, 75], [12, 6], [12, 25], [14, 114], [14, 112], [16, 38], [16, 54], [19, 9], [19, 30], [21, 4], [21, 27], [23, 80], [23, 33], [24, 19], [24, 109], [25, 46], [25, 64], [26, 51], [26, 63], [27, 41], [27, 110], [28, 56], [28, 71], [30, 43], [30, 63], [35, 26], [35, 97], [36, 50], [36, 70], [38, 72], [38, 117], [40, 36], [40, 45], [41, 23], [41, 47], [42, 93], [42, 62], [43, 17], [43, 89], [45, 57], [45, 87], [47, 4], [48, 74], [48, 81], [50, 20], [50, 55], [53, 90], [53, 106], [54, 42], [54, 95], [57, 31], [57, 49], [57, 78], [59, 37], [59, 85], [60, 83], [60, 68], [62, 5], [64, 11], [64, 82], [65, 5], [65, 21], [69, 88], [69, 104], [70, 55], [71, 84], [71, 100], [72, 13], [72, 94], [76, 103], [78, 79], [85, 30], [86, 77], [86, 118], [87, 65], [87, 52], [90, 26], [94, 23], [95, 32], [95, 22], [97, 69], [97, 115], [98, 5], [101, 5], [102, 86], [102, 98], [103, 77], [103, 108], [106, 14], [107, 66], [107, 76], [108, 35], [109, 14], [109, 28], [110, 102], [110, 107], [112, 91], [112, 96], [114, 92], [114, 61], [115, 99], [115, 101]], "features": {"1": "1", "3": "3", "5": "7", "21": "4", "4": "4", "16": "3", "40": "3", "8": "3", "24": "3", "6": "3", "48": "3", "60": "3", "12": "3", "35": "4", "9": "3", "59": "3", "75": "1", "25": "3", "14": "4", "114": "3", "112": "3", "38": "3", "54": "3", "19": "3", "30": "4", "27": "3", "23": "4", "80": "1", "33": "1", "109": "3", "46": "1", "64": "3", "26": "4", "51": "1", "63": "2", "41": "3", "110": "3", "28": "3", "56": "1", "71": "3", "43": "3", "97": "3", "36": "3", "50": "3", "70": "2", "72": "3", "117": "1", "45": "3", "47": "2", "42": "3", "93": "1", "62": "2", "17": "1", "89": "1", "57": "4", "87": "3", "74": "1", "81": "1", "20": "1", "55": "2", "53": "2", "90": "2", "106": "2", "95": "3", "31": "1", "49": "1", "78": "2", "37": "1", "85": "2", "83": "1", "68": "1", "11": "1", "82": "1", "65": "3", "69": "3", "88": "1", "104": "1", "84": "1", "100": "1", "13": "1", "94": "2", "76": "2", "103": "3", "79": "1", "86": "3", "77": "2", "118": "1", "52": "1", "32": "1", "22": "1", "115": "3", "98": "2", "101": "2", "102": "3", "108": "2", "107": "3", "66": "1", "91": "1", "96": "1", "92": "1", "61": "1", "99": "1"}}