{"edges": [[1, 2], [2, 21], [3, 28], [6, 100], [6, 13], [7, 12], [9, 32], [11, 19], [12, 94], [12, 109], [13, 81], [14, 9], [16, 60], [16, 91], [17, 49], [18, 29], [18, 14], [19, 22], [21, 25], [22, 33], [22, 51], [23, 86], [23, 117], [24, 73], [25, 91], [25, 31], [25, 60], [26, 112], [28, 34], [29, 46], [31, 6], [33, 107], [33, 62], [34, 98], [36, 58], [37, 18], [40, 85], [40, 70], [46, 47], [47, 24], [47, 76], [48, 103], [48, 39], [49, 54], [51, 57], [52, 77], [53, 92], [58, 8], [58, 104], [60, 67], [60, 96], [66, 48], [68, 23], [68, 17], [70, 71], [71, 111], [73, 40], [73, 11], [74, 82], [75, 68], [76, 53], [77, 78], [78, 59], [80, 102], [80, 43], [81, 36], [81, 65], [82, 93], [82, 4], [82, 108], [84, 80], [88, 89], [89, 46], [91, 88], [91, 37], [92, 111], [93, 114], [93, 41], [94, 84], [96, 97], [97, 44], [97, 7], [98, 99], [99, 16], [99, 56], [100, 110], [100, 42], [103, 26], [104, 105], [105, 3], [105, 74], [109, 113], [110, 75], [111, 52], [111, 66], [114, 63], [102, 1]], "features": {"1": "2", "2": "2", "21": "2", "3": "2", "28": "2", "6": "3", "100": "3", "13": "2", "7": "2", "12": "3", "9": "2", "32": "1", "11": "2", "19": "2", "94": "2", "109": "2", "81": "3", "14": "2", "16": "3", "60": "4", "91": "4", "17": "2", "49": "2", "18": "3", "29": "2", "22": "3", "25": "4", "33": "3", "51": "2", "23": "3", "86": "1", "117": "1", "24": "2", "73": "3", "31": "2", "26": "2", "112": "1", "34": "2", "46": "3", "107": "1", "62": "1", "98": "2", "36": "2", "58": "3", "37": "2", "40": "3", "85": "1", "70": "2", "47": "3", "76": "2", "48": "3", "103": "2", "39": "1", "54": "1", "57": "1", "52": "2", "77": "2", "53": "2", "92": "2", "8": "1", "104": "2", "67": "1", "96": "2", "66": "2", "68": "3", "71": "2", "111": "4", "74": "2", "82": "4", "75": "2", "78": "2", "59": "1", "80": "3", "102": "2", "43": "1", "65": "1", "93": "3", "4": "1", "108": "1", "84": "2", "88": "2", "89": "2", "114": "2", "41": "1", "97": "3", "44": "1", "99": "3", "56": "1", "110": "2", "42": "1", "105": "3", "113": "1", "63": "1"}}