{"edges": [[1, 2], [2, 8], [4, 9], [5, 21], [5, 47], [7, 31], [8, 10], [9, 103], [9, 14], [10, 36], [10, 13], [13, 5], [14, 44], [15, 22], [15, 46], [16, 99], [19, 23], [21, 61], [23, 67], [23, 26], [26, 42], [27, 49], [28, 29], [29, 90], [30, 11], [31, 89], [34, 107], [35, 53], [36, 4], [38, 86], [39, 92], [39, 83], [40, 15], [44, 45], [45, 19], [45, 28], [46, 33], [47, 52], [47, 82], [50, 51], [51, 58], [51, 98], [52, 34], [52, 73], [53, 70], [55, 69], [56, 74], [57, 76], [58, 59], [59, 65], [60, 24], [61, 50], [61, 75], [62, 72], [64, 57], [64, 106], [65, 27], [65, 60], [67, 78], [68, 62], [69, 41], [72, 95], [73, 93], [75, 84], [79, 55], [79, 85], [81, 94], [82, 39], [83, 16], [84, 56], [85, 96], [86, 40], [86, 81], [87, 79], [89, 18], [90, 7], [90, 35], [91, 101], [92, 108], [98, 104], [101, 110], [103, 38], [104, 68], [104, 87], [106, 111], [107, 64], [107, 91], [108, 30]], "features": {"1": "1", "2": "2", "8": "2", "4": "2", "9": "3", "5": "3", "21": "2", "47": "3", "7": "2", "31": "2", "10": "3", "103": "2", "14": "2", "36": "2", "13": "2", "44": "2", "15": "3", "22": "1", "46": "2", "16": "2", "99": "1", "19": "2", "23": "3", "61": "3", "67": "2", "26": "2", "42": "1", "27": "2", "49": "1", "28": "2", "29": "2", "90": "3", "30": "2", "11": "1", "89": "2", "34": "2", "107": "3", "35": "2", "53": "2", "38": "2", "86": "3", "39": "3", "92": "2", "83": "2", "40": "2", "45": "3", "33": "1", "52": "3", "82": "2", "50": "2", "51": "3", "58": "2", "98": "2", "73": "2", "70": "1", "55": "2", "69": "2", "56": "2", "74": "1", "57": "2", "76": "1", "59": "2", "65": "3", "60": "2", "24": "1", "75": "2", "62": "2", "72": "2", "64": "3", "106": "2", "78": "1", "68": "2", "41": "1", "95": "1", "93": "1", "84": "2", "79": "3", "85": "2", "81": "2", "94": "1", "96": "1", "87": "2", "18": "1", "91": "2", "101": "2", "108": "2", "104": "3", "110": "1", "111": "1"}}