{"edges": [[1, 2], [2, 8], [3, 29], [3, 80], [4, 5], [5, 37], [5, 110], [6, 108], [8, 40], [10, 11], [11, 13], [11, 70], [13, 72], [14, 15], [15, 100], [16, 47], [16, 104], [19, 76], [22, 55], [23, 78], [24, 6], [24, 86], [26, 3], [28, 98], [29, 91], [30, 53], [31, 32], [32, 84], [34, 66], [36, 42], [37, 81], [39, 49], [40, 41], [41, 59], [41, 73], [43, 44], [44, 118], [46, 51], [47, 99], [48, 87], [51, 4], [52, 21], [52, 69], [54, 58], [55, 64], [56, 71], [58, 74], [58, 102], [59, 31], [59, 48], [61, 62], [64, 26], [64, 52], [65, 92], [66, 111], [67, 79], [69, 65], [70, 18], [71, 83], [72, 77], [73, 46], [73, 90], [74, 116], [76, 82], [77, 30], [77, 36], [78, 103], [80, 25], [81, 114], [82, 16], [83, 35], [84, 28], [84, 54], [86, 56], [87, 88], [88, 22], [88, 96], [90, 23], [90, 39], [92, 93], [93, 14], [93, 61], [95, 105], [96, 97], [97, 24], [98, 10], [99, 106], [100, 60], [102, 112], [103, 19], [103, 115], [104, 34], [105, 67], [106, 95], [109, 101], [110, 43], [111, 9], [116, 117], [117, 109]], "features": {"1": "1", "2": "2", "8": "2", "3": "3", "29": "2", "80": "2", "4": "2", "5": "3", "37": "2", "110": "2", "6": "2", "108": "1", "40": "2", "10": "2", "11": "3", "13": "2", "70": "2", "72": "2", "14": "2", "15": "2", "100": "2", "16": "3", "47": "2", "104": "2", "19": "2", "76": "2", "22": "2", "55": "2", "23": "2", "78": "2", "24": "3", "86": "2", "26": "2", "28": "2", "98": "2", "91": "1", "30": "2", "53": "1", "31": "2", "32": "2", "84": "3", "34": "2", "66": "2", "36": "2", "42": "1", "81": "2", "39": "2", "49": "1", "41": "3", "59": "3", "73": "3", "43": "2", "44": "2", "118": "1", "46": "2", "51": "2", "99": "2", "48": "2", "87": "2", "52": "3", "21": "1", "69": "2", "54": "2", "58": "3", "64": "3", "56": "2", "71": "2", "74": "2", "102": "2", "61": "2", "62": "1", "65": "2", "92": "2", "111": "2", "67": "2", "79": "1", "18": "1", "83": "2", "77": "3", "90": "3", "116": "2", "82": "2", "103": "3", "25": "1", "114": "1", "35": "1", "88": "3", "96": "2", "93": "3", "95": "2", "105": "2", "97": "2", "106": "2", "60": "1", "112": "1", "115": "1", "109": "2", "101": "1", "9": "1", "117": "2"}}