{"edges": [[1, 2], [2, 4], [3, 78], [3, 17], [4, 5], [5, 8], [6, 18], [6, 108], [8, 14], [9, 6], [9, 82], [12, 13], [13, 54], [13, 40], [14, 3], [16, 27], [17, 12], [18, 19], [19, 16], [19, 31], [20, 23], [20, 103], [22, 96], [22, 100], [23, 24], [23, 110], [24, 95], [24, 114], [26, 30], [27, 20], [27, 44], [28, 58], [30, 73], [30, 10], [31, 47], [31, 50], [33, 41], [33, 48], [34, 38], [35, 66], [36, 71], [36, 42], [38, 113], [38, 49], [40, 9], [41, 76], [44, 33], [44, 109], [49, 36], [50, 34], [53, 56], [54, 68], [56, 74], [56, 65], [59, 61], [61, 62], [62, 52], [62, 94], [65, 45], [66, 67], [67, 28], [67, 59], [68, 35], [68, 53], [72, 77], [74, 57], [74, 37], [77, 112], [77, 107], [78, 79], [79, 87], [79, 101], [84, 106], [84, 63], [87, 99], [90, 91], [91, 102], [91, 22], [92, 97], [94, 72], [95, 26], [96, 104], [97, 83], [97, 84], [99, 90], [99, 69], [100, 81], [100, 115], [101, 92], [106, 89], [109, 86]], "features": {"1": "1", "2": "2", "4": "2", "3": "3", "78": "2", "17": "2", "5": "2", "8": "2", "6": "3", "18": "2", "108": "1", "14": "2", "9": "3", "82": "1", "12": "2", "13": "3", "54": "2", "40": "2", "16": "2", "27": "3", "19": "3", "31": "3", "20": "3", "23": "3", "103": "1", "22": "3", "96": "2", "100": "3", "24": "3", "110": "1", "95": "2", "114": "1", "26": "2", "30": "3", "44": "3", "28": "2", "58": "1", "73": "1", "10": "1", "47": "1", "50": "2", "33": "3", "41": "2", "48": "1", "34": "2", "38": "3", "35": "2", "66": "2", "36": "3", "71": "1", "42": "1", "113": "1", "49": "2", "76": "1", "109": "2", "53": "2", "56": "3", "68": "3", "74": "3", "65": "2", "59": "2", "61": "2", "62": "3", "52": "1", "94": "2", "45": "1", "67": "3", "72": "2", "77": "3", "57": "1", "37": "1", "112": "1", "107": "1", "79": "3", "87": "2", "101": "2", "84": "3", "106": "2", "63": "1", "99": "3", "90": "2", "91": "3", "102": "1", "92": "2", "97": "3", "104": "1", "83": "1", "69": "1", "81": "1", "115": "1", "89": "1", "86": "1"}}