{"edges": [[1, 2], [2, 3], [3, 6], [4, 14], [6, 12], [8, 9], [9, 16], [11, 15], [12, 13], [13, 4], [14, 8], [14, 19], [15, 31], [15, 29], [16, 24], [19, 11], [20, 25], [21, 26], [22, 34], [24, 44], [24, 20], [25, 28], [26, 45], [28, 21], [28, 22], [29, 41], [31, 76], [33, 74], [33, 62], [34, 52], [34, 40], [35, 115], [36, 37], [37, 33], [39, 102], [40, 46], [41, 42], [42, 43], [43, 82], [45, 54], [46, 36], [48, 49], [49, 59], [49, 61], [50, 56], [52, 7], [54, 48], [54, 50], [55, 60], [56, 57], [57, 67], [59, 75], [60, 66], [61, 68], [62, 63], [63, 78], [64, 18], [66, 109], [67, 72], [68, 69], [69, 106], [69, 107], [71, 80], [72, 55], [72, 51], [73, 81], [74, 64], [75, 108], [76, 89], [78, 86], [79, 92], [79, 105], [80, 90], [82, 79], [83, 96], [84, 97], [84, 100], [84, 93], [86, 73], [87, 94], [89, 83], [90, 91], [91, 39], [91, 99], [92, 87], [93, 113], [94, 30], [96, 101], [96, 71], [99, 114], [101, 84], [106, 112], [107, 110], [110, 35], [114, 103]], "features": {"1": "1", "2": "2", "3": "2", "6": "2", "4": "2", "14": "3", "12": "2", "8": "2", "9": "2", "16": "2", "11": "2", "15": "3", "13": "2", "19": "2", "31": "2", "29": "2", "24": "3", "20": "2", "25": "2", "21": "2", "26": "2", "22": "2", "34": "3", "44": "1", "28": "3", "45": "2", "41": "2", "76": "2", "33": "3", "74": "2", "62": "2", "52": "2", "40": "2", "35": "2", "115": "1", "36": "2", "37": "2", "39": "2", "102": "1", "46": "2", "42": "2", "43": "2", "82": "2", "54": "3", "48": "2", "49": "3", "59": "2", "61": "2", "50": "2", "56": "2", "7": "1", "55": "2", "60": "2", "57": "2", "67": "2", "75": "2", "66": "2", "68": "2", "63": "2", "78": "2", "64": "2", "18": "1", "109": "1", "72": "3", "69": "3", "106": "2", "107": "2", "71": "2", "80": "2", "51": "1", "73": "2", "81": "1", "108": "1", "89": "2", "86": "2", "79": "3", "92": "2", "105": "1", "90": "2", "83": "2", "96": "3", "84": "4", "97": "1", "100": "1", "93": "2", "87": "2", "94": "2", "91": "3", "99": "2", "113": "1", "30": "1", "101": "2", "114": "2", "112": "1", "110": "2", "103": "1"}}