{"edges": [[1, 11], [3, 4], [4, 12], [6, 15], [7, 41], [9, 3], [10, 6], [11, 9], [12, 13], [13, 24], [13, 34], [15, 20], [16, 27], [18, 28], [20, 30], [20, 106], [21, 10], [21, 104], [24, 58], [25, 37], [27, 35], [28, 21], [30, 38], [32, 43], [32, 105], [33, 113], [33, 2], [34, 63], [35, 18], [37, 7], [38, 92], [38, 25], [39, 61], [39, 16], [40, 44], [43, 54], [44, 32], [44, 70], [45, 52], [46, 33], [47, 107], [48, 55], [50, 79], [51, 94], [51, 76], [52, 39], [54, 50], [55, 51], [57, 64], [58, 45], [58, 48], [59, 102], [60, 57], [61, 90], [63, 67], [64, 77], [65, 74], [65, 59], [67, 40], [68, 60], [69, 72], [70, 97], [70, 88], [72, 73], [73, 82], [74, 81], [79, 46], [80, 47], [82, 65], [84, 96], [85, 100], [87, 112], [88, 111], [90, 68], [90, 101], [92, 23], [94, 29], [96, 87], [96, 89], [98, 84], [98, 85], [100, 69], [101, 93], [104, 108], [105, 109], [106, 17], [106, 80], [108, 98], [109, 111]], "features": {"1": "1", "11": "2", "3": "2", "4": "2", "12": "2", "6": "2", "15": "2", "7": "2", "41": "1", "9": "2", "10": "2", "13": "3", "24": "2", "34": "2", "20": "3", "16": "2", "27": "2", "18": "2", "28": "2", "30": "2", "106": "3", "21": "3", "104": "2", "58": "3", "25": "2", "37": "2", "35": "2", "38": "3", "32": "3", "43": "2", "105": "2", "33": "3", "113": "1", "2": "1", "63": "2", "92": "2", "39": "3", "61": "2", "40": "2", "44": "3", "54": "2", "70": "3", "45": "2", "52": "2", "46": "2", "47": "2", "107": "1", "48": "2", "55": "2", "50": "2", "79": "2", "51": "3", "94": "2", "76": "1", "57": "2", "64": "2", "59": "2", "102": "1", "60": "2", "90": "3", "67": "2", "77": "1", "65": "3", "74": "2", "68": "2", "69": "2", "72": "2", "97": "1", "88": "2", "73": "2", "82": "2", "81": "1", "80": "2", "84": "2", "96": "3", "85": "2", "100": "2", "87": "2", "112": "1", "111": "2", "101": "2", "23": "1", "29": "1", "89": "1", "98": "3", "93": "1", "108": "2", "109": "2", "17": "1"}}