{"edges": [[1, 10], [2, 3], [3, 14], [6, 108], [7, 43], [9, 24], [10, 2], [12, 74], [14, 22], [16, 96], [17, 13], [17, 67], [18, 27], [19, 25], [20, 30], [22, 23], [23, 12], [23, 46], [23, 16], [23, 28], [23, 111], [23, 35], [23, 52], [24, 19], [25, 100], [25, 102], [27, 17], [27, 34], [27, 5], [28, 86], [30, 40], [32, 41], [34, 47], [5, 9], [36, 50], [38, 39], [39, 27], [40, 113], [40, 31], [41, 98], [41, 56], [43, 6], [44, 32], [45, 58], [45, 38], [46, 57], [47, 48], [48, 60], [50, 44], [51, 20], [52, 85], [53, 90], [56, 7], [57, 65], [60, 54], [61, 66], [63, 80], [64, 72], [65, 61], [66, 45], [67, 76], [68, 75], [70, 78], [71, 79], [73, 88], [74, 68], [75, 70], [76, 64], [78, 71], [79, 63], [80, 73], [81, 82], [83, 84], [84, 18], [84, 112], [85, 97], [86, 53], [88, 30], [90, 94], [91, 95], [92, 93], [93, 104], [94, 81], [95, 29], [96, 92], [97, 91], [98, 99], [99, 11], [100, 37], [101, 109], [104, 101], [105, 51], [109, 105], [111, 115], [111, 36], [112, 87], [113, 106]], "features": {"1": "1", "10": "2", "2": "2", "3": "2", "14": "2", "6": "2", "108": "1", "7": "2", "43": "2", "9": "2", "24": "2", "12": "2", "74": "2", "22": "2", "16": "2", "96": "2", "17": "3", "13": "1", "67": "2", "18": "2", "27": "5", "19": "2", "25": "3", "20": "2", "30": "3", "23": "8", "46": "2", "28": "2", "111": "3", "35": "1", "52": "2", "100": "2", "102": "1", "34": "2", "5": "2", "86": "2", "40": "3", "32": "2", "41": "3", "47": "2", "36": "2", "50": "2", "38": "2", "39": "2", "113": "2", "31": "1", "98": "2", "56": "2", "44": "2", "45": "3", "58": "1", "57": "2", "48": "2", "60": "2", "51": "2", "85": "2", "53": "2", "90": "2", "65": "2", "54": "1", "61": "2", "66": "2", "63": "2", "80": "2", "64": "2", "72": "1", "76": "2", "68": "2", "75": "2", "70": "2", "78": "2", "71": "2", "79": "2", "73": "2", "88": "2", "81": "2", "82": "1", "83": "1", "84": "3", "112": "2", "97": "2", "94": "2", "91": "2", "95": "2", "92": "2", "93": "2", "104": "2", "29": "1", "99": "2", "11": "1", "37": "1", "101": "2", "109": "2", "105": "2", "115": "1", "87": "1", "106": "1"}}