{"edges": [[1, 2], [2, 8], [3, 11], [4, 9], [4, 86], [6, 61], [7, 17], [7, 23], [8, 4], [9, 76], [9, 12], [11, 14], [12, 16], [14, 18], [16, 3], [16, 112], [17, 24], [18, 19], [19, 6], [19, 26], [20, 7], [22, 29], [23, 33], [24, 34], [24, 56], [27, 97], [29, 13], [31, 47], [33, 40], [34, 35], [35, 22], [35, 48], [36, 44], [39, 46], [40, 30], [40, 31], [41, 103], [42, 88], [46, 53], [46, 36], [50, 39], [50, 54], [53, 41], [54, 94], [56, 74], [57, 37], [60, 72], [61, 50], [61, 20], [62, 43], [64, 65], [65, 70], [66, 92], [67, 42], [67, 83], [70, 106], [70, 60], [71, 78], [71, 90], [74, 75], [75, 59], [76, 55], [76, 71], [78, 79], [79, 67], [80, 81], [81, 66], [81, 87], [84, 85], [85, 51], [86, 91], [86, 107], [87, 27], [87, 95], [90, 84], [91, 80], [92, 64], [92, 98], [94, 69], [97, 57], [98, 99], [99, 108], [100, 105], [100, 110], [106, 62], [107, 100], [110, 102]], "features": {"1": "1", "2": "2", "8": "2", "3": "2", "11": "2", "4": "3", "9": "3", "86": "3", "6": "2", "61": "3", "7": "3", "17": "2", "23": "2", "76": "3", "12": "2", "14": "2", "16": "3", "18": "2", "112": "1", "24": "3", "19": "3", "26": "1", "20": "2", "22": "2", "29": "2", "33": "2", "34": "2", "56": "2", "27": "2", "97": "2", "13": "1", "31": "2", "47": "1", "40": "3", "35": "3", "48": "1", "36": "2", "44": "1", "39": "2", "46": "3", "30": "1", "41": "2", "103": "1", "42": "2", "88": "1", "53": "2", "50": "3", "54": "2", "94": "2", "74": "2", "57": "2", "37": "1", "60": "2", "72": "1", "62": "2", "43": "1", "64": "2", "65": "2", "70": "3", "66": "2", "92": "3", "67": "3", "83": "1", "106": "2", "71": "3", "78": "2", "90": "2", "75": "2", "59": "1", "55": "1", "79": "2", "80": "2", "81": "3", "87": "3", "84": "2", "85": "2", "51": "1", "91": "2", "107": "2", "95": "1", "98": "2", "69": "1", "99": "2", "108": "1", "100": "3", "105": "1", "110": "2", "102": "1"}}