{"edges": [[1, 2], [2, 4], [4, 8], [4, 57], [8, 14], [9, 100], [9, 45], [10, 21], [11, 23], [12, 19], [14, 22], [14, 88], [15, 24], [15, 5], [17, 94], [18, 10], [18, 28], [19, 99], [21, 36], [22, 12], [23, 18], [23, 49], [24, 18], [24, 67], [25, 30], [25, 39], [28, 25], [29, 82], [30, 73], [30, 48], [32, 40], [33, 111], [33, 17], [36, 37], [37, 26], [37, 25], [40, 113], [40, 53], [42, 43], [43, 32], [43, 9], [45, 46], [47, 38], [47, 52], [48, 42], [50, 44], [50, 60], [52, 64], [53, 69], [54, 80], [56, 61], [56, 78], [60, 105], [60, 70], [61, 83], [62, 81], [64, 62], [64, 77], [65, 29], [65, 54], [68, 109], [68, 101], [69, 50], [69, 54], [70, 65], [72, 108], [73, 42], [77, 82], [80, 75], [80, 91], [81, 94], [82, 95], [82, 76], [83, 84], [85, 86], [86, 94], [88, 89], [89, 90], [90, 15], [90, 16], [91, 96], [92, 114], [94, 107], [95, 33], [96, 68], [98, 94], [99, 11], [99, 116], [100, 59], [100, 56], [101, 102], [102, 103], [103, 104], [104, 87], [104, 98], [107, 112], [107, 93], [108, 35], [109, 7], [111, 92], [112, 72], [113, 50], [114, 115], [115, 108]], "features": {"1": "1", "2": "2", "4": "3", "8": "2", "57": "1", "14": "3", "9": "3", "100": "3", "45": "2", "10": "2", "21": "2", "11": "2", "23": "3", "12": "2", "19": "2", "22": "2", "88": "2", "15": "3", "24": "3", "5": "1", "17": "2", "94": "5", "18": "4", "28": "2", "99": "3", "36": "2", "49": "1", "67": "1", "25": "4", "30": "3", "39": "1", "29": "2", "82": "4", "73": "2", "48": "2", "32": "2", "40": "3", "33": "3", "111": "2", "37": "3", "26": "1", "113": "2", "53": "2", "42": "3", "43": "3", "46": "1", "47": "2", "38": "1", "52": "2", "50": "4", "44": "1", "60": "3", "64": "3", "69": "3", "54": "3", "80": "3", "56": "3", "61": "2", "78": "1", "105": "1", "70": "2", "83": "2", "62": "2", "81": "2", "77": "2", "65": "3", "68": "3", "109": "2", "101": "2", "72": "2", "108": "3", "75": "1", "91": "2", "95": "2", "76": "1", "84": "1", "85": "1", "86": "2", "89": "2", "90": "3", "16": "1", "96": "2", "92": "2", "114": "2", "107": "3", "98": "2", "116": "1", "59": "1", "102": "2", "103": "2", "104": "3", "87": "1", "112": "2", "93": "1", "35": "1", "7": "1", "115": "2"}}