{"edges": [[1, 2], [2, 9], [4, 15], [6, 70], [6, 50], [7, 26], [9, 14], [10, 81], [11, 92], [12, 56], [14, 4], [15, 18], [16, 100], [18, 7], [18, 11], [19, 104], [20, 96], [21, 28], [23, 106], [25, 58], [26, 78], [28, 95], [29, 53], [30, 75], [30, 107], [31, 103], [32, 45], [32, 65], [34, 46], [38, 32], [39, 99], [40, 49], [41, 12], [42, 52], [44, 57], [45, 66], [46, 40], [46, 102], [48, 67], [49, 55], [50, 29], [52, 35], [53, 60], [53, 63], [55, 41], [56, 42], [58, 30], [60, 73], [31, 3], [63, 44], [65, 48], [66, 37], [67, 86], [67, 19], [69, 64], [70, 109], [72, 76], [74, 87], [74, 111], [75, 10], [76, 98], [78, 20], [78, 31], [79, 24], [81, 74], [83, 39], [84, 91], [86, 69], [89, 82], [90, 23], [91, 110], [92, 25], [92, 38], [94, 16], [95, 6], [96, 21], [99, 112], [100, 79], [102, 90], [103, 34], [104, 71], [106, 84], [106, 94], [107, 89], [109, 61], [109, 72], [110, 83]], "features": {"1": "1", "2": "2", "9": "2", "4": "2", "15": "2", "6": "3", "70": "2", "50": "2", "7": "2", "26": "2", "14": "2", "10": "2", "81": "2", "11": "2", "92": "3", "12": "2", "56": "2", "18": "3", "16": "2", "100": "2", "19": "2", "104": "2", "20": "2", "96": "2", "21": "2", "28": "2", "23": "2", "106": "3", "25": "2", "58": "2", "78": "3", "95": "2", "29": "2", "53": "3", "30": "3", "75": "2", "107": "2", "31": "3", "103": "2", "32": "3", "45": "2", "65": "2", "34": "2", "46": "3", "38": "2", "39": "2", "99": "2", "40": "2", "49": "2", "41": "2", "42": "2", "52": "2", "44": "2", "57": "1", "66": "2", "102": "2", "48": "2", "67": "3", "55": "2", "35": "1", "60": "2", "63": "2", "73": "1", "3": "1", "37": "1", "86": "2", "69": "2", "64": "1", "109": "3", "72": "2", "76": "2", "74": "3", "87": "1", "111": "1", "98": "1", "79": "2", "24": "1", "83": "2", "84": "2", "91": "2", "89": "2", "82": "1", "90": "2", "110": "2", "94": "2", "112": "1", "71": "1", "61": "1"}}