{"edges": [[1, 8], [2, 6], [3, 50], [5, 25], [6, 21], [6, 31], [8, 9], [9, 2], [10, 105], [12, 52], [13, 35], [15, 64], [16, 17], [17, 58], [20, 47], [21, 5], [23, 111], [24, 95], [25, 59], [28, 76], [29, 44], [29, 72], [30, 38], [30, 65], [31, 55], [33, 96], [34, 10], [35, 23], [36, 89], [38, 67], [39, 97], [39, 86], [40, 83], [41, 88], [42, 92], [44, 74], [44, 102], [47, 12], [49, 20], [49, 42], [50, 4], [52, 56], [53, 85], [54, 41], [55, 33], [56, 45], [56, 90], [56, 53], [58, 18], [59, 80], [60, 61], [61, 71], [63, 30], [64, 34], [65, 39], [67, 68], [68, 3], [68, 81], [69, 78], [71, 29], [73, 98], [76, 107], [77, 24], [80, 63], [81, 101], [83, 48], [84, 13], [84, 60], [85, 26], [88, 36], [89, 84], [92, 93], [93, 40], [95, 104], [96, 110], [98, 109], [99, 108], [101, 28], [103, 49], [104, 54], [105, 99], [105, 69], [107, 73], [108, 112], [109, 103], [110, 16], [110, 77], [111, 15]], "features": {"1": "1", "8": "2", "2": "2", "6": "3", "3": "2", "50": "2", "5": "2", "25": "2", "21": "2", "31": "2", "9": "2", "10": "2", "105": "3", "12": "2", "52": "2", "13": "2", "35": "2", "15": "2", "64": "2", "16": "2", "17": "2", "58": "2", "20": "2", "47": "2", "23": "2", "111": "2", "24": "2", "95": "2", "59": "2", "28": "2", "76": "2", "29": "3", "44": "3", "72": "1", "30": "3", "38": "2", "65": "2", "55": "2", "33": "2", "96": "2", "34": "2", "36": "2", "89": "2", "67": "2", "39": "3", "97": "1", "86": "1", "40": "2", "83": "2", "41": "2", "88": "2", "42": "2", "92": "2", "74": "1", "102": "1", "49": "3", "4": "1", "56": "4", "53": "2", "85": "2", "54": "2", "45": "1", "90": "1", "18": "1", "80": "2", "60": "2", "61": "2", "71": "2", "63": "2", "68": "3", "81": "2", "69": "2", "78": "1", "73": "2", "98": "2", "107": "2", "77": "2", "101": "2", "48": "1", "84": "3", "26": "1", "93": "2", "104": "2", "110": "3", "109": "2", "99": "2", "108": "2", "103": "2", "112": "1"}}