{"edges": [[1, 2], [2, 56], [2, 9], [3, 112], [4, 105], [6, 58], [6, 66], [7, 13], [9, 60], [9, 14], [10, 11], [11, 70], [11, 108], [13, 18], [16, 25], [17, 3], [18, 49], [20, 93], [21, 29], [22, 23], [23, 88], [25, 45], [25, 97], [26, 115], [27, 114], [29, 68], [29, 20], [30, 73], [30, 35], [31, 10], [32, 81], [32, 17], [34, 38], [35, 43], [36, 37], [37, 46], [37, 48], [38, 84], [38, 86], [38, 90], [40, 32], [43, 52], [44, 78], [45, 104], [46, 87], [48, 57], [49, 21], [49, 63], [50, 52], [52, 53], [53, 96], [56, 7], [56, 110], [57, 16], [58, 31], [60, 32], [61, 55], [61, 98], [64, 116], [65, 107], [66, 26], [68, 69], [69, 32], [70, 22], [70, 64], [72, 109], [73, 50], [73, 83], [76, 77], [77, 75], [77, 106], [80, 34], [81, 36], [84, 85], [85, 102], [86, 44], [87, 4], [88, 41], [93, 94], [94, 95], [95, 30], [96, 6], [97, 76], [98, 27], [100, 78], [102, 61], [104, 4], [105, 12], [107, 100], [107, 80], [108, 65], [110, 111], [111, 40], [112, 72]], "features": {"1": "1", "2": "3", "56": "3", "9": "3", "3": "2", "112": "2", "4": "3", "105": "2", "6": "3", "58": "2", "66": "2", "7": "2", "13": "2", "60": "2", "14": "1", "10": "2", "11": "3", "70": "3", "108": "2", "18": "2", "16": "2", "25": "3", "17": "2", "49": "3", "20": "2", "93": "2", "21": "2", "29": "3", "22": "2", "23": "2", "88": "2", "45": "2", "97": "2", "26": "2", "115": "1", "27": "2", "114": "1", "68": "2", "30": "3", "73": "3", "35": "2", "31": "2", "32": "5", "81": "2", "34": "2", "38": "4", "43": "2", "36": "2", "37": "3", "46": "2", "48": "2", "84": "2", "86": "2", "90": "1", "40": "2", "52": "3", "44": "2", "78": "2", "104": "2", "87": "2", "57": "2", "63": "1", "50": "2", "53": "2", "96": "2", "110": "2", "61": "3", "55": "1", "98": "2", "64": "2", "116": "1", "65": "2", "107": "3", "69": "2", "72": "2", "109": "1", "83": "1", "76": "2", "77": "3", "75": "1", "106": "1", "80": "2", "85": "2", "102": "2", "41": "1", "94": "2", "95": "2", "100": "2", "12": "1", "111": "2"}}