{"edges": [[1, 2], [2, 3], [3, 4], [4, 42], [4, 15], [6, 7], [7, 46], [7, 17], [8, 43], [8, 51], [10, 48], [13, 47], [14, 40], [15, 52], [16, 55], [17, 32], [19, 20], [20, 56], [20, 86], [22, 28], [23, 79], [26, 82], [26, 96], [27, 93], [29, 21], [30, 73], [30, 110], [34, 44], [35, 80], [37, 26], [38, 22], [39, 8], [40, 41], [41, 23], [42, 6], [43, 10], [44, 50], [44, 75], [46, 13], [48, 57], [48, 11], [50, 101], [51, 16], [52, 19], [53, 85], [55, 64], [57, 69], [58, 94], [64, 34], [65, 53], [66, 83], [68, 90], [68, 72], [70, 74], [72, 76], [73, 105], [74, 91], [74, 102], [75, 106], [76, 95], [78, 108], [79, 88], [80, 38], [82, 24], [83, 68], [85, 87], [86, 14], [87, 70], [88, 27], [88, 39], [90, 59], [91, 113], [91, 58], [93, 29], [93, 35], [94, 60], [94, 103], [96, 65], [98, 99], [99, 66], [101, 62], [101, 111], [102, 30], [103, 107], [105, 78], [106, 37], [110, 63], [111, 98]], "features": {"1": "1", "2": "2", "3": "2", "4": "3", "42": "2", "15": "2", "6": "2", "7": "3", "46": "2", "17": "2", "8": "3", "43": "2", "51": "2", "10": "2", "48": "3", "13": "2", "47": "1", "14": "2", "40": "2", "52": "2", "16": "2", "55": "2", "32": "1", "19": "2", "20": "3", "56": "1", "86": "2", "22": "2", "28": "1", "23": "2", "79": "2", "26": "3", "82": "2", "96": "2", "27": "2", "93": "3", "29": "2", "21": "1", "30": "3", "73": "2", "110": "2", "34": "2", "44": "3", "35": "2", "80": "2", "37": "2", "38": "2", "39": "2", "41": "2", "50": "2", "75": "2", "57": "2", "11": "1", "101": "3", "53": "2", "85": "2", "64": "2", "69": "1", "58": "2", "94": "3", "65": "2", "66": "2", "83": "2", "68": "3", "90": "2", "72": "2", "70": "2", "74": "3", "76": "2", "105": "2", "91": "3", "102": "2", "106": "2", "95": "1", "78": "2", "108": "1", "88": "3", "24": "1", "87": "2", "59": "1", "113": "1", "60": "1", "103": "2", "98": "2", "99": "2", "62": "1", "111": "2", "107": "1", "63": "1"}}