{"edges": [[1, 2], [2, 3], [3, 9], [4, 85], [6, 48], [7, 50], [7, 108], [9, 40], [9, 51], [10, 11], [11, 27], [12, 14], [15, 19], [18, 33], [20, 35], [22, 23], [23, 80], [25, 41], [27, 47], [28, 29], [29, 87], [30, 83], [32, 75], [34, 15], [35, 53], [36, 52], [38, 117], [39, 25], [40, 94], [41, 12], [41, 63], [43, 112], [44, 103], [45, 97], [46, 93], [47, 39], [47, 78], [48, 105], [50, 118], [53, 98], [56, 4], [56, 44], [57, 17], [57, 101], [58, 113], [60, 43], [61, 84], [63, 73], [64, 70], [65, 96], [67, 45], [68, 69], [69, 32], [69, 58], [70, 111], [71, 79], [73, 88], [74, 82], [75, 55], [77, 65], [78, 30], [79, 77], [80, 28], [82, 6], [83, 38], [84, 64], [84, 74], [85, 18], [85, 71], [87, 100], [89, 67], [91, 24], [94, 104], [97, 56], [98, 57], [100, 116], [100, 36], [101, 114], [103, 46], [104, 61], [104, 91], [105, 7], [105, 22], [108, 109], [109, 60], [111, 10], [111, 34], [112, 62], [113, 89], [114, 68], [116, 92], [117, 20], [117, 106]], "features": {"1": "1", "2": "2", "3": "2", "9": "3", "4": "2", "85": "3", "6": "2", "48": "2", "7": "3", "50": "2", "108": "2", "40": "2", "51": "1", "10": "2", "11": "2", "27": "2", "12": "2", "14": "1", "15": "2", "19": "1", "18": "2", "33": "1", "20": "2", "35": "2", "22": "2", "23": "2", "80": "2", "25": "2", "41": "3", "47": "3", "28": "2", "29": "2", "87": "2", "30": "2", "83": "2", "32": "2", "75": "2", "34": "2", "53": "2", "36": "2", "52": "1", "38": "2", "117": "3", "39": "2", "94": "2", "63": "2", "43": "2", "112": "2", "44": "2", "103": "2", "45": "2", "97": "2", "46": "2", "93": "1", "78": "2", "105": "3", "118": "1", "98": "2", "56": "3", "57": "3", "17": "1", "101": "2", "58": "2", "113": "2", "60": "2", "61": "2", "84": "3", "73": "2", "64": "2", "70": "2", "65": "2", "96": "1", "67": "2", "68": "2", "69": "3", "111": "3", "71": "2", "79": "2", "88": "1", "74": "2", "82": "2", "55": "1", "77": "2", "100": "3", "89": "2", "91": "2", "24": "1", "104": "3", "116": "2", "114": "2", "109": "2", "62": "1", "92": "1", "106": "1"}}