{"edges": [[1, 2], [2, 3], [3, 4], [4, 11], [6, 57], [7, 88], [8, 48], [8, 67], [8, 80], [9, 76], [11, 62], [12, 13], [13, 18], [14, 42], [14, 46], [16, 9], [17, 82], [17, 26], [18, 75], [18, 36], [21, 63], [24, 84], [25, 43], [26, 81], [28, 29], [29, 47], [30, 60], [31, 21], [32, 98], [35, 113], [36, 50], [37, 51], [39, 87], [41, 14], [42, 89], [43, 65], [43, 68], [44, 92], [46, 100], [48, 86], [50, 99], [51, 94], [51, 105], [53, 110], [54, 112], [55, 34], [57, 66], [57, 31], [58, 91], [59, 6], [60, 35], [62, 8], [63, 116], [65, 107], [66, 101], [67, 73], [68, 20], [70, 71], [71, 25], [73, 54], [74, 111], [75, 17], [76, 108], [78, 7], [80, 24], [81, 28], [81, 30], [84, 95], [85, 103], [85, 53], [86, 106], [87, 58], [87, 96], [88, 39], [91, 104], [92, 93], [93, 70], [93, 59], [94, 114], [95, 78], [95, 85], [96, 37], [98, 41], [99, 32], [103, 74], [104, 40], [105, 23], [106, 12], [107, 16], [111, 55], [112, 44], [114, 77]], "features": {"1": "1", "2": "2", "3": "2", "4": "2", "11": "2", "6": "2", "57": "3", "7": "2", "88": "2", "8": "4", "48": "2", "67": "2", "80": "2", "9": "2", "76": "2", "62": "2", "12": "2", "13": "2", "18": "3", "14": "3", "42": "2", "46": "2", "16": "2", "17": "3", "82": "1", "26": "2", "75": "2", "36": "2", "21": "2", "63": "2", "24": "2", "84": "2", "25": "2", "43": "3", "81": "3", "28": "2", "29": "2", "47": "1", "30": "2", "60": "2", "31": "2", "32": "2", "98": "2", "35": "2", "113": "1", "50": "2", "37": "2", "51": "3", "39": "2", "87": "3", "41": "2", "89": "1", "65": "2", "68": "2", "44": "2", "92": "2", "100": "1", "86": "2", "99": "2", "94": "2", "105": "2", "53": "2", "110": "1", "54": "2", "112": "2", "55": "2", "34": "1", "66": "2", "58": "2", "91": "2", "59": "2", "116": "1", "107": "2", "101": "1", "73": "2", "20": "1", "70": "2", "71": "2", "74": "2", "111": "2", "108": "1", "78": "2", "95": "3", "85": "3", "103": "2", "106": "2", "96": "2", "104": "2", "93": "3", "114": "2", "40": "1", "23": "1", "77": "1"}}