{"edges": [[1, 2], [2, 3], [3, 4], [4, 34], [5, 54], [5, 71], [6, 48], [8, 38], [9, 95], [9, 17], [12, 91], [13, 96], [14, 36], [15, 88], [15, 79], [17, 93], [18, 19], [19, 42], [21, 50], [22, 75], [23, 64], [23, 100], [24, 62], [24, 106], [25, 41], [26, 45], [27, 70], [28, 13], [30, 89], [31, 6], [32, 18], [34, 35], [35, 12], [36, 15], [38, 83], [39, 9], [41, 60], [42, 43], [43, 82], [43, 105], [44, 8], [45, 30], [45, 97], [46, 27], [48, 55], [49, 87], [50, 51], [51, 26], [54, 108], [55, 25], [56, 84], [56, 102], [57, 10], [59, 23], [61, 76], [62, 101], [64, 21], [64, 73], [65, 46], [66, 44], [66, 107], [69, 86], [70, 28], [71, 14], [74, 69], [75, 98], [75, 81], [76, 24], [78, 22], [79, 56], [81, 109], [82, 31], [83, 32], [83, 105], [84, 74], [86, 39], [87, 61], [88, 59], [89, 66], [91, 5], [96, 78], [97, 52], [98, 63], [100, 68], [101, 65], [102, 57], [103, 110], [103, 49], [105, 113], [106, 112], [108, 103], [110, 92]], "features": {"1": "1", "2": "2", "3": "2", "4": "2", "34": "2", "5": "3", "54": "2", "71": "2", "6": "2", "48": "2", "8": "2", "38": "2", "9": "3", "95": "1", "17": "2", "12": "2", "91": "2", "13": "2", "96": "2", "14": "2", "36": "2", "15": "3", "88": "2", "79": "2", "93": "1", "18": "2", "19": "2", "42": "2", "21": "2", "50": "2", "22": "2", "75": "3", "23": "3", "64": "3", "100": "2", "24": "3", "62": "2", "106": "2", "25": "2", "41": "2", "26": "2", "45": "3", "27": "2", "70": "2", "28": "2", "30": "2", "89": "2", "31": "2", "32": "2", "35": "2", "83": "3", "39": "2", "60": "1", "43": "3", "82": "2", "105": "3", "44": "2", "97": "2", "46": "2", "55": "2", "49": "2", "87": "2", "51": "2", "108": "2", "56": "3", "84": "2", "102": "2", "57": "2", "10": "1", "59": "2", "61": "2", "76": "2", "101": "2", "73": "1", "65": "2", "66": "3", "107": "1", "69": "2", "86": "2", "74": "2", "98": "2", "81": "2", "78": "2", "109": "1", "52": "1", "63": "1", "68": "1", "103": "3", "110": "2", "113": "1", "112": "1", "92": "1"}}