{"edges": [[1, 2], [2, 3], [3, 10], [4, 5], [5, 51], [6, 33], [8, 54], [9, 58], [9, 103], [10, 50], [12, 47], [13, 26], [16, 59], [17, 62], [18, 45], [20, 28], [21, 65], [22, 23], [23, 60], [24, 9], [26, 52], [27, 85], [28, 4], [29, 36], [31, 48], [32, 78], [34, 42], [36, 84], [36, 110], [37, 73], [38, 49], [39, 88], [39, 74], [41, 90], [42, 68], [42, 80], [43, 57], [44, 70], [44, 21], [45, 15], [47, 16], [48, 72], [48, 38], [49, 76], [50, 18], [50, 8], [51, 24], [52, 17], [54, 55], [55, 12], [57, 20], [58, 13], [59, 43], [59, 22], [60, 29], [62, 44], [66, 67], [67, 101], [68, 89], [70, 81], [72, 6], [73, 34], [73, 83], [74, 109], [76, 39], [78, 79], [79, 37], [80, 63], [81, 96], [83, 27], [84, 31], [86, 107], [88, 41], [90, 112], [91, 102], [92, 93], [93, 98], [94, 75], [95, 104], [96, 32], [98, 66], [101, 106], [102, 95], [102, 92], [104, 99], [104, 114], [106, 94], [110, 111], [111, 86], [112, 91]], "features": {"1": "1", "2": "2", "3": "2", "10": "2", "4": "2", "5": "2", "51": "2", "6": "2", "33": "1", "8": "2", "54": "2", "9": "3", "58": "2", "103": "1", "50": "3", "12": "2", "47": "2", "13": "2", "26": "2", "16": "2", "59": "3", "17": "2", "62": "2", "18": "2", "45": "2", "20": "2", "28": "2", "21": "2", "65": "1", "22": "2", "23": "2", "60": "2", "24": "2", "52": "2", "27": "2", "85": "1", "29": "2", "36": "3", "31": "2", "48": "3", "32": "2", "78": "2", "34": "2", "42": "3", "84": "2", "110": "2", "37": "2", "73": "3", "38": "2", "49": "2", "39": "3", "88": "2", "74": "2", "41": "2", "90": "2", "68": "2", "80": "2", "43": "2", "57": "2", "44": "3", "70": "2", "15": "1", "72": "2", "76": "2", "55": "2", "66": "2", "67": "2", "101": "2", "89": "1", "81": "2", "83": "2", "109": "1", "79": "2", "63": "1", "96": "2", "86": "2", "107": "1", "112": "2", "91": "2", "102": "3", "92": "2", "93": "2", "98": "2", "94": "2", "75": "1", "95": "2", "104": "3", "106": "2", "99": "1", "114": "1", "111": "2"}}