{"edges": [[1, 2], [2, 3], [3, 4], [4, 14], [5, 109], [6, 60], [8, 98], [8, 64], [9, 66], [11, 20], [12, 91], [13, 79], [14, 59], [16, 94], [16, 106], [17, 36], [19, 78], [20, 77], [21, 76], [21, 45], [23, 89], [24, 73], [25, 56], [25, 54], [26, 55], [28, 29], [29, 88], [33, 58], [34, 80], [35, 6], [35, 63], [35, 65], [36, 46], [38, 83], [39, 103], [40, 107], [40, 101], [42, 31], [43, 35], [45, 51], [46, 23], [48, 110], [50, 112], [51, 92], [51, 74], [53, 75], [54, 43], [56, 47], [58, 21], [59, 8], [60, 61], [61, 71], [63, 9], [64, 70], [65, 11], [67, 84], [70, 5], [71, 34], [73, 25], [74, 105], [75, 86], [76, 19], [78, 16], [79, 28], [79, 38], [83, 102], [84, 12], [84, 17], [88, 33], [89, 24], [89, 53], [91, 13], [92, 93], [93, 96], [94, 85], [96, 97], [97, 26], [100, 68], [101, 39], [102, 40], [103, 50], [105, 100], [106, 48], [107, 42], [109, 67], [110, 111], [111, 30]], "features": {"1": "1", "2": "2", "3": "2", "4": "2", "14": "2", "5": "2", "109": "2", "6": "2", "60": "2", "8": "3", "98": "1", "64": "2", "9": "2", "66": "1", "11": "2", "20": "2", "12": "2", "91": "2", "13": "2", "79": "3", "59": "2", "16": "3", "94": "2", "106": "2", "17": "2", "36": "2", "19": "2", "78": "2", "77": "1", "21": "3", "76": "2", "45": "2", "23": "2", "89": "3", "24": "2", "73": "2", "25": "3", "56": "2", "54": "2", "26": "2", "55": "1", "28": "2", "29": "2", "88": "2", "33": "2", "58": "2", "34": "2", "80": "1", "35": "4", "63": "2", "65": "2", "46": "2", "38": "2", "83": "2", "39": "2", "103": "2", "40": "3", "107": "2", "101": "2", "42": "2", "31": "1", "43": "2", "51": "3", "48": "2", "110": "2", "50": "2", "112": "1", "92": "2", "74": "2", "53": "2", "75": "2", "47": "1", "61": "2", "71": "2", "70": "2", "67": "2", "84": "3", "105": "2", "86": "1", "102": "2", "93": "2", "96": "2", "85": "1", "97": "2", "100": "2", "68": "1", "111": "2", "30": "1"}}