{"edges": [[1, 2], [2, 12], [2, 89], [3, 57], [4, 13], [6, 84], [7, 74], [7, 73], [9, 84], [9, 92], [11, 62], [12, 53], [13, 48], [14, 63], [16, 31], [16, 34], [17, 69], [19, 50], [23, 111], [23, 28], [24, 37], [26, 70], [27, 97], [28, 95], [30, 79], [30, 80], [31, 72], [33, 7], [34, 35], [35, 99], [35, 40], [36, 101], [36, 105], [36, 112], [37, 19], [37, 16], [39, 52], [40, 56], [40, 58], [41, 8], [42, 61], [42, 67], [46, 18], [47, 59], [47, 71], [48, 6], [50, 109], [52, 66], [53, 4], [54, 9], [56, 3], [57, 33], [58, 81], [59, 45], [61, 46], [62, 23], [63, 26], [64, 36], [66, 47], [67, 21], [69, 26], [70, 24], [71, 11], [73, 30], [74, 104], [76, 27], [79, 94], [80, 93], [83, 76], [83, 98], [84, 108], [85, 42], [86, 87], [87, 88], [88, 41], [89, 54], [90, 14], [90, 17], [92, 83], [93, 86], [95, 22], [98, 64], [99, 106], [101, 51], [102, 103], [103, 39], [105, 85], [106, 77], [108, 90], [109, 102]], "features": {"1": "1", "2": "3", "12": "2", "89": "2", "3": "2", "57": "2", "4": "2", "13": "2", "6": "2", "84": "3", "7": "3", "74": "2", "73": "2", "9": "3", "92": "2", "11": "2", "62": "2", "53": "2", "48": "2", "14": "2", "63": "2", "16": "3", "31": "2", "34": "2", "17": "2", "69": "2", "19": "2", "50": "2", "23": "3", "111": "1", "28": "2", "24": "2", "37": "3", "26": "3", "70": "2", "27": "2", "97": "1", "95": "2", "30": "3", "79": "2", "80": "2", "72": "1", "33": "2", "35": "3", "99": "2", "40": "3", "36": "4", "101": "2", "105": "2", "112": "1", "39": "2", "52": "2", "56": "2", "58": "2", "41": "2", "8": "1", "42": "3", "61": "2", "67": "2", "46": "2", "18": "1", "47": "3", "59": "2", "71": "2", "109": "2", "66": "2", "54": "2", "81": "1", "45": "1", "64": "2", "21": "1", "104": "1", "76": "2", "94": "1", "93": "2", "83": "3", "98": "2", "108": "2", "85": "2", "86": "2", "87": "2", "88": "2", "90": "3", "22": "1", "106": "2", "51": "1", "102": "2", "103": "2", "77": "1"}}