{"edges": [[1, 2], [2, 3], [3, 86], [3, 12], [4, 87], [6, 32], [8, 9], [9, 82], [9, 33], [10, 83], [12, 13], [13, 70], [14, 85], [17, 88], [19, 51], [22, 14], [23, 101], [24, 7], [28, 106], [28, 34], [29, 44], [30, 74], [33, 107], [34, 66], [37, 62], [38, 23], [38, 93], [39, 26], [40, 6], [41, 71], [44, 48], [45, 15], [46, 94], [48, 78], [48, 57], [49, 37], [50, 59], [51, 52], [54, 55], [55, 24], [57, 99], [58, 10], [59, 64], [59, 92], [61, 96], [62, 18], [63, 110], [64, 73], [66, 50], [67, 35], [68, 103], [70, 4], [71, 80], [71, 22], [73, 41], [74, 28], [75, 91], [76, 95], [78, 112], [79, 104], [80, 40], [82, 17], [85, 58], [86, 21], [87, 8], [88, 89], [89, 38], [91, 98], [92, 63], [93, 30], [94, 75], [94, 54], [95, 61], [96, 39], [98, 19], [99, 45], [101, 27], [102, 49], [103, 42], [103, 109], [104, 67], [106, 29], [107, 46], [109, 79], [109, 102], [110, 111], [111, 76], [111, 68]], "features": {"1": "1", "2": "2", "3": "3", "86": "2", "12": "2", "4": "2", "87": "2", "6": "2", "32": "1", "8": "2", "9": "3", "82": "2", "33": "2", "10": "2", "83": "1", "13": "2", "70": "2", "14": "2", "85": "2", "17": "2", "88": "2", "19": "2", "51": "2", "22": "2", "23": "2", "101": "2", "24": "2", "7": "1", "28": "3", "106": "2", "34": "2", "29": "2", "44": "2", "30": "2", "74": "2", "107": "2", "66": "2", "37": "2", "62": "2", "38": "3", "93": "2", "39": "2", "26": "1", "40": "2", "41": "2", "71": "3", "48": "3", "45": "2", "15": "1", "46": "2", "94": "3", "78": "2", "57": "2", "49": "2", "50": "2", "59": "3", "52": "1", "54": "2", "55": "2", "99": "2", "58": "2", "64": "2", "92": "2", "61": "2", "96": "2", "18": "1", "63": "2", "110": "2", "73": "2", "67": "2", "35": "1", "68": "2", "103": "3", "80": "2", "75": "2", "91": "2", "76": "2", "95": "2", "112": "1", "79": "2", "104": "2", "21": "1", "89": "2", "98": "2", "27": "1", "102": "2", "42": "1", "109": "3", "111": "3"}}