{"edges": [[1, 2], [2, 3], [3, 4], [4, 52], [6, 63], [8, 32], [8, 9], [9, 10], [10, 108], [11, 66], [13, 64], [14, 15], [15, 68], [17, 66], [18, 71], [19, 73], [19, 28], [23, 102], [25, 65], [27, 75], [28, 93], [30, 112], [30, 57], [33, 41], [34, 23], [36, 100], [37, 80], [37, 79], [38, 7], [39, 88], [39, 104], [41, 56], [41, 110], [42, 43], [43, 87], [43, 60], [44, 89], [44, 96], [46, 74], [47, 83], [48, 94], [51, 58], [52, 6], [53, 30], [55, 31], [57, 109], [60, 67], [61, 14], [63, 70], [64, 25], [64, 77], [65, 18], [66, 61], [67, 97], [68, 19], [70, 105], [70, 17], [71, 20], [73, 99], [74, 90], [75, 53], [77, 38], [78, 98], [79, 111], [80, 42], [82, 50], [83, 8], [84, 85], [85, 107], [87, 46], [88, 44], [89, 48], [90, 47], [92, 51], [92, 82], [93, 27], [94, 26], [96, 55], [97, 13], [99, 22], [100, 37], [102, 103], [103, 92], [104, 101], [105, 11], [105, 78], [107, 39], [108, 33], [109, 36], [110, 34], [111, 84]], "features": {"1": "1", "2": "2", "3": "2", "4": "2", "52": "2", "6": "2", "63": "2", "8": "3", "32": "1", "9": "2", "10": "2", "108": "2", "11": "2", "66": "3", "13": "2", "64": "3", "14": "2", "15": "2", "68": "2", "17": "2", "18": "2", "71": "2", "19": "3", "73": "2", "28": "2", "23": "2", "102": "2", "25": "2", "65": "2", "27": "2", "75": "2", "93": "2", "30": "3", "112": "1", "57": "2", "33": "2", "41": "3", "34": "2", "36": "2", "100": "2", "37": "3", "80": "2", "79": "2", "38": "2", "7": "1", "39": "3", "88": "2", "104": "2", "56": "1", "110": "2", "42": "2", "43": "3", "87": "2", "60": "2", "44": "3", "89": "2", "96": "2", "46": "2", "74": "2", "47": "2", "83": "2", "48": "2", "94": "2", "51": "2", "58": "1", "53": "2", "55": "2", "31": "1", "109": "2", "67": "2", "61": "2", "70": "3", "77": "2", "97": "2", "105": "3", "20": "1", "99": "2", "90": "2", "78": "2", "98": "1", "111": "2", "82": "2", "50": "1", "84": "2", "85": "2", "107": "2", "92": "3", "26": "1", "22": "1", "103": "2", "101": "1"}}