{"edges": [[1, 2], [2, 3], [3, 50], [5, 58], [5, 108], [6, 53], [7, 55], [8, 60], [9, 59], [10, 79], [12, 116], [13, 36], [15, 62], [15, 112], [16, 32], [17, 33], [18, 113], [21, 6], [22, 119], [24, 25], [25, 64], [25, 30], [25, 56], [26, 37], [29, 17], [30, 63], [31, 42], [32, 15], [33, 114], [33, 85], [34, 74], [35, 48], [37, 67], [38, 100], [40, 89], [41, 76], [42, 70], [43, 44], [44, 45], [45, 83], [46, 54], [47, 40], [48, 21], [50, 7], [51, 118], [54, 106], [54, 110], [55, 5], [56, 8], [58, 12], [59, 71], [60, 61], [61, 9], [62, 26], [63, 29], [66, 20], [67, 68], [68, 69], [69, 31], [70, 98], [72, 34], [74, 87], [76, 38], [78, 99], [78, 46], [79, 96], [81, 105], [82, 93], [83, 35], [85, 41], [86, 112], [87, 104], [87, 81], [89, 90], [90, 91], [91, 92], [92, 115], [93, 101], [93, 47], [94, 22], [98, 111], [98, 86], [99, 13], [100, 43], [100, 107], [101, 102], [104, 88], [105, 82], [107, 51], [108, 78], [110, 10], [111, 72], [112, 18], [113, 24], [114, 94], [115, 97], [116, 16], [118, 66], [118, 27]], "features": {"1": "1", "2": "2", "3": "2", "50": "2", "5": "3", "58": "2", "108": "2", "6": "2", "53": "1", "7": "2", "55": "2", "8": "2", "60": "2", "9": "2", "59": "2", "10": "2", "79": "2", "12": "2", "116": "2", "13": "2", "36": "1", "15": "3", "62": "2", "112": "3", "16": "2", "32": "2", "17": "2", "33": "3", "18": "2", "113": "2", "21": "2", "22": "2", "119": "1", "24": "2", "25": "4", "64": "1", "30": "2", "56": "2", "26": "2", "37": "2", "29": "2", "63": "2", "31": "2", "42": "2", "114": "2", "85": "2", "34": "2", "74": "2", "35": "2", "48": "2", "67": "2", "38": "2", "100": "3", "40": "2", "89": "2", "41": "2", "76": "2", "70": "2", "43": "2", "44": "2", "45": "2", "83": "2", "46": "2", "54": "3", "47": "2", "51": "2", "118": "3", "106": "1", "110": "2", "71": "1", "61": "2", "66": "2", "20": "1", "68": "2", "69": "2", "98": "3", "72": "2", "87": "3", "78": "3", "99": "2", "96": "1", "81": "2", "105": "2", "82": "2", "93": "3", "86": "2", "104": "2", "90": "2", "91": "2", "92": "2", "115": "2", "101": "2", "94": "2", "111": "2", "107": "2", "102": "1", "88": "1", "97": "1", "27": "1"}}