{"edges": [[1, 2], [2, 3], [3, 52], [4, 111], [7, 66], [9, 22], [10, 21], [11, 30], [15, 105], [18, 19], [19, 106], [19, 44], [21, 107], [21, 38], [22, 104], [23, 42], [24, 7], [26, 61], [27, 70], [30, 85], [30, 89], [31, 97], [32, 11], [35, 114], [35, 84], [37, 72], [37, 98], [38, 108], [39, 112], [42, 68], [43, 99], [46, 10], [47, 78], [49, 40], [51, 6], [52, 53], [53, 64], [53, 46], [54, 43], [54, 32], [56, 75], [57, 49], [58, 91], [59, 82], [61, 73], [62, 63], [63, 26], [63, 39], [64, 23], [66, 34], [67, 77], [68, 59], [68, 80], [69, 37], [70, 31], [70, 47], [72, 24], [73, 54], [75, 57], [76, 58], [77, 9], [77, 86], [78, 95], [79, 51], [80, 92], [82, 62], [73, 12], [73, 100], [84, 16], [85, 103], [86, 15], [88, 4], [88, 28], [93, 69], [94, 101], [95, 67], [97, 83], [98, 116], [99, 18], [100, 79], [101, 88], [103, 93], [104, 110], [105, 48], [106, 94], [107, 76], [110, 35], [111, 27], [112, 14], [114, 115], [115, 56]], "features": {"1": "1", "2": "2", "3": "2", "52": "2", "4": "2", "111": "2", "7": "2", "66": "2", "9": "2", "22": "2", "10": "2", "21": "3", "11": "2", "30": "3", "15": "2", "105": "2", "18": "2", "19": "3", "106": "2", "44": "1", "107": "2", "38": "2", "104": "2", "23": "2", "42": "2", "24": "2", "26": "2", "61": "2", "27": "2", "70": "3", "85": "2", "89": "1", "31": "2", "97": "2", "32": "2", "35": "3", "114": "2", "84": "2", "37": "3", "72": "2", "98": "2", "108": "1", "39": "2", "112": "2", "68": "3", "43": "2", "99": "2", "46": "2", "47": "2", "78": "2", "49": "2", "40": "1", "51": "2", "6": "1", "53": "3", "64": "2", "54": "3", "56": "2", "75": "2", "57": "2", "58": "2", "91": "1", "59": "2", "82": "2", "73": "4", "62": "2", "63": "3", "34": "1", "67": "2", "77": "3", "80": "2", "69": "2", "76": "2", "86": "2", "95": "2", "79": "2", "92": "1", "12": "1", "100": "2", "16": "1", "103": "2", "88": "3", "28": "1", "93": "2", "94": "2", "101": "2", "83": "1", "116": "1", "110": "2", "48": "1", "14": "1", "115": "2"}}