{"edges": [[1, 2], [2, 3], [3, 27], [4, 41], [4, 71], [6, 30], [7, 31], [8, 34], [8, 37], [9, 91], [11, 16], [12, 32], [13, 33], [14, 74], [16, 36], [16, 26], [17, 4], [18, 49], [20, 14], [21, 69], [22, 23], [23, 25], [23, 28], [25, 45], [26, 43], [27, 7], [28, 6], [30, 8], [31, 58], [32, 11], [33, 17], [34, 40], [36, 48], [37, 44], [40, 13], [41, 61], [43, 22], [44, 21], [45, 98], [46, 84], [49, 62], [51, 103], [52, 96], [54, 38], [55, 86], [57, 63], [58, 92], [59, 83], [61, 55], [62, 109], [62, 101], [63, 54], [63, 89], [66, 107], [67, 90], [67, 12], [69, 100], [69, 78], [71, 77], [74, 75], [75, 104], [76, 70], [77, 50], [80, 94], [81, 57], [83, 67], [84, 108], [85, 20], [85, 51], [87, 9], [89, 76], [90, 18], [91, 64], [92, 59], [93, 81], [94, 87], [94, 46], [96, 97], [97, 85], [100, 110], [101, 52], [103, 93], [104, 105], [105, 80], [108, 66], [109, 72]], "features": {"1": "1", "2": "2", "3": "2", "27": "2", "4": "3", "41": "2", "71": "2", "6": "2", "30": "2", "7": "2", "31": "2", "8": "3", "34": "2", "37": "2", "9": "2", "91": "2", "11": "2", "16": "3", "12": "2", "32": "2", "13": "2", "33": "2", "14": "2", "74": "2", "36": "2", "26": "2", "17": "2", "18": "2", "49": "2", "20": "2", "21": "2", "69": "3", "22": "2", "23": "3", "25": "2", "28": "2", "45": "2", "43": "2", "58": "2", "40": "2", "48": "1", "44": "2", "61": "2", "98": "1", "46": "2", "84": "2", "62": "3", "51": "2", "103": "2", "52": "2", "96": "2", "54": "2", "38": "1", "55": "2", "86": "1", "57": "2", "63": "3", "92": "2", "59": "2", "83": "2", "109": "2", "101": "2", "89": "2", "66": "2", "107": "1", "67": "3", "90": "2", "100": "2", "78": "1", "77": "2", "75": "2", "104": "2", "76": "2", "70": "1", "50": "1", "80": "2", "94": "3", "81": "2", "108": "2", "85": "3", "87": "2", "64": "1", "93": "2", "97": "2", "110": "1", "105": "2", "72": "1"}}