{"edges": [[1, 2], [2, 3], [3, 24], [4, 50], [4, 34], [6, 29], [7, 30], [8, 9], [9, 10], [10, 110], [12, 22], [14, 4], [15, 36], [16, 17], [17, 32], [17, 27], [19, 43], [19, 26], [20, 42], [21, 41], [22, 38], [23, 44], [24, 7], [26, 6], [27, 14], [30, 8], [31, 51], [32, 20], [34, 11], [35, 15], [36, 21], [36, 56], [38, 39], [39, 16], [41, 23], [42, 54], [44, 68], [46, 55], [47, 115], [47, 53], [48, 111], [50, 35], [53, 31], [54, 19], [56, 73], [57, 78], [60, 61], [61, 76], [61, 67], [62, 74], [64, 65], [65, 84], [67, 92], [68, 72], [69, 64], [70, 82], [70, 79], [70, 57], [72, 47], [73, 81], [74, 85], [75, 88], [76, 69], [79, 58], [81, 60], [82, 83], [83, 62], [84, 46], [85, 112], [85, 99], [86, 107], [88, 94], [89, 102], [92, 70], [93, 48], [93, 98], [94, 106], [96, 103], [97, 86], [98, 109], [99, 100], [100, 101], [101, 75], [102, 97], [103, 108], [103, 114], [104, 89], [106, 96], [107, 93], [108, 91], [110, 12], [110, 35], [114, 104]], "features": {"1": "1", "2": "2", "3": "2", "24": "2", "4": "3", "50": "2", "34": "2", "6": "2", "29": "1", "7": "2", "30": "2", "8": "2", "9": "2", "10": "2", "110": "3", "12": "2", "22": "2", "14": "2", "15": "2", "36": "3", "16": "2", "17": "3", "32": "2", "27": "2", "19": "3", "43": "1", "26": "2", "20": "2", "42": "2", "21": "2", "41": "2", "38": "2", "23": "2", "44": "2", "31": "2", "51": "1", "11": "1", "35": "3", "56": "2", "39": "2", "54": "2", "68": "2", "46": "2", "55": "1", "47": "3", "115": "1", "53": "2", "48": "2", "111": "1", "73": "2", "57": "2", "78": "1", "60": "2", "61": "3", "76": "2", "67": "2", "62": "2", "74": "2", "64": "2", "65": "2", "84": "2", "92": "2", "72": "2", "69": "2", "70": "4", "82": "2", "79": "2", "81": "2", "85": "3", "75": "2", "88": "2", "58": "1", "83": "2", "112": "1", "99": "2", "86": "2", "107": "2", "94": "2", "89": "2", "102": "2", "93": "3", "98": "2", "106": "2", "96": "2", "103": "3", "97": "2", "109": "1", "100": "2", "101": "2", "108": "2", "114": "2", "104": "2", "91": "1"}}