{"edges": [[1, 2], [2, 3], [3, 43], [5, 51], [5, 53], [6, 104], [8, 90], [9, 64], [10, 80], [11, 92], [12, 13], [14, 15], [15, 57], [15, 98], [16, 46], [16, 76], [18, 66], [19, 112], [19, 50], [21, 67], [21, 73], [22, 84], [22, 70], [24, 47], [26, 96], [27, 111], [30, 21], [31, 103], [31, 40], [33, 14], [35, 8], [36, 100], [37, 101], [37, 105], [39, 86], [39, 40], [40, 41], [41, 42], [42, 77], [43, 107], [45, 19], [46, 30], [47, 52], [47, 31], [50, 5], [51, 28], [52, 4], [53, 110], [55, 37], [56, 88], [57, 6], [58, 18], [59, 60], [60, 61], [61, 22], [62, 63], [63, 83], [64, 85], [66, 97], [67, 24], [69, 23], [70, 95], [72, 9], [73, 38], [76, 62], [77, 45], [78, 32], [80, 74], [80, 36], [81, 69], [83, 39], [83, 72], [85, 71], [88, 108], [89, 56], [90, 27], [92, 48], [93, 106], [95, 81], [96, 55], [97, 59], [98, 26], [101, 12], [103, 10], [104, 16], [105, 89], [106, 11], [107, 35], [108, 93], [110, 78], [110, 58], [111, 33]], "features": {"1": "1", "2": "2", "3": "2", "43": "2", "5": "3", "51": "2", "53": "2", "6": "2", "104": "2", "8": "2", "90": "2", "9": "2", "64": "2", "10": "2", "80": "3", "11": "2", "92": "2", "12": "2", "13": "1", "14": "2", "15": "3", "57": "2", "98": "2", "16": "3", "46": "2", "76": "2", "18": "2", "66": "2", "19": "3", "112": "1", "50": "2", "21": "3", "67": "2", "73": "2", "22": "3", "84": "1", "70": "2", "24": "2", "47": "3", "26": "2", "96": "2", "27": "2", "111": "2", "30": "2", "31": "3", "103": "2", "40": "3", "33": "2", "35": "2", "36": "2", "100": "1", "37": "3", "101": "2", "105": "2", "39": "3", "86": "1", "41": "2", "42": "2", "77": "2", "107": "2", "45": "2", "52": "2", "28": "1", "4": "1", "110": "3", "55": "2", "56": "2", "88": "2", "58": "2", "59": "2", "60": "2", "61": "2", "62": "2", "63": "2", "83": "3", "85": "2", "97": "2", "69": "2", "23": "1", "95": "2", "72": "2", "38": "1", "78": "2", "32": "1", "74": "1", "81": "2", "71": "1", "108": "2", "89": "2", "48": "1", "93": "2", "106": "2"}}