{"edges": [[1, 2], [2, 3], [3, 72], [4, 76], [6, 7], [7, 115], [9, 100], [9, 64], [10, 31], [11, 48], [11, 101], [12, 47], [14, 32], [15, 95], [17, 105], [18, 19], [19, 28], [19, 104], [20, 21], [21, 22], [22, 81], [23, 62], [24, 84], [26, 41], [27, 59], [27, 36], [28, 86], [29, 89], [31, 46], [32, 12], [33, 11], [36, 37], [37, 70], [38, 68], [40, 34], [42, 43], [43, 107], [45, 106], [46, 33], [47, 15], [48, 18], [50, 61], [51, 60], [52, 53], [53, 108], [54, 55], [55, 56], [56, 116], [57, 78], [59, 26], [60, 102], [61, 92], [62, 27], [62, 71], [64, 40], [67, 88], [68, 69], [69, 45], [70, 38], [71, 110], [72, 75], [74, 97], [74, 24], [75, 6], [76, 98], [77, 52], [80, 74], [81, 23], [83, 29], [84, 94], [85, 9], [88, 54], [89, 50], [90, 91], [91, 111], [92, 118], [94, 83], [95, 51], [97, 77], [98, 99], [99, 80], [100, 114], [101, 17], [102, 65], [104, 20], [105, 42], [105, 90], [106, 57], [106, 14], [107, 67], [110, 4], [111, 112], [112, 113], [115, 10], [116, 117], [117, 85]], "features": {"1": "1", "2": "2", "3": "2", "72": "2", "4": "2", "76": "2", "6": "2", "7": "2", "115": "2", "9": "3", "100": "2", "64": "2", "10": "2", "31": "2", "11": "3", "48": "2", "101": "2", "12": "2", "47": "2", "14": "2", "32": "2", "15": "2", "95": "2", "17": "2", "105": "3", "18": "2", "19": "3", "28": "2", "104": "2", "20": "2", "21": "2", "22": "2", "81": "2", "23": "2", "62": "3", "24": "2", "84": "2", "26": "2", "41": "1", "27": "3", "59": "2", "36": "2", "86": "1", "29": "2", "89": "2", "46": "2", "33": "2", "37": "2", "70": "2", "38": "2", "68": "2", "40": "2", "34": "1", "42": "2", "43": "2", "107": "2", "45": "2", "106": "3", "50": "2", "61": "2", "51": "2", "60": "2", "52": "2", "53": "2", "108": "1", "54": "2", "55": "2", "56": "2", "116": "2", "57": "2", "78": "1", "102": "2", "92": "2", "71": "2", "67": "2", "88": "2", "69": "2", "110": "2", "75": "2", "74": "3", "97": "2", "98": "2", "77": "2", "80": "2", "83": "2", "94": "2", "85": "2", "90": "2", "91": "2", "111": "2", "118": "1", "99": "2", "114": "1", "65": "1", "112": "2", "113": "1", "117": "2"}}