{"edges": [[1, 2], [2, 3], [3, 5], [5, 32], [6, 11], [7, 29], [7, 51], [8, 93], [11, 31], [12, 52], [12, 63], [13, 47], [14, 106], [16, 26], [17, 12], [18, 62], [19, 49], [19, 41], [22, 23], [23, 13], [24, 10], [24, 14], [26, 99], [28, 72], [29, 59], [32, 76], [33, 48], [36, 43], [36, 105], [37, 24], [38, 39], [39, 40], [40, 111], [41, 85], [43, 107], [44, 104], [44, 64], [45, 38], [48, 90], [48, 28], [49, 108], [50, 17], [51, 96], [52, 6], [54, 34], [55, 18], [56, 57], [57, 58], [59, 33], [60, 79], [62, 73], [63, 55], [66, 88], [67, 97], [68, 69], [69, 66], [69, 54], [71, 78], [72, 81], [73, 82], [73, 60], [74, 113], [75, 86], [76, 7], [78, 83], [79, 16], [82, 74], [83, 68], [85, 36], [86, 22], [86, 71], [87, 100], [88, 94], [89, 8], [90, 92], [92, 45], [94, 27], [96, 38], [99, 19], [100, 101], [101, 21], [102, 44], [104, 56], [105, 89], [106, 87], [107, 102], [108, 109], [109, 110], [110, 37], [111, 50], [113, 75], [113, 67]], "features": {"1": "1", "2": "2", "3": "2", "5": "2", "32": "2", "6": "2", "11": "2", "7": "3", "29": "2", "51": "2", "8": "2", "93": "1", "31": "1", "12": "3", "52": "2", "63": "2", "13": "2", "47": "1", "14": "2", "106": "2", "16": "2", "26": "2", "17": "2", "18": "2", "62": "2", "19": "3", "49": "2", "41": "2", "22": "2", "23": "2", "24": "3", "10": "1", "99": "2", "28": "2", "72": "2", "59": "2", "76": "2", "33": "2", "48": "3", "36": "3", "43": "2", "105": "2", "37": "2", "38": "3", "39": "2", "40": "2", "111": "2", "85": "2", "107": "2", "44": "3", "104": "2", "64": "1", "45": "2", "90": "2", "108": "2", "50": "2", "96": "2", "54": "2", "34": "1", "55": "2", "56": "2", "57": "2", "58": "1", "60": "2", "79": "2", "73": "3", "66": "2", "88": "2", "67": "2", "97": "1", "68": "2", "69": "3", "71": "2", "78": "2", "81": "1", "82": "2", "74": "2", "113": "3", "75": "2", "86": "3", "83": "2", "87": "2", "100": "2", "94": "2", "89": "2", "92": "2", "27": "1", "101": "2", "21": "1", "102": "2", "109": "2", "110": "2"}}