{"edges": [[1, 2], [2, 3], [3, 5], [5, 56], [6, 58], [6, 27], [6, 68], [7, 35], [8, 16], [10, 20], [12, 66], [13, 37], [16, 78], [17, 100], [19, 10], [20, 88], [21, 76], [21, 108], [22, 80], [23, 48], [25, 63], [26, 104], [27, 62], [28, 11], [30, 53], [32, 38], [32, 96], [34, 91], [34, 98], [35, 19], [37, 17], [38, 73], [39, 51], [40, 49], [43, 106], [44, 45], [45, 90], [45, 39], [46, 103], [48, 64], [49, 71], [51, 74], [52, 31], [53, 86], [54, 6], [56, 57], [57, 94], [60, 101], [61, 110], [62, 8], [63, 97], [64, 112], [66, 67], [67, 13], [68, 117], [70, 44], [71, 43], [71, 54], [73, 95], [74, 75], [75, 22], [76, 23], [80, 102], [82, 46], [83, 116], [85, 28], [86, 34], [88, 89], [89, 82], [90, 84], [91, 32], [94, 25], [95, 41], [96, 14], [97, 40], [97, 114], [98, 7], [100, 21], [102, 83], [103, 79], [104, 52], [106, 107], [107, 26], [108, 109], [109, 61], [110, 85], [112, 113], [113, 30], [113, 70], [114, 12], [116, 93], [116, 60]], "features": {"1": "1", "2": "2", "3": "2", "5": "2", "56": "2", "6": "4", "58": "1", "27": "2", "68": "2", "7": "2", "35": "2", "8": "2", "16": "2", "10": "2", "20": "2", "12": "2", "66": "2", "13": "2", "37": "2", "78": "1", "17": "2", "100": "2", "19": "2", "88": "2", "21": "3", "76": "2", "108": "2", "22": "2", "80": "2", "23": "2", "48": "2", "25": "2", "63": "2", "26": "2", "104": "2", "62": "2", "28": "2", "11": "1", "30": "2", "53": "2", "32": "3", "38": "2", "96": "2", "34": "3", "91": "2", "98": "2", "73": "2", "39": "2", "51": "2", "40": "2", "49": "2", "43": "2", "106": "2", "44": "2", "45": "3", "90": "2", "46": "2", "103": "2", "64": "2", "71": "3", "74": "2", "52": "2", "31": "1", "86": "2", "54": "2", "57": "2", "94": "2", "60": "2", "101": "1", "61": "2", "110": "2", "97": "3", "112": "2", "67": "2", "117": "1", "70": "2", "95": "2", "75": "2", "102": "2", "82": "2", "83": "2", "116": "3", "85": "2", "89": "2", "84": "1", "41": "1", "14": "1", "114": "2", "79": "1", "107": "2", "109": "2", "113": "3", "93": "1"}}