{"edges": [[1, 2], [2, 3], [3, 17], [5, 51], [6, 54], [7, 84], [8, 27], [10, 55], [11, 61], [12, 95], [13, 111], [13, 70], [15, 110], [16, 25], [17, 108], [20, 91], [21, 8], [22, 23], [23, 92], [23, 50], [26, 80], [28, 77], [30, 21], [31, 63], [32, 44], [34, 28], [34, 86], [35, 48], [37, 89], [39, 106], [39, 64], [40, 41], [41, 15], [42, 7], [47, 65], [47, 68], [48, 98], [49, 82], [49, 103], [50, 5], [51, 11], [51, 58], [52, 112], [54, 42], [55, 105], [55, 35], [57, 72], [58, 59], [59, 99], [61, 47], [63, 10], [64, 57], [68, 69], [69, 76], [72, 107], [73, 97], [73, 88], [74, 81], [76, 52], [77, 31], [77, 101], [80, 32], [80, 114], [81, 36], [82, 96], [84, 85], [85, 37], [85, 39], [86, 12], [88, 79], [91, 22], [92, 93], [93, 34], [95, 49], [96, 60], [96, 102], [97, 30], [98, 18], [99, 73], [102, 113], [103, 16], [106, 40], [107, 45], [107, 74], [108, 20], [108, 6], [110, 13], [111, 26], [111, 66]], "features": {"1": "1", "2": "2", "3": "2", "17": "2", "5": "2", "51": "3", "6": "2", "54": "2", "7": "2", "84": "2", "8": "2", "27": "1", "10": "2", "55": "3", "11": "2", "61": "2", "12": "2", "95": "2", "13": "3", "111": "3", "70": "1", "15": "2", "110": "2", "16": "2", "25": "1", "108": "3", "20": "2", "91": "2", "21": "2", "22": "2", "23": "3", "92": "2", "50": "2", "26": "2", "80": "3", "28": "2", "77": "3", "30": "2", "31": "2", "63": "2", "32": "2", "44": "1", "34": "3", "86": "2", "35": "2", "48": "2", "37": "2", "89": "1", "39": "3", "106": "2", "64": "2", "40": "2", "41": "2", "42": "2", "47": "3", "65": "1", "68": "2", "98": "2", "49": "3", "82": "2", "103": "2", "58": "2", "52": "2", "112": "1", "105": "1", "57": "2", "72": "2", "59": "2", "99": "2", "69": "2", "76": "2", "107": "3", "73": "3", "97": "2", "88": "2", "74": "2", "81": "2", "101": "1", "114": "1", "36": "1", "96": "3", "85": "3", "79": "1", "93": "2", "60": "1", "102": "2", "18": "1", "113": "1", "45": "1", "66": "1"}}