{"edges": [[1, 2], [2, 3], [3, 4], [4, 25], [6, 14], [9, 46], [10, 94], [12, 96], [13, 53], [13, 22], [14, 48], [15, 59], [15, 68], [16, 112], [16, 110], [18, 30], [18, 41], [19, 42], [19, 45], [20, 8], [22, 85], [25, 9], [26, 27], [27, 87], [28, 107], [30, 63], [31, 90], [32, 69], [32, 40], [33, 23], [36, 98], [37, 114], [39, 100], [40, 108], [42, 62], [44, 64], [45, 6], [46, 47], [47, 10], [47, 28], [47, 71], [48, 89], [50, 51], [51, 90], [51, 16], [53, 18], [54, 113], [55, 101], [56, 31], [58, 5], [59, 78], [60, 81], [62, 95], [62, 54], [64, 88], [66, 50], [68, 34], [69, 33], [71, 111], [72, 102], [72, 82], [75, 76], [76, 102], [76, 104], [78, 92], [80, 60], [81, 93], [82, 84], [84, 26], [85, 20], [87, 66], [88, 67], [89, 15], [90, 12], [92, 44], [94, 13], [95, 73], [96, 106], [98, 99], [99, 19], [100, 77], [101, 37], [102, 80], [104, 105], [105, 55], [106, 39], [107, 32], [108, 36], [110, 75], [111, 72], [112, 56], [113, 58]], "features": {"1": "1", "2": "2", "3": "2", "4": "2", "25": "2", "6": "2", "14": "2", "9": "2", "46": "2", "10": "2", "94": "2", "12": "2", "96": "2", "13": "3", "53": "2", "22": "2", "48": "2", "15": "3", "59": "2", "68": "2", "16": "3", "112": "2", "110": "2", "18": "3", "30": "2", "41": "1", "19": "3", "42": "2", "45": "2", "20": "2", "8": "1", "85": "2", "26": "2", "27": "2", "87": "2", "28": "2", "107": "2", "63": "1", "31": "2", "90": "3", "32": "3", "69": "2", "40": "2", "33": "2", "23": "1", "36": "2", "98": "2", "37": "2", "114": "1", "39": "2", "100": "2", "108": "2", "62": "3", "44": "2", "64": "2", "47": "4", "71": "2", "89": "2", "50": "2", "51": "3", "54": "2", "113": "2", "55": "2", "101": "2", "56": "2", "58": "2", "5": "1", "78": "2", "60": "2", "81": "2", "95": "2", "88": "2", "66": "2", "34": "1", "111": "2", "72": "3", "102": "3", "82": "2", "75": "2", "76": "3", "104": "2", "92": "2", "80": "2", "93": "1", "84": "2", "67": "1", "73": "1", "106": "2", "99": "2", "77": "1", "105": "2"}}