{"edges": [[1, 2], [2, 3], [3, 4], [4, 85], [6, 104], [7, 91], [7, 108], [9, 90], [10, 116], [10, 43], [11, 20], [13, 118], [14, 65], [15, 49], [15, 70], [15, 115], [16, 27], [17, 32], [18, 31], [18, 50], [20, 34], [20, 36], [21, 58], [21, 44], [23, 57], [24, 25], [25, 78], [27, 112], [28, 80], [29, 106], [30, 11], [31, 23], [32, 114], [34, 51], [35, 14], [36, 66], [38, 47], [40, 41], [41, 63], [43, 16], [44, 45], [45, 100], [46, 52], [48, 98], [50, 23], [51, 99], [52, 53], [53, 97], [56, 21], [57, 24], [57, 46], [58, 93], [60, 94], [60, 96], [61, 74], [62, 39], [63, 15], [65, 16], [66, 62], [67, 48], [67, 68], [68, 69], [69, 84], [70, 86], [71, 54], [74, 40], [76, 28], [78, 103], [79, 92], [79, 119], [80, 81], [81, 110], [83, 38], [84, 107], [84, 76], [85, 6], [86, 87], [87, 9], [87, 60], [88, 89], [89, 79], [90, 75], [91, 29], [92, 13], [93, 61], [96, 67], [97, 56], [99, 83], [100, 102], [102, 7], [103, 30], [104, 10], [106, 71], [107, 72], [108, 109], [109, 17], [112, 113], [113, 18], [115, 88], [116, 35]], "features": {"1": "1", "2": "2", "3": "2", "4": "2", "85": "2", "6": "2", "104": "2", "7": "3", "91": "2", "108": "2", "9": "2", "90": "2", "10": "3", "116": "2", "43": "2", "11": "2", "20": "3", "13": "2", "118": "1", "14": "2", "65": "2", "15": "4", "49": "1", "70": "2", "115": "2", "16": "3", "27": "2", "17": "2", "32": "2", "18": "3", "31": "2", "50": "2", "34": "2", "36": "2", "21": "3", "58": "2", "44": "2", "23": "3", "57": "3", "24": "2", "25": "2", "78": "2", "112": "2", "28": "2", "80": "2", "29": "2", "106": "2", "30": "2", "114": "1", "51": "2", "35": "2", "66": "2", "38": "2", "47": "1", "40": "2", "41": "2", "63": "2", "45": "2", "100": "2", "46": "2", "52": "2", "48": "2", "98": "1", "99": "2", "53": "2", "97": "2", "56": "2", "93": "2", "60": "3", "94": "1", "96": "2", "61": "2", "74": "2", "62": "2", "39": "1", "67": "3", "68": "2", "69": "2", "84": "3", "86": "2", "71": "2", "54": "1", "76": "2", "103": "2", "79": "3", "92": "2", "119": "1", "81": "2", "110": "1", "83": "2", "107": "2", "87": "3", "88": "2", "89": "2", "75": "1", "102": "2", "72": "1", "109": "2", "113": "2"}}