{"edges": [[1, 2], [2, 3], [3, 4], [4, 16], [6, 17], [7, 76], [8, 72], [9, 96], [11, 33], [12, 13], [13, 42], [14, 62], [16, 52], [18, 19], [19, 27], [20, 38], [23, 59], [25, 37], [26, 67], [27, 40], [29, 69], [30, 102], [32, 97], [33, 46], [34, 6], [36, 61], [36, 80], [38, 11], [38, 86], [39, 94], [40, 54], [42, 64], [43, 119], [45, 81], [47, 106], [48, 8], [51, 82], [52, 53], [53, 36], [54, 90], [56, 57], [57, 108], [59, 18], [59, 116], [60, 66], [61, 85], [62, 63], [63, 112], [63, 77], [64, 9], [66, 91], [66, 48], [67, 99], [67, 43], [70, 12], [71, 49], [72, 80], [74, 26], [75, 115], [76, 45], [77, 23], [80, 100], [81, 47], [82, 83], [83, 7], [85, 39], [87, 71], [88, 28], [90, 78], [90, 30], [91, 14], [92, 93], [93, 117], [94, 60], [96, 56], [100, 22], [100, 29], [101, 51], [102, 87], [103, 34], [103, 111], [104, 74], [106, 70], [106, 75], [107, 88], [107, 20], [108, 109], [109, 103], [111, 32], [112, 113], [113, 92], [115, 104], [116, 107], [117, 25], [117, 101]], "features": {"1": "1", "2": "2", "3": "2", "4": "2", "16": "2", "6": "2", "17": "1", "7": "2", "76": "2", "8": "2", "72": "2", "9": "2", "96": "2", "11": "2", "33": "2", "12": "2", "13": "2", "42": "2", "14": "2", "62": "2", "52": "2", "18": "2", "19": "2", "27": "2", "20": "2", "38": "3", "23": "2", "59": "3", "25": "2", "37": "1", "26": "2", "67": "3", "40": "2", "29": "2", "69": "1", "30": "2", "102": "2", "32": "2", "97": "1", "46": "1", "34": "2", "36": "3", "61": "2", "80": "3", "86": "1", "39": "2", "94": "2", "54": "2", "64": "2", "43": "2", "119": "1", "45": "2", "81": "2", "47": "2", "106": "3", "48": "2", "51": "2", "82": "2", "53": "2", "90": "3", "56": "2", "57": "2", "108": "2", "116": "2", "60": "2", "66": "3", "85": "2", "63": "3", "112": "2", "77": "2", "91": "2", "99": "1", "70": "2", "71": "2", "49": "1", "74": "2", "75": "2", "115": "2", "100": "3", "83": "2", "87": "2", "88": "2", "28": "1", "78": "1", "92": "2", "93": "2", "117": "3", "22": "1", "101": "2", "103": "3", "111": "2", "104": "2", "107": "3", "109": "2", "113": "2"}}