{"edges": [[1, 2], [2, 3], [3, 94], [4, 5], [5, 34], [8, 92], [9, 43], [11, 79], [12, 78], [13, 45], [13, 88], [14, 25], [15, 66], [16, 28], [18, 19], [19, 6], [19, 69], [19, 26], [20, 21], [21, 108], [22, 89], [24, 30], [25, 99], [28, 29], [29, 47], [31, 20], [31, 72], [32, 84], [34, 57], [35, 105], [37, 31], [38, 117], [40, 9], [42, 60], [43, 11], [45, 15], [46, 119], [48, 68], [50, 42], [51, 107], [53, 118], [54, 55], [55, 13], [58, 96], [59, 4], [59, 14], [60, 12], [62, 53], [62, 87], [63, 48], [63, 106], [64, 51], [66, 70], [67, 102], [67, 112], [68, 38], [70, 83], [72, 59], [73, 50], [73, 40], [74, 75], [75, 64], [78, 98], [79, 62], [81, 93], [82, 67], [84, 85], [85, 54], [87, 110], [88, 16], [89, 46], [92, 37], [93, 24], [94, 73], [96, 109], [98, 115], [98, 22], [98, 58], [100, 18], [102, 103], [103, 90], [105, 116], [107, 39], [108, 35], [109, 100], [109, 74], [110, 111], [111, 63], [112, 113], [113, 32], [115, 81], [116, 82], [117, 76], [118, 8]], "features": {"1": "1", "2": "2", "3": "2", "94": "2", "4": "2", "5": "2", "34": "2", "8": "2", "92": "2", "9": "2", "43": "2", "11": "2", "79": "2", "12": "2", "78": "2", "13": "3", "45": "2", "88": "2", "14": "2", "25": "2", "15": "2", "66": "2", "16": "2", "28": "2", "18": "2", "19": "4", "6": "1", "69": "1", "26": "1", "20": "2", "21": "2", "108": "2", "22": "2", "89": "2", "24": "2", "30": "1", "99": "1", "29": "2", "47": "1", "31": "3", "72": "2", "32": "2", "84": "2", "57": "1", "35": "2", "105": "2", "37": "2", "38": "2", "117": "2", "40": "2", "42": "2", "60": "2", "46": "2", "119": "1", "48": "2", "68": "2", "50": "2", "51": "2", "107": "2", "53": "2", "118": "2", "54": "2", "55": "2", "58": "2", "96": "2", "59": "3", "62": "3", "87": "2", "63": "3", "106": "1", "64": "2", "70": "2", "67": "3", "102": "2", "112": "2", "83": "1", "73": "3", "74": "2", "75": "2", "98": "4", "81": "2", "93": "2", "82": "2", "85": "2", "110": "2", "109": "3", "115": "2", "100": "2", "103": "2", "90": "1", "116": "2", "39": "1", "111": "2", "113": "2", "76": "1"}}