{"edges": [[1, 2], [2, 3], [3, 72], [4, 23], [7, 56], [8, 74], [9, 78], [9, 80], [11, 90], [14, 67], [14, 70], [16, 64], [16, 39], [17, 106], [17, 33], [18, 19], [19, 20], [20, 41], [21, 115], [23, 52], [23, 16], [23, 39], [24, 85], [27, 87], [28, 11], [29, 110], [30, 6], [33, 105], [34, 107], [35, 36], [36, 37], [37, 55], [38, 49], [39, 53], [40, 96], [41, 26], [41, 27], [42, 34], [44, 45], [45, 91], [46, 61], [46, 35], [47, 59], [47, 28], [50, 99], [51, 58], [52, 8], [52, 13], [53, 44], [54, 76], [54, 82], [55, 7], [56, 47], [58, 102], [59, 24], [61, 50], [62, 88], [63, 98], [64, 17], [66, 100], [67, 77], [68, 84], [72, 73], [73, 4], [74, 12], [76, 9], [77, 89], [78, 79], [80, 114], [81, 66], [82, 94], [84, 40], [85, 63], [87, 111], [87, 32], [88, 95], [89, 69], [91, 92], [92, 93], [93, 46], [94, 62], [95, 68], [96, 81], [98, 14], [99, 54], [100, 101], [101, 112], [101, 51], [102, 42], [103, 29], [105, 38], [106, 18], [107, 108], [108, 109], [110, 30], [112, 21], [114, 103]], "features": {"1": "1", "2": "2", "3": "2", "72": "2", "4": "2", "23": "4", "7": "2", "56": "2", "8": "2", "74": "2", "9": "3", "78": "2", "80": "2", "11": "2", "90": "1", "14": "3", "67": "2", "70": "1", "16": "3", "64": "2", "39": "3", "17": "3", "106": "2", "33": "2", "18": "2", "19": "2", "20": "2", "41": "3", "21": "2", "115": "1", "52": "3", "24": "2", "85": "2", "27": "2", "87": "3", "28": "2", "29": "2", "110": "2", "30": "2", "6": "1", "105": "2", "34": "2", "107": "2", "35": "2", "36": "2", "37": "2", "55": "2", "38": "2", "49": "1", "53": "2", "40": "2", "96": "2", "26": "1", "42": "2", "44": "2", "45": "2", "91": "2", "46": "3", "61": "2", "47": "3", "59": "2", "50": "2", "99": "2", "51": "2", "58": "2", "13": "1", "54": "3", "76": "2", "82": "2", "102": "2", "62": "2", "88": "2", "63": "2", "98": "2", "66": "2", "100": "2", "77": "2", "68": "2", "84": "2", "73": "2", "12": "1", "89": "2", "79": "1", "114": "2", "81": "2", "94": "2", "111": "1", "32": "1", "95": "2", "69": "1", "92": "2", "93": "2", "101": "3", "112": "2", "103": "2", "108": "2", "109": "1"}}