{"edges": [[1, 2], [2, 3], [3, 53], [4, 62], [5, 34], [6, 105], [8, 9], [9, 44], [10, 37], [12, 39], [13, 62], [15, 54], [16, 17], [17, 49], [18, 89], [18, 22], [18, 26], [18, 30], [18, 42], [18, 79], [19, 95], [21, 84], [22, 23], [23, 36], [24, 60], [24, 81], [24, 99], [26, 27], [27, 36], [29, 104], [30, 31], [31, 36], [32, 82], [32, 74], [32, 71], [34, 48], [36, 19], [37, 5], [38, 98], [39, 15], [39, 16], [40, 12], [42, 43], [43, 8], [44, 45], [45, 36], [47, 86], [48, 57], [49, 56], [50, 87], [52, 92], [53, 40], [54, 18], [56, 107], [57, 47], [59, 4], [60, 93], [61, 112], [62, 70], [64, 13], [66, 114], [69, 75], [70, 116], [71, 21], [73, 49], [74, 64], [75, 103], [76, 32], [78, 83], [79, 36], [81, 38], [82, 71], [83, 50], [83, 88], [84, 74], [86, 52], [87, 66], [88, 69], [89, 36], [92, 24], [93, 110], [94, 61], [95, 109], [95, 10], [96, 6], [98, 108], [98, 102], [99, 76], [101, 29], [102, 73], [104, 111], [107, 78], [107, 59], [108, 101], [109, 94], [110, 96], [111, 65], [114, 33], [116, 90], [116, 68]], "features": {"1": "1", "2": "2", "3": "2", "53": "2", "4": "2", "62": "3", "5": "2", "34": "2", "6": "2", "105": "1", "8": "2", "9": "2", "44": "2", "10": "2", "37": "2", "12": "2", "39": "3", "13": "2", "15": "2", "54": "2", "16": "2", "17": "2", "49": "3", "18": "7", "89": "2", "22": "2", "26": "2", "30": "2", "42": "2", "79": "2", "19": "2", "95": "3", "21": "2", "84": "2", "23": "2", "36": "7", "24": "4", "60": "2", "81": "2", "99": "2", "27": "2", "29": "2", "104": "2", "31": "2", "32": "4", "82": "2", "74": "3", "71": "3", "48": "2", "38": "2", "98": "3", "40": "2", "43": "2", "45": "2", "47": "2", "86": "2", "57": "2", "56": "2", "50": "2", "87": "2", "52": "2", "92": "2", "107": "3", "59": "2", "93": "2", "61": "2", "112": "1", "70": "2", "64": "2", "66": "2", "114": "2", "69": "2", "75": "2", "116": "3", "73": "2", "103": "1", "76": "2", "78": "2", "83": "3", "88": "2", "110": "2", "94": "2", "109": "2", "96": "2", "108": "2", "102": "2", "101": "2", "111": "2", "65": "1", "33": "1", "90": "1", "68": "1"}}