{"edges": [[1, 2], [2, 3], [3, 4], [4, 33], [5, 20], [6, 18], [6, 112], [8, 60], [8, 83], [9, 62], [11, 103], [13, 27], [14, 32], [16, 17], [17, 100], [18, 76], [19, 45], [20, 88], [23, 42], [25, 74], [26, 111], [26, 82], [27, 56], [29, 75], [30, 31], [32, 91], [32, 77], [33, 65], [36, 37], [37, 22], [38, 102], [39, 47], [42, 104], [42, 109], [42, 78], [45, 66], [46, 98], [48, 49], [49, 97], [50, 70], [52, 106], [52, 39], [55, 110], [55, 67], [56, 117], [56, 6], [57, 69], [57, 25], [59, 80], [60, 55], [62, 14], [62, 35], [62, 5], [63, 13], [65, 46], [66, 63], [69, 43], [70, 59], [70, 116], [71, 12], [71, 48], [73, 26], [74, 93], [75, 11], [75, 57], [77, 19], [80, 38], [82, 53], [83, 114], [86, 87], [87, 50], [88, 89], [89, 94], [93, 8], [94, 29], [97, 30], [97, 16], [98, 99], [99, 71], [100, 9], [100, 36], [102, 84], [103, 61], [103, 73], [104, 92], [106, 107], [107, 40], [109, 52], [110, 23], [111, 95], [112, 86], [116, 81]], "features": {"1": "1", "2": "2", "3": "2", "4": "2", "33": "2", "5": "2", "20": "2", "6": "3", "18": "2", "112": "2", "8": "3", "60": "2", "83": "2", "9": "2", "62": "4", "11": "2", "103": "3", "13": "2", "27": "2", "14": "2", "32": "3", "16": "2", "17": "2", "100": "3", "76": "1", "19": "2", "45": "2", "88": "2", "23": "2", "42": "4", "25": "2", "74": "2", "26": "3", "111": "2", "82": "2", "56": "3", "29": "2", "75": "3", "30": "2", "31": "1", "91": "1", "77": "2", "65": "2", "36": "2", "37": "2", "22": "1", "38": "2", "102": "2", "39": "2", "47": "1", "104": "2", "109": "2", "78": "1", "66": "2", "46": "2", "98": "2", "48": "2", "49": "2", "97": "3", "50": "2", "70": "3", "52": "3", "106": "2", "55": "3", "110": "2", "67": "1", "117": "1", "57": "3", "69": "2", "59": "2", "80": "2", "35": "1", "63": "2", "43": "1", "116": "2", "71": "3", "12": "1", "73": "2", "93": "2", "53": "1", "114": "1", "86": "2", "87": "2", "89": "2", "94": "2", "99": "2", "84": "1", "61": "1", "92": "1", "107": "2", "40": "1", "95": "1", "81": "1"}}