{"edges": [[1, 2], [2, 3], [3, 4], [4, 49], [4, 21], [6, 74], [7, 59], [9, 22], [10, 104], [11, 64], [13, 115], [14, 15], [15, 109], [16, 79], [17, 7], [20, 107], [21, 84], [22, 57], [22, 45], [23, 70], [26, 27], [27, 62], [29, 11], [30, 110], [30, 54], [31, 66], [31, 90], [32, 119], [37, 114], [38, 48], [39, 116], [40, 41], [41, 13], [44, 99], [44, 103], [44, 16], [45, 24], [46, 60], [48, 29], [49, 72], [50, 95], [52, 53], [53, 75], [54, 56], [56, 100], [57, 72], [59, 65], [60, 86], [61, 37], [62, 6], [62, 23], [64, 92], [64, 96], [92, 96], [66, 67], [67, 94], [98, 35], [69, 118], [70, 38], [72, 73], [73, 88], [74, 17], [75, 112], [76, 78], [78, 10], [79, 34], [79, 105], [82, 83], [83, 19], [84, 101], [86, 87], [87, 81], [88, 89], [89, 108], [92, 93], [93, 20], [95, 26], [96, 98], [98, 44], [99, 76], [101, 61], [103, 69], [105, 32], [107, 30], [108, 14], [108, 82], [109, 50], [109, 46], [110, 111], [111, 40], [112, 68], [114, 52], [114, 9], [115, 31], [118, 39], [118, 43]], "features": {"1": "1", "2": "2", "3": "2", "4": "3", "49": "2", "21": "2", "6": "2", "74": "2", "7": "2", "59": "2", "9": "2", "22": "3", "10": "2", "104": "1", "11": "2", "64": "3", "13": "2", "115": "2", "14": "2", "15": "2", "109": "3", "16": "2", "79": "3", "17": "2", "20": "2", "107": "2", "84": "2", "57": "2", "45": "2", "23": "2", "70": "2", "26": "2", "27": "2", "62": "3", "29": "2", "30": "3", "110": "2", "54": "2", "31": "3", "66": "2", "90": "1", "32": "2", "119": "1", "37": "2", "114": "3", "38": "2", "48": "2", "39": "2", "116": "1", "40": "2", "41": "2", "44": "4", "99": "2", "103": "2", "24": "1", "46": "2", "60": "2", "72": "3", "50": "2", "95": "2", "52": "2", "53": "2", "75": "2", "56": "2", "100": "1", "65": "1", "86": "2", "61": "2", "92": "3", "96": "3", "67": "2", "94": "1", "98": "3", "35": "1", "69": "2", "118": "3", "73": "2", "88": "2", "112": "2", "76": "2", "78": "2", "34": "1", "105": "2", "82": "2", "83": "2", "19": "1", "101": "2", "87": "2", "81": "1", "89": "2", "108": "3", "93": "2", "111": "2", "68": "1", "43": "1"}}