{"edges": [[1, 2], [2, 3], [3, 4], [4, 6], [5, 67], [6, 12], [8, 69], [9, 10], [10, 11], [12, 91], [12, 8], [13, 18], [13, 17], [14, 103], [14, 106], [16, 117], [16, 102], [17, 98], [18, 19], [19, 32], [23, 44], [24, 116], [26, 42], [27, 28], [28, 29], [29, 38], [30, 43], [30, 36], [31, 87], [32, 80], [33, 86], [33, 93], [36, 74], [37, 89], [37, 57], [38, 50], [38, 54], [39, 35], [41, 100], [43, 60], [44, 30], [46, 59], [49, 112], [51, 84], [54, 55], [55, 46], [59, 64], [59, 70], [60, 65], [62, 51], [63, 95], [64, 82], [67, 37], [68, 16], [69, 5], [69, 24], [70, 71], [71, 26], [72, 21], [73, 41], [74, 97], [76, 33], [77, 113], [77, 109], [78, 108], [80, 53], [80, 49], [81, 68], [81, 72], [82, 83], [83, 63], [83, 73], [84, 85], [85, 78], [86, 96], [90, 9], [91, 13], [92, 14], [96, 105], [97, 58], [97, 62], [98, 115], [100, 92], [102, 22], [105, 77], [106, 107], [107, 101], [107, 114], [108, 90], [108, 76], [109, 110], [110, 111], [111, 47], [112, 81], [115, 23], [115, 31], [116, 39], [116, 27], [117, 118], [118, 119]], "features": {"1": "1", "2": "2", "3": "2", "4": "2", "6": "2", "5": "2", "67": "2", "12": "3", "8": "2", "69": "3", "9": "2", "10": "2", "11": "1", "91": "2", "13": "3", "18": "2", "17": "2", "14": "3", "103": "1", "106": "2", "16": "3", "117": "2", "102": "2", "98": "2", "19": "2", "32": "2", "23": "2", "44": "2", "24": "2", "116": "3", "26": "2", "42": "1", "27": "2", "28": "2", "29": "2", "38": "3", "30": "3", "43": "2", "36": "2", "31": "2", "87": "1", "80": "3", "33": "3", "86": "2", "93": "1", "74": "2", "37": "3", "89": "1", "57": "1", "50": "1", "54": "2", "39": "2", "35": "1", "41": "2", "100": "2", "60": "2", "46": "2", "59": "3", "49": "2", "112": "2", "51": "2", "84": "2", "55": "2", "64": "2", "70": "2", "65": "1", "62": "2", "63": "2", "95": "1", "82": "2", "68": "2", "71": "2", "72": "2", "21": "1", "73": "2", "97": "3", "76": "2", "77": "3", "113": "1", "109": "2", "78": "2", "108": "3", "53": "1", "81": "3", "83": "3", "85": "2", "96": "2", "90": "2", "92": "2", "105": "2", "58": "1", "115": "3", "22": "1", "107": "3", "101": "1", "114": "1", "110": "2", "111": "2", "47": "1", "118": "2", "119": "1"}}