{"edges": [[1, 2], [2, 3], [3, 4], [4, 46], [5, 50], [5, 52], [5, 48], [7, 107], [7, 77], [9, 68], [10, 12], [12, 54], [12, 96], [13, 41], [14, 36], [16, 62], [19, 8], [20, 63], [21, 58], [21, 67], [22, 23], [23, 17], [24, 25], [25, 64], [28, 19], [29, 114], [31, 5], [32, 33], [33, 95], [33, 9], [36, 37], [37, 26], [37, 84], [40, 80], [41, 34], [42, 21], [45, 86], [45, 59], [46, 47], [47, 93], [48, 101], [50, 60], [51, 105], [52, 53], [53, 16], [54, 55], [55, 44], [56, 57], [57, 10], [59, 109], [60, 104], [62, 102], [63, 98], [64, 65], [65, 70], [68, 39], [69, 82], [69, 14], [70, 71], [71, 88], [72, 73], [73, 74], [74, 108], [74, 13], [75, 29], [77, 69], [79, 24], [81, 32], [82, 22], [83, 45], [84, 85], [86, 87], [87, 42], [88, 110], [88, 51], [88, 81], [89, 72], [90, 56], [92, 75], [92, 97], [93, 79], [95, 90], [96, 112], [98, 99], [99, 100], [101, 28], [104, 76], [105, 7], [107, 31], [109, 89], [110, 83], [112, 113], [113, 92], [114, 40], [114, 20]], "features": {"1": "1", "2": "2", "3": "2", "4": "2", "46": "2", "5": "4", "50": "2", "52": "2", "48": "2", "7": "3", "107": "2", "77": "2", "9": "2", "68": "2", "10": "2", "12": "3", "54": "2", "96": "2", "13": "2", "41": "2", "14": "2", "36": "2", "16": "2", "62": "2", "19": "2", "8": "1", "20": "2", "63": "2", "21": "3", "58": "1", "67": "1", "22": "2", "23": "2", "17": "1", "24": "2", "25": "2", "64": "2", "28": "2", "29": "2", "114": "3", "31": "2", "32": "2", "33": "3", "95": "2", "37": "3", "26": "1", "84": "2", "40": "2", "80": "1", "34": "1", "42": "2", "45": "3", "86": "2", "59": "2", "47": "2", "93": "2", "101": "2", "60": "2", "51": "2", "105": "2", "53": "2", "55": "2", "44": "1", "56": "2", "57": "2", "109": "2", "104": "2", "102": "1", "98": "2", "65": "2", "70": "2", "39": "1", "69": "3", "82": "2", "71": "2", "88": "4", "72": "2", "73": "2", "74": "3", "108": "1", "75": "2", "79": "2", "81": "2", "83": "2", "85": "1", "87": "2", "110": "2", "89": "2", "90": "2", "92": "3", "97": "1", "112": "2", "99": "2", "100": "1", "76": "1", "113": "2"}}