{"edges": [[1, 2], [2, 3], [3, 27], [5, 40], [7, 93], [10, 110], [11, 113], [13, 21], [14, 84], [15, 74], [16, 80], [18, 11], [18, 35], [19, 100], [20, 87], [24, 8], [25, 92], [27, 52], [28, 42], [29, 6], [30, 18], [31, 49], [32, 81], [34, 109], [35, 29], [36, 53], [37, 7], [38, 72], [38, 5], [39, 103], [40, 30], [40, 59], [41, 69], [42, 43], [43, 44], [44, 50], [45, 68], [46, 39], [48, 54], [49, 28], [50, 15], [52, 31], [52, 13], [52, 45], [52, 41], [53, 108], [54, 38], [57, 85], [58, 99], [59, 16], [60, 79], [60, 46], [61, 89], [62, 64], [64, 62], [64, 75], [64, 37], [64, 82], [65, 25], [65, 34], [68, 62], [69, 45], [69, 13], [69, 31], [72, 73], [73, 96], [73, 94], [74, 48], [74, 97], [75, 67], [78, 61], [80, 24], [80, 14], [81, 88], [82, 105], [84, 32], [85, 36], [87, 107], [88, 58], [89, 90], [90, 91], [91, 65], [93, 77], [93, 19], [96, 20], [97, 10], [100, 60], [101, 71], [103, 104], [104, 57], [104, 111], [107, 78], [110, 22], [111, 101]], "features": {"1": "1", "2": "2", "3": "2", "27": "2", "5": "2", "40": "3", "7": "2", "93": "3", "10": "2", "110": "2", "11": "2", "113": "1", "13": "3", "21": "1", "14": "2", "84": "2", "15": "2", "74": "3", "16": "2", "80": "3", "18": "3", "35": "2", "19": "2", "100": "2", "20": "2", "87": "2", "24": "2", "8": "1", "25": "2", "92": "1", "52": "5", "28": "2", "42": "2", "29": "2", "6": "1", "30": "2", "31": "3", "49": "2", "32": "2", "81": "2", "34": "2", "109": "1", "36": "2", "53": "2", "37": "2", "38": "3", "72": "2", "39": "2", "103": "2", "59": "2", "41": "2", "69": "4", "43": "2", "44": "2", "50": "2", "45": "3", "68": "2", "46": "2", "48": "2", "54": "2", "108": "1", "57": "2", "85": "2", "58": "2", "99": "1", "60": "3", "79": "1", "61": "2", "89": "2", "62": "3", "64": "5", "75": "2", "82": "2", "65": "3", "73": "3", "96": "2", "94": "1", "97": "2", "67": "1", "78": "2", "88": "2", "105": "1", "107": "2", "90": "2", "91": "2", "77": "1", "101": "2", "71": "1", "104": "3", "111": "2", "22": "1"}}