{"edges": [[1, 2], [2, 3], [3, 4], [4, 56], [6, 26], [9, 25], [10, 50], [11, 17], [12, 44], [12, 71], [14, 93], [14, 62], [16, 9], [17, 70], [17, 73], [18, 98], [20, 21], [21, 80], [22, 52], [24, 12], [26, 110], [30, 99], [30, 44], [31, 39], [31, 54], [35, 6], [35, 51], [37, 45], [38, 78], [39, 11], [40, 41], [41, 86], [41, 10], [43, 107], [44, 104], [45, 118], [56, 83], [47, 71], [47, 99], [49, 28], [49, 77], [50, 29], [51, 58], [52, 59], [53, 38], [53, 47], [54, 68], [56, 57], [57, 30], [58, 109], [58, 64], [59, 114], [60, 20], [62, 103], [64, 84], [64, 53], [65, 81], [68, 32], [71, 112], [76, 18], [77, 15], [77, 115], [77, 106], [78, 40], [80, 37], [80, 24], [81, 102], [83, 43], [84, 65], [86, 87], [87, 14], [90, 63], [90, 34], [91, 7], [93, 74], [94, 95], [95, 46], [96, 91], [98, 49], [99, 60], [100, 90], [102, 16], [102, 75], [103, 88], [103, 111], [104, 35], [106, 100], [106, 66], [107, 22], [107, 96], [109, 82], [110, 31], [111, 69], [112, 94], [114, 76], [115, 15], [115, 106]], "features": {"1": "1", "2": "2", "3": "2", "4": "2", "56": "3", "6": "2", "26": "2", "9": "2", "25": "1", "10": "2", "50": "2", "11": "2", "17": "3", "12": "3", "44": "3", "71": "3", "14": "3", "93": "2", "62": "2", "16": "2", "70": "1", "73": "1", "18": "2", "98": "2", "20": "2", "21": "2", "80": "3", "22": "2", "52": "2", "24": "2", "110": "2", "30": "3", "99": "3", "31": "3", "39": "2", "54": "2", "35": "3", "51": "2", "37": "2", "45": "2", "38": "2", "78": "2", "40": "2", "41": "3", "86": "2", "43": "2", "107": "3", "104": "2", "118": "1", "83": "2", "47": "3", "49": "3", "28": "1", "77": "4", "29": "1", "58": "3", "59": "2", "53": "3", "68": "2", "57": "2", "109": "2", "64": "3", "114": "2", "60": "2", "103": "3", "84": "2", "65": "2", "81": "2", "32": "1", "112": "2", "76": "2", "15": "2", "115": "3", "106": "4", "102": "3", "87": "2", "90": "3", "63": "1", "34": "1", "91": "2", "7": "1", "74": "1", "94": "2", "95": "2", "46": "1", "96": "2", "100": "2", "75": "1", "88": "1", "111": "2", "66": "1", "82": "1", "69": "1"}}