{"edges": [[1, 2], [2, 3], [3, 4], [4, 6], [6, 66], [7, 42], [9, 19], [12, 94], [12, 46], [13, 28], [14, 32], [16, 17], [17, 24], [20, 43], [20, 110], [21, 7], [22, 62], [23, 29], [24, 86], [26, 16], [26, 71], [29, 109], [30, 31], [31, 54], [31, 37], [32, 33], [33, 68], [33, 40], [35, 104], [36, 80], [37, 74], [38, 39], [39, 102], [40, 72], [42, 53], [42, 115], [43, 96], [46, 76], [47, 30], [49, 73], [50, 118], [52, 114], [53, 78], [54, 23], [55, 112], [55, 63], [58, 59], [59, 93], [60, 98], [60, 35], [62, 84], [62, 36], [66, 67], [67, 82], [68, 49], [69, 8], [71, 108], [72, 87], [73, 12], [74, 75], [75, 14], [78, 99], [79, 22], [79, 107], [80, 9], [81, 52], [81, 58], [82, 60], [83, 55], [84, 90], [86, 91], [86, 95], [87, 103], [90, 119], [91, 10], [93, 79], [94, 13], [98, 117], [99, 44], [99, 88], [102, 81], [103, 111], [103, 50], [104, 105], [105, 38], [107, 21], [108, 20], [109, 26], [110, 83], [111, 64], [112, 69], [114, 57], [115, 101], [117, 47]], "features": {"1": "1", "2": "2", "3": "2", "4": "2", "6": "2", "66": "2", "7": "2", "42": "3", "9": "2", "19": "1", "12": "3", "94": "2", "46": "2", "13": "2", "28": "1", "14": "2", "32": "2", "16": "2", "17": "2", "24": "2", "20": "3", "43": "2", "110": "2", "21": "2", "22": "2", "62": "3", "23": "2", "29": "2", "86": "3", "26": "3", "71": "2", "109": "2", "30": "2", "31": "3", "54": "2", "37": "2", "33": "3", "68": "2", "40": "2", "35": "2", "104": "2", "36": "2", "80": "2", "74": "2", "38": "2", "39": "2", "102": "2", "72": "2", "53": "2", "115": "2", "96": "1", "76": "1", "47": "2", "49": "2", "73": "2", "50": "2", "118": "1", "52": "2", "114": "2", "78": "2", "55": "3", "112": "2", "63": "1", "58": "2", "59": "2", "93": "2", "60": "3", "98": "2", "84": "2", "67": "2", "82": "2", "69": "2", "8": "1", "108": "2", "87": "2", "75": "2", "99": "3", "79": "3", "107": "2", "81": "3", "83": "2", "90": "2", "91": "2", "95": "1", "103": "3", "119": "1", "10": "1", "117": "2", "44": "1", "88": "1", "111": "2", "105": "2", "64": "1", "57": "1", "101": "1"}}