{"edges": [[1, 2], [2, 3], [3, 4], [4, 6], [6, 62], [7, 106], [8, 9], [9, 63], [10, 40], [11, 102], [12, 13], [13, 94], [14, 96], [15, 118], [16, 27], [17, 28], [19, 86], [20, 29], [21, 16], [21, 51], [22, 23], [23, 24], [24, 48], [25, 73], [27, 11], [28, 34], [30, 53], [31, 93], [32, 7], [35, 114], [38, 30], [38, 14], [39, 71], [39, 31], [40, 82], [40, 89], [42, 43], [43, 77], [43, 21], [44, 64], [45, 46], [46, 47], [48, 112], [49, 32], [50, 109], [51, 12], [54, 55], [55, 79], [56, 20], [57, 58], [58, 59], [59, 10], [60, 61], [61, 107], [62, 67], [63, 85], [64, 65], [65, 66], [66, 110], [67, 101], [67, 60], [69, 39], [70, 104], [70, 17], [71, 74], [73, 42], [76, 99], [77, 19], [78, 92], [79, 69], [82, 22], [83, 88], [85, 76], [87, 49], [87, 15], [88, 45], [89, 72], [90, 83], [90, 116], [92, 36], [92, 57], [93, 90], [94, 80], [95, 44], [96, 25], [98, 78], [99, 35], [101, 38], [102, 98], [103, 70], [104, 56], [106, 115], [107, 8], [109, 103], [110, 111], [111, 87], [114, 50], [114, 95], [115, 54]], "features": {"1": "1", "2": "2", "3": "2", "4": "2", "6": "2", "62": "2", "7": "2", "106": "2", "8": "2", "9": "2", "63": "2", "10": "2", "40": "3", "11": "2", "102": "2", "12": "2", "13": "2", "94": "2", "14": "2", "96": "2", "15": "2", "118": "1", "16": "2", "27": "2", "17": "2", "28": "2", "19": "2", "86": "1", "20": "2", "29": "1", "21": "3", "51": "2", "22": "2", "23": "2", "24": "2", "48": "2", "25": "2", "73": "2", "34": "1", "30": "2", "53": "1", "31": "2", "93": "2", "32": "2", "35": "2", "114": "3", "38": "3", "39": "3", "71": "2", "82": "2", "89": "2", "42": "2", "43": "3", "77": "2", "44": "2", "64": "2", "45": "2", "46": "2", "47": "1", "112": "1", "49": "2", "50": "2", "109": "2", "54": "2", "55": "2", "79": "2", "56": "2", "57": "2", "58": "2", "59": "2", "60": "2", "61": "2", "107": "2", "67": "3", "85": "2", "65": "2", "66": "2", "110": "2", "101": "2", "69": "2", "70": "3", "104": "2", "74": "1", "76": "2", "99": "2", "78": "2", "92": "3", "83": "2", "88": "2", "87": "3", "72": "1", "90": "3", "116": "1", "36": "1", "80": "1", "95": "2", "98": "2", "103": "2", "115": "2", "111": "2"}}