{"edges": [[1, 2], [2, 3], [3, 4], [4, 5], [5, 62], [6, 110], [8, 36], [10, 100], [10, 106], [11, 54], [13, 73], [14, 99], [15, 51], [15, 29], [17, 49], [19, 98], [20, 25], [21, 16], [21, 41], [22, 42], [24, 78], [25, 8], [26, 34], [28, 10], [29, 55], [30, 87], [31, 15], [33, 11], [34, 77], [36, 37], [37, 13], [38, 83], [40, 21], [41, 7], [42, 35], [43, 26], [46, 69], [47, 50], [49, 33], [50, 60], [51, 84], [52, 104], [55, 56], [56, 57], [58, 89], [59, 112], [59, 66], [60, 80], [62, 72], [63, 93], [63, 70], [64, 44], [66, 47], [67, 82], [68, 95], [69, 107], [70, 14], [72, 109], [75, 6], [76, 30], [77, 40], [80, 67], [81, 68], [81, 20], [82, 94], [83, 59], [84, 85], [86, 90], [87, 6], [87, 102], [87, 17], [89, 31], [90, 103], [91, 64], [91, 22], [93, 81], [94, 86], [94, 52], [95, 19], [97, 28], [98, 76], [99, 91], [102, 111], [103, 43], [104, 24], [106, 58], [107, 63], [109, 38], [110, 97], [111, 75], [112, 46]], "features": {"1": "1", "2": "2", "3": "2", "4": "2", "5": "2", "62": "2", "6": "3", "110": "2", "8": "2", "36": "2", "10": "3", "100": "1", "106": "2", "11": "2", "54": "1", "13": "2", "73": "1", "14": "2", "99": "2", "15": "3", "51": "2", "29": "2", "17": "2", "49": "2", "19": "2", "98": "2", "20": "2", "25": "2", "21": "3", "16": "1", "41": "2", "22": "2", "42": "2", "24": "2", "78": "1", "26": "2", "34": "2", "28": "2", "55": "2", "30": "2", "87": "4", "31": "2", "33": "2", "77": "2", "37": "2", "38": "2", "83": "2", "40": "2", "7": "1", "35": "1", "43": "2", "46": "2", "69": "2", "47": "2", "50": "2", "60": "2", "84": "2", "52": "2", "104": "2", "56": "2", "57": "1", "58": "2", "89": "2", "59": "3", "112": "2", "66": "2", "80": "2", "72": "2", "63": "3", "93": "2", "70": "2", "64": "2", "44": "1", "67": "2", "82": "2", "68": "2", "95": "2", "107": "2", "109": "2", "75": "2", "76": "2", "81": "3", "94": "3", "85": "1", "86": "2", "90": "2", "102": "2", "103": "2", "91": "3", "97": "2", "111": "2"}}