{"edges": [[1, 2], [2, 3], [3, 98], [3, 44], [4, 81], [7, 116], [8, 85], [11, 18], [13, 77], [13, 96], [14, 105], [16, 29], [16, 33], [18, 19], [19, 55], [20, 57], [22, 67], [23, 49], [24, 56], [26, 27], [27, 39], [31, 60], [32, 114], [33, 63], [34, 4], [36, 9], [38, 8], [42, 79], [42, 94], [43, 84], [44, 45], [45, 53], [47, 42], [47, 88], [48, 67], [49, 58], [50, 51], [51, 16], [53, 54], [54, 93], [55, 72], [55, 50], [56, 23], [58, 31], [58, 65], [60, 74], [61, 14], [63, 26], [64, 48], [65, 6], [67, 24], [68, 109], [69, 70], [70, 61], [72, 73], [73, 20], [74, 75], [75, 36], [77, 12], [78, 11], [80, 89], [81, 106], [81, 32], [84, 28], [84, 78], [85, 112], [85, 100], [87, 68], [88, 40], [89, 13], [89, 64], [90, 92], [92, 97], [92, 7], [93, 69], [94, 17], [96, 111], [96, 22], [97, 35], [98, 108], [100, 87], [101, 34], [101, 104], [104, 82], [104, 47], [105, 43], [108, 38], [109, 103], [109, 101], [111, 90], [112, 113], [113, 80]], "features": {"1": "1", "2": "2", "3": "3", "98": "2", "44": "2", "4": "2", "81": "3", "7": "2", "116": "1", "8": "2", "85": "3", "11": "2", "18": "2", "13": "3", "77": "2", "96": "3", "14": "2", "105": "2", "16": "3", "29": "1", "33": "2", "19": "2", "55": "3", "20": "2", "57": "1", "22": "2", "67": "3", "23": "2", "49": "2", "24": "2", "56": "2", "26": "2", "27": "2", "39": "1", "31": "2", "60": "2", "32": "2", "114": "1", "63": "2", "34": "2", "36": "2", "9": "1", "38": "2", "42": "3", "79": "1", "94": "2", "43": "2", "84": "3", "45": "2", "53": "2", "47": "3", "88": "2", "48": "2", "58": "3", "50": "2", "51": "2", "54": "2", "93": "2", "72": "2", "65": "2", "74": "2", "61": "2", "64": "2", "6": "1", "68": "2", "109": "3", "69": "2", "70": "2", "73": "2", "75": "2", "12": "1", "78": "2", "80": "2", "89": "3", "106": "1", "28": "1", "112": "2", "100": "2", "87": "2", "40": "1", "90": "2", "92": "3", "97": "2", "17": "1", "111": "2", "35": "1", "108": "2", "101": "3", "104": "3", "82": "1", "103": "1", "113": "2"}}