{"edges": [[1, 2], [2, 3], [3, 4], [4, 96], [6, 34], [7, 80], [9, 84], [10, 62], [11, 109], [12, 87], [14, 60], [15, 59], [17, 18], [18, 102], [20, 21], [21, 92], [22, 26], [24, 108], [25, 12], [26, 27], [27, 17], [28, 19], [29, 30], [30, 31], [31, 15], [32, 105], [32, 69], [34, 85], [36, 9], [37, 78], [38, 39], [39, 40], [40, 74], [41, 82], [42, 93], [44, 45], [45, 67], [46, 32], [48, 49], [49, 64], [49, 42], [50, 51], [51, 6], [53, 112], [54, 38], [55, 11], [56, 48], [58, 41], [60, 104], [62, 22], [63, 114], [64, 54], [65, 53], [67, 20], [68, 56], [69, 91], [70, 71], [71, 44], [71, 107], [72, 50], [74, 98], [75, 81], [75, 24], [76, 119], [78, 79], [79, 10], [80, 100], [81, 14], [82, 76], [84, 70], [85, 75], [86, 58], [87, 29], [89, 113], [91, 95], [92, 65], [93, 116], [95, 36], [96, 97], [97, 37], [98, 99], [99, 89], [102, 103], [103, 46], [103, 110], [104, 90], [105, 25], [107, 55], [108, 63], [109, 68], [109, 7], [110, 118], [112, 33], [114, 86], [116, 28], [118, 72]], "features": {"1": "1", "2": "2", "3": "2", "4": "2", "96": "2", "6": "2", "34": "2", "7": "2", "80": "2", "9": "2", "84": "2", "10": "2", "62": "2", "11": "2", "109": "3", "12": "2", "87": "2", "14": "2", "60": "2", "15": "2", "59": "1", "17": "2", "18": "2", "102": "2", "20": "2", "21": "2", "92": "2", "22": "2", "26": "2", "24": "2", "108": "2", "25": "2", "27": "2", "28": "2", "19": "1", "29": "2", "30": "2", "31": "2", "32": "3", "105": "2", "69": "2", "85": "2", "36": "2", "37": "2", "78": "2", "38": "2", "39": "2", "40": "2", "74": "2", "41": "2", "82": "2", "42": "2", "93": "2", "44": "2", "45": "2", "67": "2", "46": "2", "48": "2", "49": "3", "64": "2", "50": "2", "51": "2", "53": "2", "112": "2", "54": "2", "55": "2", "56": "2", "58": "2", "104": "2", "63": "2", "114": "2", "65": "2", "68": "2", "91": "2", "70": "2", "71": "3", "107": "2", "72": "2", "98": "2", "75": "3", "81": "2", "76": "2", "119": "1", "79": "2", "100": "1", "86": "2", "89": "2", "113": "1", "95": "2", "116": "2", "97": "2", "99": "2", "103": "3", "110": "2", "90": "1", "118": "2", "33": "1"}}