{"edges": [[1, 2], [2, 4], [4, 47], [5, 107], [6, 61], [6, 31], [8, 110], [9, 54], [10, 56], [11, 70], [14, 64], [15, 26], [15, 104], [18, 25], [23, 73], [24, 10], [25, 89], [26, 22], [28, 29], [29, 11], [32, 33], [33, 76], [34, 44], [34, 50], [36, 78], [38, 6], [39, 84], [41, 101], [42, 88], [44, 83], [45, 55], [45, 15], [47, 79], [47, 58], [48, 49], [49, 17], [49, 100], [50, 60], [51, 82], [52, 32], [54, 80], [56, 57], [57, 41], [58, 111], [60, 5], [61, 36], [62, 94], [64, 65], [65, 116], [65, 8], [66, 102], [67, 75], [69, 93], [70, 71], [71, 20], [71, 62], [73, 96], [74, 19], [75, 99], [76, 45], [78, 34], [79, 91], [82, 18], [83, 108], [84, 85], [85, 66], [85, 42], [86, 114], [89, 112], [89, 67], [91, 28], [92, 52], [93, 14], [94, 24], [96, 97], [97, 39], [99, 118], [100, 106], [101, 38], [102, 35], [104, 105], [105, 115], [106, 86], [107, 92], [110, 48], [110, 23], [110, 51], [111, 74], [112, 13], [114, 9], [115, 69], [116, 40]], "features": {"1": "1", "2": "2", "4": "2", "47": "3", "5": "2", "107": "2", "6": "3", "61": "2", "31": "1", "8": "2", "110": "4", "9": "2", "54": "2", "10": "2", "56": "2", "11": "2", "70": "2", "14": "2", "64": "2", "15": "3", "26": "2", "104": "2", "18": "2", "25": "2", "23": "2", "73": "2", "24": "2", "89": "3", "22": "1", "28": "2", "29": "2", "32": "2", "33": "2", "76": "2", "34": "3", "44": "2", "50": "2", "36": "2", "78": "2", "38": "2", "39": "2", "84": "2", "41": "2", "101": "2", "42": "2", "88": "1", "83": "2", "45": "3", "55": "1", "79": "2", "58": "2", "48": "2", "49": "3", "17": "1", "100": "2", "60": "2", "51": "2", "82": "2", "52": "2", "80": "1", "57": "2", "111": "2", "62": "2", "94": "2", "65": "3", "116": "2", "66": "2", "102": "2", "67": "2", "75": "2", "69": "2", "93": "2", "71": "3", "20": "1", "96": "2", "74": "2", "19": "1", "99": "2", "91": "2", "108": "1", "85": "3", "86": "2", "114": "2", "112": "2", "92": "2", "97": "2", "118": "1", "106": "2", "35": "1", "105": "2", "115": "2", "13": "1", "40": "1"}}