{"edges": [[1, 2], [2, 3], [3, 4], [4, 5], [5, 76], [6, 104], [8, 94], [9, 100], [10, 69], [11, 84], [13, 106], [14, 80], [17, 53], [18, 19], [19, 95], [20, 45], [21, 116], [22, 23], [23, 11], [23, 77], [24, 37], [25, 18], [26, 27], [27, 93], [30, 98], [31, 88], [32, 56], [34, 55], [35, 90], [36, 82], [39, 75], [40, 13], [41, 50], [42, 52], [44, 9], [45, 6], [46, 47], [47, 57], [48, 34], [49, 8], [49, 73], [50, 107], [52, 105], [53, 44], [55, 89], [56, 114], [59, 60], [60, 31], [62, 99], [64, 86], [65, 91], [66, 111], [68, 49], [69, 78], [70, 71], [71, 21], [71, 32], [73, 74], [74, 40], [75, 20], [76, 42], [77, 17], [78, 48], [80, 30], [81, 41], [82, 25], [82, 64], [83, 108], [84, 85], [85, 36], [86, 24], [88, 112], [89, 113], [90, 59], [91, 62], [93, 83], [94, 102], [95, 96], [96, 110], [98, 22], [100, 101], [101, 81], [101, 26], [102, 103], [103, 61], [105, 14], [106, 46], [107, 70], [108, 35], [110, 28], [111, 117], [112, 39], [112, 10], [113, 66], [114, 68], [116, 65]], "features": {"1": "1", "2": "2", "3": "2", "4": "2", "5": "2", "76": "2", "6": "2", "104": "1", "8": "2", "94": "2", "9": "2", "100": "2", "10": "2", "69": "2", "11": "2", "84": "2", "13": "2", "106": "2", "14": "2", "80": "2", "17": "2", "53": "2", "18": "2", "19": "2", "95": "2", "20": "2", "45": "2", "21": "2", "116": "2", "22": "2", "23": "3", "77": "2", "24": "2", "37": "1", "25": "2", "26": "2", "27": "2", "93": "2", "30": "2", "98": "2", "31": "2", "88": "2", "32": "2", "56": "2", "34": "2", "55": "2", "35": "2", "90": "2", "36": "2", "82": "3", "39": "2", "75": "2", "40": "2", "41": "2", "50": "2", "42": "2", "52": "2", "44": "2", "46": "2", "47": "2", "57": "1", "48": "2", "49": "3", "73": "2", "107": "2", "105": "2", "89": "2", "114": "2", "59": "2", "60": "2", "62": "2", "99": "1", "64": "2", "86": "2", "65": "2", "91": "2", "66": "2", "111": "2", "68": "2", "78": "2", "70": "2", "71": "3", "74": "2", "81": "2", "83": "2", "108": "2", "85": "2", "112": "3", "113": "2", "102": "2", "96": "2", "110": "2", "101": "3", "103": "2", "61": "1", "28": "1", "117": "1"}}