{"edges": [[1, 2], [2, 3], [3, 54], [4, 10], [4, 40], [6, 65], [7, 56], [10, 34], [12, 13], [13, 62], [15, 67], [16, 100], [17, 72], [18, 94], [19, 48], [20, 96], [21, 28], [23, 66], [24, 8], [25, 44], [26, 11], [27, 90], [28, 6], [29, 76], [30, 92], [31, 61], [32, 82], [34, 50], [35, 45], [37, 53], [38, 26], [39, 70], [40, 41], [41, 99], [43, 29], [44, 52], [45, 78], [46, 47], [47, 86], [49, 7], [49, 30], [50, 59], [52, 43], [52, 15], [53, 84], [54, 55], [55, 74], [58, 4], [59, 38], [59, 80], [60, 20], [61, 79], [62, 73], [62, 39], [67, 36], [68, 69], [69, 88], [70, 23], [71, 27], [73, 24], [74, 37], [77, 12], [78, 71], [79, 98], [79, 91], [79, 16], [80, 46], [81, 93], [83, 19], [83, 5], [84, 85], [85, 31], [88, 89], [89, 95], [89, 17], [90, 32], [90, 81], [91, 60], [92, 58], [93, 18], [94, 77], [94, 25], [95, 63], [96, 49], [98, 35], [99, 83], [100, 101], [101, 21], [101, 68]], "features": {"1": "1", "2": "2", "3": "2", "54": "2", "4": "3", "10": "2", "40": "2", "6": "2", "65": "1", "7": "2", "56": "1", "34": "2", "12": "2", "13": "2", "62": "3", "15": "2", "67": "2", "16": "2", "100": "2", "17": "2", "72": "1", "18": "2", "94": "3", "19": "2", "48": "1", "20": "2", "96": "2", "21": "2", "28": "2", "23": "2", "66": "1", "24": "2", "8": "1", "25": "2", "44": "2", "26": "2", "11": "1", "27": "2", "90": "3", "29": "2", "76": "1", "30": "2", "92": "2", "31": "2", "61": "2", "32": "2", "82": "1", "50": "2", "35": "2", "45": "2", "37": "2", "53": "2", "38": "2", "39": "2", "70": "2", "41": "2", "99": "2", "43": "2", "52": "3", "78": "2", "46": "2", "47": "2", "86": "1", "49": "3", "59": "3", "84": "2", "55": "2", "74": "2", "58": "2", "80": "2", "60": "2", "79": "4", "73": "2", "36": "1", "68": "2", "69": "2", "88": "2", "71": "2", "77": "2", "98": "2", "91": "2", "81": "2", "93": "2", "83": "3", "5": "1", "85": "2", "89": "3", "95": "2", "63": "1", "101": "3"}}