{"edges": [[1, 2], [2, 3], [3, 4], [4, 5], [5, 6], [6, 10], [7, 30], [8, 9], [9, 72], [10, 12], [12, 61], [13, 23], [14, 15], [15, 83], [16, 92], [18, 100], [18, 28], [19, 93], [20, 21], [21, 56], [23, 44], [24, 7], [25, 90], [26, 27], [27, 84], [28, 29], [29, 68], [32, 19], [33, 26], [34, 35], [35, 46], [36, 37], [37, 16], [38, 39], [39, 52], [39, 13], [41, 60], [42, 32], [43, 70], [43, 71], [45, 55], [46, 47], [47, 20], [49, 36], [50, 45], [51, 42], [52, 53], [53, 33], [54, 58], [55, 80], [57, 49], [58, 75], [60, 18], [61, 78], [61, 50], [61, 71], [62, 63], [63, 8], [63, 34], [64, 77], [66, 67], [67, 97], [68, 69], [69, 101], [70, 74], [71, 76], [74, 64], [75, 81], [76, 98], [77, 103], [78, 79], [79, 51], [80, 88], [81, 86], [83, 87], [84, 85], [85, 24], [86, 94], [87, 62], [88, 57], [89, 95], [90, 91], [91, 54], [92, 43], [93, 66], [93, 14], [95, 41], [97, 102], [98, 99], [99, 38], [100, 25], [101, 70], [102, 89]], "features": {"1": "1", "2": "2", "3": "2", "4": "2", "5": "2", "6": "2", "10": "2", "7": "2", "30": "1", "8": "2", "9": "2", "72": "1", "12": "2", "61": "4", "13": "2", "23": "2", "14": "2", "15": "2", "83": "2", "16": "2", "92": "2", "18": "3", "100": "2", "28": "2", "19": "2", "93": "3", "20": "2", "21": "2", "56": "1", "44": "1", "24": "2", "25": "2", "90": "2", "26": "2", "27": "2", "84": "2", "29": "2", "68": "2", "32": "2", "33": "2", "34": "2", "35": "2", "46": "2", "36": "2", "37": "2", "38": "2", "39": "3", "52": "2", "41": "2", "60": "2", "42": "2", "43": "3", "70": "3", "71": "3", "45": "2", "55": "2", "47": "2", "49": "2", "50": "2", "51": "2", "53": "2", "54": "2", "58": "2", "80": "2", "57": "2", "75": "2", "78": "2", "62": "2", "63": "3", "64": "2", "77": "2", "66": "2", "67": "2", "97": "2", "69": "2", "101": "2", "74": "2", "76": "2", "81": "2", "98": "2", "103": "1", "79": "2", "88": "2", "86": "2", "87": "2", "85": "2", "94": "1", "89": "2", "95": "2", "91": "2", "102": "2", "99": "2"}}