{"edges": [[1, 2], [2, 3], [3, 4], [4, 5], [5, 66], [6, 7], [7, 37], [8, 29], [10, 11], [11, 31], [14, 15], [15, 34], [16, 35], [16, 56], [17, 62], [18, 26], [20, 21], [21, 53], [24, 38], [24, 80], [26, 85], [27, 79], [28, 93], [29, 74], [31, 58], [31, 23], [32, 68], [34, 47], [37, 14], [38, 8], [39, 32], [39, 55], [40, 60], [40, 72], [41, 6], [44, 78], [44, 13], [46, 59], [46, 73], [47, 39], [48, 54], [49, 98], [50, 102], [52, 94], [52, 44], [53, 12], [54, 17], [55, 56], [56, 57], [57, 48], [58, 43], [58, 20], [62, 91], [63, 24], [64, 65], [65, 70], [66, 28], [67, 30], [68, 16], [70, 71], [71, 95], [72, 82], [73, 87], [74, 75], [75, 86], [79, 96], [80, 81], [81, 90], [82, 83], [83, 50], [84, 18], [84, 89], [86, 27], [87, 64], [89, 49], [90, 41], [90, 36], [91, 22], [92, 103], [93, 45], [93, 100], [94, 46], [96, 97], [97, 84], [98, 67], [100, 101], [101, 40], [102, 76], [102, 92], [103, 52], [103, 63], [103, 10]], "features": {"1": "1", "2": "2", "3": "2", "4": "2", "5": "2", "66": "2", "6": "2", "7": "2", "37": "2", "8": "2", "29": "2", "10": "2", "11": "2", "31": "3", "14": "2", "15": "2", "34": "2", "16": "3", "35": "1", "56": "3", "17": "2", "62": "2", "18": "2", "26": "2", "20": "2", "21": "2", "53": "2", "24": "3", "38": "2", "80": "2", "85": "1", "27": "2", "79": "2", "28": "2", "93": "3", "74": "2", "58": "3", "23": "1", "32": "2", "68": "2", "47": "2", "39": "3", "55": "2", "40": "3", "60": "1", "72": "2", "41": "2", "44": "3", "78": "1", "13": "1", "46": "3", "59": "1", "73": "2", "48": "2", "54": "2", "49": "2", "98": "2", "50": "2", "102": "3", "52": "3", "94": "2", "12": "1", "57": "2", "43": "1", "91": "2", "63": "2", "64": "2", "65": "2", "70": "2", "67": "2", "30": "1", "71": "2", "95": "1", "82": "2", "87": "2", "75": "2", "86": "2", "96": "2", "81": "2", "90": "3", "83": "2", "84": "3", "89": "2", "36": "1", "22": "1", "92": "2", "103": "4", "45": "1", "100": "2", "97": "2", "101": "2", "76": "1"}}