{"edges": [[1, 2], [2, 3], [3, 4], [4, 5], [5, 6], [6, 12], [8, 40], [10, 11], [11, 56], [11, 73], [12, 68], [13, 62], [15, 85], [16, 17], [17, 66], [18, 33], [18, 36], [19, 58], [19, 48], [20, 21], [21, 29], [21, 9], [22, 103], [25, 55], [25, 52], [26, 93], [27, 98], [27, 49], [28, 53], [29, 13], [32, 60], [32, 51], [33, 44], [35, 84], [38, 15], [39, 88], [40, 32], [42, 83], [43, 92], [44, 69], [46, 47], [47, 72], [47, 75], [48, 22], [49, 8], [51, 57], [52, 76], [54, 39], [55, 31], [56, 35], [57, 41], [58, 59], [59, 34], [60, 43], [62, 63], [63, 78], [64, 94], [67, 97], [68, 26], [72, 82], [73, 96], [74, 24], [75, 100], [76, 77], [77, 20], [78, 80], [80, 19], [81, 42], [81, 38], [82, 86], [83, 25], [84, 90], [84, 16], [85, 27], [86, 87], [87, 65], [88, 64], [88, 74], [89, 18], [90, 102], [93, 54], [93, 99], [94, 95], [95, 46], [96, 71], [97, 81], [98, 89], [99, 67], [100, 101], [101, 10], [102, 28]], "features": {"1": "1", "2": "2", "3": "2", "4": "2", "5": "2", "6": "2", "12": "2", "8": "2", "40": "2", "10": "2", "11": "3", "56": "2", "73": "2", "68": "2", "13": "2", "62": "2", "15": "2", "85": "2", "16": "2", "17": "2", "66": "1", "18": "3", "33": "2", "36": "1", "19": "3", "58": "2", "48": "2", "20": "2", "21": "3", "29": "2", "9": "1", "22": "2", "103": "1", "25": "3", "55": "2", "52": "2", "26": "2", "93": "3", "27": "3", "98": "2", "49": "2", "28": "2", "53": "1", "32": "3", "60": "2", "51": "2", "44": "2", "35": "2", "84": "3", "38": "2", "39": "2", "88": "3", "42": "2", "83": "2", "43": "2", "92": "1", "69": "1", "46": "2", "47": "3", "72": "2", "75": "2", "57": "2", "76": "2", "54": "2", "31": "1", "41": "1", "59": "2", "34": "1", "63": "2", "78": "2", "64": "2", "94": "2", "67": "2", "97": "2", "82": "2", "96": "2", "74": "2", "24": "1", "100": "2", "77": "2", "80": "2", "81": "3", "86": "2", "90": "2", "87": "2", "65": "1", "89": "2", "102": "2", "99": "2", "95": "2", "71": "1", "101": "2"}}