{"edges": [[1, 2], [2, 6], [2, 4], [3, 9], [3, 14], [4, 3], [4, 8], [6, 7], [7, 10], [7, 12], [8, 18], [8, 13], [9, 25], [9, 21], [10, 17], [10, 19], [12, 20], [12, 22], [13, 24], [13, 27], [14, 23], [14, 26], [17, 31], [17, 32], [18, 28], [18, 30], [19, 34], [19, 36], [21, 38], [21, 33], [25, 6], [26, 40], [26, 39], [27, 42], [27, 43], [28, 29], [29, 44], [29, 45], [32, 47], [32, 48], [33, 51], [33, 53], [34, 50], [34, 49], [38, 54], [38, 52], [40, 55], [40, 56], [42, 57], [42, 58], [43, 6], [44, 59], [44, 60], [45, 64], [45, 62], [47, 63], [47, 66], [48, 50], [50, 8], [51, 67], [51, 68], [52, 74], [52, 75], [53, 69], [53, 70], [54, 71], [54, 72], [55, 76], [55, 77], [56, 78], [56, 79], [59, 80], [59, 82], [60, 61], [61, 81], [61, 84], [63, 87], [63, 88], [64, 62], [64, 83], [64, 86], [66, 31], [67, 6], [69, 96], [69, 97], [70, 98], [70, 99], [71, 90], [71, 89], [74, 92], [74, 93], [75, 106], [77, 107], [79, 51], [81, 116], [81, 117], [82, 112], [82, 114], [84, 85], [87, 94], [87, 95], [89, 101], [89, 103], [90, 91], [91, 100], [91, 102], [93, 104], [93, 105], [95, 111], [95, 110], [99, 54], [107, 108], [112, 113]], "features": {"1": "1", "2": "3", "6": "5", "4": "3", "3": "3", "9": "3", "14": "3", "8": "4", "7": "3", "10": "3", "12": "3", "18": "3", "13": "3", "25": "2", "21": "3", "17": "3", "19": "3", "20": "1", "22": "1", "24": "1", "27": "3", "23": "1", "26": "3", "31": "2", "32": "3", "28": "2", "30": "1", "34": "3", "36": "1", "38": "3", "33": "3", "40": "3", "39": "1", "42": "3", "43": "2", "29": "3", "44": "3", "45": "3", "47": "3", "48": "2", "51": "4", "53": "3", "50": "3", "49": "1", "54": "4", "52": "3", "55": "3", "56": "3", "57": "1", "58": "1", "59": "3", "60": "2", "64": "4", "62": "2", "63": "3", "66": "2", "67": "2", "68": "1", "74": "3", "75": "2", "69": "3", "70": "3", "71": "3", "72": "1", "76": "1", "77": "2", "78": "1", "79": "2", "80": "1", "82": "3", "61": "3", "81": "3", "84": "2", "87": "3", "88": "1", "83": "1", "86": "1", "96": "1", "97": "1", "98": "1", "99": "2", "90": "2", "89": "3", "92": "1", "93": "3", "106": "1", "107": "2", "116": "1", "117": "1", "112": "2", "114": "1", "85": "1", "94": "1", "95": "3", "101": "1", "103": "1", "91": "3", "100": "1", "102": "1", "104": "1", "105": "1", "111": "1", "110": "1", "108": "1", "113": "1"}}