{"edges": [[1, 2], [2, 3], [2, 4], [3, 6], [3, 7], [4, 5], [5, 8], [5, 9], [6, 12], [6, 14], [7, 15], [7, 17], [8, 19], [8, 20], [9, 10], [10, 11], [11, 24], [11, 22], [12, 25], [12, 28], [14, 32], [14, 33], [15, 16], [16, 31], [16, 34], [17, 36], [17, 38], [19, 39], [19, 42], [20, 21], [21, 41], [21, 44], [25, 26], [26, 27], [27, 47], [27, 45], [28, 29], [29, 4], [32, 48], [32, 50], [34, 51], [34, 52], [36, 37], [37, 54], [37, 55], [41, 43], [42, 56], [42, 60], [43, 57], [43, 62], [45, 46], [46, 67], [46, 70], [47, 66], [47, 64], [48, 49], [49, 69], [49, 71], [51, 72], [51, 74], [52, 4], [54, 73], [54, 78], [55, 80], [56, 59], [57, 3], [59, 82], [59, 83], [60, 61], [64, 86], [64, 87], [66, 84], [66, 85], [67, 89], [67, 92], [69, 95], [69, 96], [70, 91], [70, 94], [71, 97], [71, 98], [73, 76], [74, 75], [76, 99], [76, 101], [77, 105], [77, 104], [78, 79], [79, 103], [79, 102], [80, 77], [80, 8000], [82, 106], [82, 107], [84, 3], [86, 94], [86, 114], [87, 90], [89, 108], [89, 109], [90, 115], [90, 116], [91, 110], [91, 111], [98, 124], [98, 125], [99, 100], [100, 126], [100, 127], [101, 128], [101, 129], [103, 131], [103, 130], [106, 112], [106, 113], [108, 117], [108, 120], [109, 118], [109, 119], [111, 121], [111, 122], [115, 1]], "features": {"1": "2", "2": "3", "3": "5", "4": "4", "6": "3", "7": "3", "5": "3", "8": "3", "9": "2", "12": "3", "14": "3", "15": "2", "17": "3", "19": "3", "20": "2", "10": "2", "11": "3", "24": "1", "22": "1", "25": "2", "28": "2", "32": "3", "33": "1", "16": "3", "31": "1", "34": "3", "36": "2", "38": "1", "39": "1", "42": "3", "21": "3", "41": "2", "44": "1", "26": "2", "27": "3", "47": "3", "45": "2", "29": "2", "48": "2", "50": "1", "51": "3", "52": "2", "37": "3", "54": "3", "55": "2", "43": "3", "56": "2", "60": "2", "57": "2", "62": "1", "46": "3", "67": "3", "70": "3", "66": "3", "64": "3", "49": "3", "69": "3", "71": "3", "72": "1", "74": "2", "73": "2", "78": "2", "80": "3", "59": "3", "82": "3", "83": "1", "61": "1", "86": "3", "87": "2", "84": "2", "85": "1", "89": "3", "92": "1", "95": "1", "96": "1", "91": "3", "94": "2", "97": "1", "98": "3", "76": "3", "75": "1", "99": "2", "101": "3", "77": "3", "105": "1", "104": "1", "79": "3", "103": "3", "102": "1", "8000": "1", "106": "3", "107": "1", "114": "1", "90": "3", "108": "3", "109": "3", "115": "2", "116": "1", "110": "1", "111": "3", "124": "1", "125": "1", "100": "3", "126": "1", "127": "1", "128": "1", "129": "1", "131": "1", "130": "1", "112": "1", "113": "1", "117": "1", "120": "1", "118": "1", "119": "1", "121": "1", "122": "1"}}