{"edges": [[1, 2], [2, 3], [3, 5], [5, 6], [6, 7], [6, 38], [7, 8], [8, 9], [9, 11], [9, 38], [11, 12], [12, 34], [12, 40], [14, 15], [15, 65], [15, 42], [16, 17], [17, 18], [18, 19], [18, 31], [19, 20], [20, 23], [20, 32], [23, 24], [24, 26], [26, 61], [26, 27], [27, 28], [28, 29], [29, 38], [31, 38], [32, 85], [32, 86], [34, 35], [35, 16], [35, 14], [37, 116], [37, 117], [38, 46], [38, 44], [40, 43], [43, 48], [43, 49], [44, 45], [45, 50], [45, 52], [46, 47], [47, 62], [47, 64], [48, 67], [48, 68], [49, 70], [49, 72], [50, 71], [50, 76], [52, 53], [53, 75], [53, 77], [54, 40], [56, 89], [56, 90], [57, 38], [58, 59], [59, 93], [60, 96], [60, 97], [64, 22], [65, 66], [66, 80], [66, 54], [68, 56], [68, 57], [70, 60], [70, 58], [72, 73], [75, 83], [75, 84], [76, 81], [76, 78], [78, 98], [78, 99], [80, 87], [80, 88], [85, 37], [85, 102], [86, 100], [86, 104], [87, 106], [87, 107], [88, 108], [88, 109], [90, 94], [93, 95], [95, 111], [95, 110], [97, 112], [97, 113], [98, 114], [98, 115], [100, 101], [101, 118], [101, 119], [102, 103], [104, 105], [110, 131], [110, 122], [110, 39], [111, 21], [111, 13], [114, 120], [114, 121], [116, 123], [116, 126], [117, 127], [117, 128], [119, 129], [119, 130], [123, 124]], "features": {"1": "1", "2": "2", "3": "2", "5": "2", "6": "3", "7": "2", "38": "7", "8": "2", "9": "3", "11": "2", "12": "3", "34": "2", "40": "3", "14": "2", "15": "3", "65": "2", "42": "1", "16": "2", "17": "2", "18": "3", "19": "2", "31": "2", "20": "3", "23": "2", "32": "3", "24": "2", "26": "3", "61": "1", "27": "2", "28": "2", "29": "2", "85": "3", "86": "3", "35": "3", "37": "3", "116": "3", "117": "3", "46": "2", "44": "2", "43": "3", "48": "3", "49": "3", "45": "3", "50": "3", "52": "2", "47": "3", "62": "1", "64": "2", "67": "1", "68": "3", "70": "3", "72": "2", "71": "1", "76": "3", "53": "3", "75": "3", "77": "1", "54": "2", "56": "3", "89": "1", "90": "2", "57": "2", "58": "2", "59": "2", "93": "2", "60": "3", "96": "1", "97": "3", "22": "1", "66": "3", "80": "3", "73": "1", "83": "1", "84": "1", "81": "1", "78": "3", "98": "3", "99": "1", "87": "3", "88": "3", "102": "2", "100": "2", "104": "2", "106": "1", "107": "1", "108": "1", "109": "1", "94": "1", "95": "3", "111": "3", "110": "4", "112": "1", "113": "1", "114": "3", "115": "1", "101": "3", "118": "1", "119": "3", "103": "1", "105": "1", "131": "1", "122": "1", "39": "1", "21": "1", "13": "1", "120": "1", "121": "1", "123": "2", "126": "1", "127": "1", "128": "1", "129": "1", "130": "1", "124": "1"}}