{"edges": [[1, 2], [2, 4], [4, 5], [5, 6], [5, 70], [6, 7], [7, 18], [7, 12], [8, 26], [8, 29], [9, 13], [9, 15], [10, 19], [10, 8], [12, 10], [13, 14], [14, 21], [14, 24], [15, 16], [16, 17], [17, 23], [17, 28], [18, 9], [19, 20], [20, 33], [21, 22], [22, 35], [22, 57], [23, 41], [24, 25], [25, 37], [25, 40], [26, 27], [27, 43], [27, 44], [28, 70], [29, 45], [29, 59], [30, 32], [32, 48], [32, 49], [33, 30], [33, 36], [35, 64], [35, 60], [36, 52], [36, 54], [37, 38], [38, 70], [41, 66], [41, 68], [44, 70], [45, 46], [46, 70], [48, 58], [48, 61], [49, 51], [53, 62], [53, 65], [54, 70], [57, 53], [59, 70], [60, 70], [65, 70], [66, 70], [68, 69], [69, 70], [70, 72], [70, 76], [71, 88], [71, 90], [72, 74], [74, 75], [75, 78], [75, 81], [76, 86], [76, 71], [77, 100], [78, 79], [79, 80], [80, 84], [80, 91], [81, 83], [83, 95], [83, 98], [86, 87], [87, 77], [87, 101], [88, 89], [89, 112], [89, 105], [90, 115], [90, 102], [91, 93], [93, 94], [94, 103], [94, 107], [95, 96], [96, 106], [96, 116], [98, 99], [99, 108], [99, 118], [101, 111], [101, 120], [102, 6], [103, 6], [107, 6], [108, 109], [111, 6], [112, 121], [112, 122], [116, 117], [117, 6], [118, 6]], "features": {"1": "1", "2": "2", "4": "2", "5": "3", "6": "8", "70": "13", "7": "3", "18": "2", "12": "2", "8": "3", "26": "2", "29": "3", "9": "3", "13": "2", "15": "2", "10": "3", "19": "2", "14": "3", "21": "2", "24": "2", "16": "2", "17": "3", "23": "2", "28": "2", "20": "2", "33": "3", "22": "3", "35": "3", "57": "2", "41": "3", "25": "3", "37": "2", "40": "1", "27": "3", "43": "1", "44": "2", "45": "2", "59": "2", "30": "2", "32": "3", "48": "3", "49": "2", "36": "3", "64": "1", "60": "2", "52": "1", "54": "2", "38": "2", "66": "2", "68": "2", "46": "2", "58": "1", "61": "1", "51": "1", "53": "3", "62": "1", "65": "2", "69": "2", "72": "2", "76": "3", "71": "3", "88": "2", "90": "3", "74": "2", "75": "3", "78": "2", "81": "2", "86": "2", "77": "2", "100": "1", "79": "2", "80": "3", "84": "1", "91": "2", "83": "3", "95": "2", "98": "2", "87": "3", "101": "3", "89": "3", "112": "3", "105": "1", "115": "1", "102": "2", "93": "2", "94": "3", "103": "2", "107": "2", "96": "3", "106": "1", "116": "2", "99": "3", "108": "2", "118": "2", "111": "2", "120": "1", "109": "1", "121": "1", "122": "1", "117": "2"}}