{"edges": [[1, 3], [3, 4], [4, 6], [6, 10], [6, 15], [7, 13], [9, 17], [10, 12], [12, 20], [12, 21], [13, 9], [13, 16], [15, 7], [16, 19], [17, 18], [18, 24], [18, 22], [19, 38], [20, 40], [20, 29], [21, 33], [21, 42], [22, 23], [23, 35], [23, 39], [24, 37], [24, 30], [25, 27], [27, 105], [27, 53], [28, 68], [29, 59], [29, 117], [30, 49], [32, 71], [32, 87], [33, 46], [35, 25], [36, 70], [37, 32], [37, 54], [38, 41], [38, 50], [39, 28], [39, 36], [40, 102], [40, 60], [41, 48], [42, 43], [43, 58], [46, 47], [47, 65], [47, 40], [48, 84], [48, 116], [49, 57], [49, 52], [50, 51], [51, 86], [51, 91], [52, 96], [53, 62], [54, 74], [58, 98], [59, 82], [62, 61], [62, 66], [65, 103], [65, 76], [66, 67], [67, 113], [68, 69], [70, 106], [70, 108], [71, 79], [74, 80], [80, 112], [80, 73], [82, 104], [84, 124], [86, 89], [89, 90], [90, 77], [90, 119], [91, 92], [92, 93], [93, 115], [94, 95], [95, 121], [95, 111], [96, 97], [97, 98], [98, 99], [99, 109], [99, 63], [103, 44], [104, 100], [104, 81], [106, 107], [113, 114], [115, 122], [119, 120], [121, 85], [124, 94]], "features": {"1": "1", "3": "2", "4": "2", "6": "3", "10": "2", "15": "2", "7": "2", "13": "3", "9": "2", "17": "2", "12": "3", "20": "3", "21": "3", "16": "2", "19": "2", "18": "3", "24": "3", "22": "2", "38": "3", "40": "4", "29": "3", "33": "2", "42": "2", "23": "3", "35": "2", "39": "3", "37": "3", "30": "2", "25": "2", "27": "3", "105": "1", "53": "2", "28": "2", "68": "2", "59": "2", "117": "1", "49": "3", "32": "3", "71": "2", "87": "1", "46": "2", "36": "2", "70": "3", "54": "2", "41": "2", "50": "2", "102": "1", "60": "1", "48": "3", "43": "2", "58": "2", "47": "3", "65": "3", "84": "2", "116": "1", "57": "1", "52": "2", "51": "3", "86": "2", "91": "2", "96": "2", "62": "3", "74": "2", "98": "3", "82": "2", "61": "1", "66": "2", "103": "2", "76": "1", "67": "2", "113": "2", "69": "1", "106": "2", "108": "1", "79": "1", "80": "3", "112": "1", "73": "1", "104": "3", "124": "2", "89": "2", "90": "3", "77": "1", "119": "2", "92": "2", "93": "2", "115": "2", "94": "2", "95": "3", "121": "2", "111": "1", "97": "2", "99": "3", "109": "1", "63": "1", "44": "1", "100": "1", "81": "1", "107": "1", "114": "1", "122": "1", "120": "1", "85": "1"}}