{"edges": [[1, 2], [2, 3], [2, 4], [3, 9], [4, 5], [5, 6], [6, 13], [6, 18], [9, 10], [10, 11], [10, 12], [11, 14], [12, 17], [13, 20], [14, 23], [14, 25], [17, 41], [17, 40], [18, 22], [19, 31], [20, 21], [21, 54], [22, 19], [22, 32], [23, 29], [25, 39], [26, 30], [29, 61], [29, 42], [30, 55], [30, 75], [32, 58], [32, 84], [33, 36], [34, 109], [34, 26], [40, 46], [41, 44], [42, 77], [42, 100], [44, 45], [45, 49], [46, 47], [47, 50], [50, 64], [50, 72], [54, 56], [55, 111], [55, 78], [56, 59], [56, 76], [57, 62], [57, 96], [58, 83], [58, 107], [59, 74], [61, 101], [61, 66], [62, 89], [63, 57], [64, 70], [67, 71], [70, 104], [70, 106], [71, 79], [74, 34], [75, 95], [77, 63], [78, 81], [79, 93], [82, 52], [82, 37], [83, 86], [84, 92], [88, 91], [88, 67], [89, 90], [92, 88], [93, 94], [96, 97], [97, 98], [98, 99], [100, 33], [101, 102], [102, 112], [103, 69], [106, 108], [109, 113], [112, 82], [112, 103], [113, 87]], "features": {"1": "1", "2": "3", "3": "2", "4": "2", "9": "2", "5": "2", "6": "3", "13": "2", "18": "2", "10": "3", "11": "2", "12": "2", "14": "3", "17": "3", "20": "2", "23": "2", "25": "2", "41": "2", "40": "2", "22": "3", "19": "2", "31": "1", "21": "2", "54": "2", "32": "3", "29": "3", "39": "1", "26": "2", "30": "3", "61": "3", "42": "3", "55": "3", "75": "2", "58": "3", "84": "2", "33": "2", "36": "1", "34": "3", "109": "2", "46": "2", "44": "2", "77": "2", "100": "2", "45": "2", "49": "1", "47": "2", "50": "3", "64": "2", "72": "1", "56": "3", "111": "1", "78": "2", "59": "2", "76": "1", "57": "3", "62": "2", "96": "2", "83": "2", "107": "1", "74": "2", "101": "2", "66": "1", "89": "2", "63": "2", "70": "3", "67": "2", "71": "2", "104": "1", "106": "2", "79": "2", "95": "1", "81": "1", "93": "2", "82": "3", "52": "1", "37": "1", "86": "1", "92": "2", "88": "3", "91": "1", "90": "1", "94": "1", "97": "2", "98": "2", "99": "1", "102": "2", "112": "3", "103": "2", "69": "1", "108": "1", "113": "2", "87": "1"}}