{"edges": [[1, 2], [2, 4], [4, 8], [4, 10], [5, 50], [5, 52], [8, 13], [9, 14], [9, 25], [10, 12], [12, 21], [12, 16], [13, 19], [13, 24], [14, 15], [15, 45], [15, 80], [16, 17], [17, 22], [19, 20], [20, 27], [20, 32], [21, 9], [22, 5], [24, 28], [24, 36], [25, 33], [25, 41], [27, 30], [28, 29], [29, 58], [29, 55], [30, 39], [30, 99], [32, 35], [35, 51], [35, 65], [36, 38], [38, 42], [41, 44], [42, 43], [43, 66], [43, 46], [44, 48], [45, 86], [45, 85], [46, 77], [47, 68], [50, 7], [50, 82], [51, 100], [51, 105], [52, 53], [53, 57], [55, 56], [56, 73], [56, 76], [57, 75], [57, 47], [58, 40], [58, 60], [59, 62], [60, 67], [62, 63], [63, 69], [65, 103], [65, 107], [66, 70], [67, 122], [67, 72], [68, 92], [68, 96], [73, 81], [75, 78], [76, 108], [78, 120], [78, 89], [80, 91], [80, 112], [81, 95], [82, 83], [85, 114], [85, 110], [86, 88], [88, 94], [92, 93], [93, 119], [96, 97], [97, 116], [97, 117], [98, 102], [100, 98], [100, 59], [105, 106], [110, 115], [112, 113], [113, 118], [113, 123], [114, 84], [114, 109], [120, 121]], "features": {"1": "1", "2": "2", "4": "3", "8": "2", "10": "2", "5": "3", "50": "3", "52": "2", "13": "3", "9": "3", "14": "2", "25": "3", "12": "3", "21": "2", "16": "2", "19": "2", "24": "3", "15": "3", "45": "3", "80": "3", "17": "2", "22": "2", "20": "3", "27": "2", "32": "2", "28": "2", "36": "2", "33": "1", "41": "2", "30": "3", "29": "3", "58": "3", "55": "2", "39": "1", "99": "1", "35": "3", "51": "3", "65": "3", "38": "2", "42": "2", "44": "2", "43": "3", "66": "2", "46": "2", "48": "1", "86": "2", "85": "3", "77": "1", "47": "2", "68": "3", "7": "1", "82": "2", "100": "3", "105": "2", "53": "2", "57": "3", "56": "3", "73": "2", "76": "2", "75": "2", "40": "1", "60": "2", "59": "2", "62": "2", "67": "3", "63": "2", "69": "1", "103": "1", "107": "1", "70": "1", "122": "1", "72": "1", "92": "2", "96": "2", "81": "2", "78": "3", "108": "1", "120": "2", "89": "1", "91": "1", "112": "2", "95": "1", "83": "1", "114": "3", "110": "2", "88": "2", "94": "1", "93": "2", "119": "1", "97": "3", "116": "1", "117": "1", "98": "2", "102": "1", "106": "1", "115": "1", "113": "3", "118": "1", "123": "1", "84": "1", "109": "1", "121": "1"}}