{"edges": [[1, 2], [2, 7], [4, 79], [4, 20], [5, 10], [7, 5], [8, 22], [8, 117], [10, 16], [13, 8], [13, 90], [14, 15], [15, 58], [15, 45], [16, 4], [19, 33], [20, 21], [21, 14], [22, 23], [23, 19], [23, 36], [24, 25], [24, 112], [25, 28], [25, 119], [26, 104], [26, 108], [28, 29], [29, 102], [29, 123], [30, 34], [31, 62], [33, 24], [33, 48], [34, 78], [34, 11], [36, 37], [37, 51], [37, 53], [39, 46], [39, 52], [40, 44], [41, 70], [42, 77], [42, 47], [44, 112], [44, 55], [45, 13], [46, 82], [48, 39], [48, 118], [53, 40], [55, 42], [57, 60], [58, 59], [59, 73], [60, 80], [60, 68], [64, 67], [67, 56], [67, 101], [68, 69], [69, 50], [70, 72], [72, 31], [72, 64], [73, 41], [73, 57], [75, 85], [79, 86], [80, 81], [81, 61], [81, 43], [85, 120], [85, 116], [86, 96], [86, 109], [94, 95], [95, 115], [95, 65], [96, 107], [98, 99], [99, 87], [99, 26], [100, 105], [101, 75], [102, 103], [103, 30], [104, 110], [105, 93], [105, 94], [107, 98], [107, 74], [108, 88], [108, 124], [109, 100], [110, 111], [115, 97], [118, 91]], "features": {"1": "1", "2": "2", "7": "2", "4": "3", "79": "2", "20": "2", "5": "2", "10": "2", "8": "3", "22": "2", "117": "1", "16": "2", "13": "3", "90": "1", "14": "2", "15": "3", "58": "2", "45": "2", "19": "2", "33": "3", "21": "2", "23": "3", "36": "2", "24": "3", "25": "3", "112": "2", "28": "2", "119": "1", "26": "3", "104": "2", "108": "3", "29": "3", "102": "2", "123": "1", "30": "2", "34": "3", "31": "2", "62": "1", "48": "3", "78": "1", "11": "1", "37": "3", "51": "1", "53": "2", "39": "3", "46": "2", "52": "1", "40": "2", "44": "3", "41": "2", "70": "2", "42": "3", "77": "1", "47": "1", "55": "2", "82": "1", "118": "2", "57": "2", "60": "3", "59": "2", "73": "3", "80": "2", "68": "2", "64": "2", "67": "3", "56": "1", "101": "2", "69": "2", "50": "1", "72": "3", "75": "2", "85": "3", "86": "3", "81": "3", "61": "1", "43": "1", "120": "1", "116": "1", "96": "2", "109": "2", "94": "2", "95": "3", "115": "2", "65": "1", "107": "3", "98": "2", "99": "3", "87": "1", "100": "2", "105": "3", "103": "2", "110": "2", "93": "1", "74": "1", "88": "1", "124": "1", "111": "1", "97": "1", "91": "1"}}