{"edges": [[1, 2], [2, 8], [5, 18], [7, 9], [8, 87], [9, 84], [12, 95], [13, 100], [14, 27], [14, 42], [16, 106], [18, 21], [18, 92], [19, 64], [19, 22], [21, 19], [22, 36], [24, 26], [26, 48], [26, 40], [27, 60], [29, 96], [30, 39], [30, 14], [31, 49], [32, 50], [35, 41], [35, 52], [36, 44], [36, 102], [39, 15], [39, 93], [40, 55], [41, 54], [42, 29], [42, 57], [44, 67], [45, 83], [48, 70], [49, 76], [49, 53], [50, 16], [51, 68], [52, 56], [53, 47], [54, 79], [55, 66], [55, 63], [56, 73], [57, 45], [57, 13], [60, 98], [63, 103], [64, 24], [65, 81], [65, 112], [66, 105], [67, 71], [68, 80], [70, 99], [71, 10], [73, 74], [74, 51], [74, 75], [75, 89], [76, 91], [80, 104], [80, 111], [81, 23], [82, 9], [84, 90], [87, 94], [89, 4], [89, 58], [90, 12], [90, 30], [92, 35], [94, 7], [94, 5], [95, 32], [95, 31], [98, 108], [102, 59], [102, 65], [103, 107], [105, 82], [107, 86], [108, 109]], "features": {"1": "1", "2": "2", "8": "2", "5": "2", "18": "3", "7": "2", "9": "3", "87": "2", "84": "2", "12": "2", "95": "3", "13": "2", "100": "1", "14": "3", "27": "2", "42": "3", "16": "2", "106": "1", "21": "2", "92": "2", "19": "3", "64": "2", "22": "2", "36": "3", "24": "2", "26": "3", "48": "2", "40": "2", "60": "2", "29": "2", "96": "1", "30": "3", "39": "3", "31": "2", "49": "3", "32": "2", "50": "2", "35": "3", "41": "2", "52": "2", "44": "2", "102": "3", "15": "1", "93": "1", "55": "3", "54": "2", "57": "3", "67": "2", "45": "2", "83": "1", "70": "2", "76": "2", "53": "2", "51": "2", "68": "2", "56": "2", "47": "1", "79": "1", "66": "2", "63": "2", "73": "2", "98": "2", "103": "2", "65": "3", "81": "2", "112": "1", "105": "2", "71": "2", "80": "3", "99": "1", "10": "1", "74": "3", "75": "2", "89": "3", "91": "1", "104": "1", "111": "1", "23": "1", "82": "2", "90": "3", "94": "3", "4": "1", "58": "1", "108": "2", "59": "1", "107": "2", "86": "1", "109": "1"}}