{"edges": [[1, 2], [2, 10], [3, 4], [4, 8], [7, 28], [8, 20], [8, 24], [10, 11], [11, 3], [14, 42], [16, 19], [17, 53], [18, 39], [19, 57], [19, 65], [19, 7], [20, 16], [22, 52], [23, 47], [23, 60], [24, 14], [25, 36], [27, 29], [28, 33], [29, 56], [29, 105], [30, 31], [32, 72], [32, 44], [33, 23], [34, 32], [35, 25], [36, 54], [36, 46], [38, 111], [39, 50], [42, 43], [43, 35], [43, 18], [44, 45], [45, 70], [46, 27], [47, 64], [48, 114], [50, 87], [50, 63], [53, 38], [53, 113], [54, 88], [55, 41], [56, 58], [57, 17], [58, 106], [60, 77], [63, 78], [64, 34], [65, 68], [66, 67], [67, 119], [68, 69], [69, 112], [70, 30], [71, 91], [72, 76], [73, 104], [74, 75], [75, 97], [76, 71], [76, 82], [77, 22], [77, 73], [78, 80], [78, 108], [80, 90], [82, 61], [83, 51], [85, 101], [87, 96], [87, 109], [88, 116], [88, 93], [91, 13], [93, 94], [94, 85], [94, 100], [96, 74], [97, 117], [98, 99], [100, 55], [101, 79], [104, 66], [104, 48], [105, 98], [106, 107], [107, 83], [109, 86], [111, 102], [113, 92], [116, 95]], "features": {"1": "1", "2": "2", "10": "2", "3": "2", "4": "2", "8": "3", "7": "2", "28": "2", "20": "2", "24": "2", "11": "2", "14": "2", "42": "2", "16": "2", "19": "4", "17": "2", "53": "3", "18": "2", "39": "2", "57": "2", "65": "2", "22": "2", "52": "1", "23": "3", "47": "2", "60": "2", "25": "2", "36": "3", "27": "2", "29": "3", "33": "2", "56": "2", "105": "2", "30": "2", "31": "1", "32": "3", "72": "2", "44": "2", "34": "2", "35": "2", "54": "2", "46": "2", "38": "2", "111": "2", "50": "3", "43": "3", "45": "2", "70": "2", "64": "2", "48": "2", "114": "1", "87": "3", "63": "2", "113": "2", "88": "3", "55": "2", "41": "1", "58": "2", "106": "2", "77": "3", "78": "3", "68": "2", "66": "2", "67": "2", "119": "1", "69": "2", "112": "1", "71": "2", "91": "2", "76": "3", "73": "2", "104": "3", "74": "2", "75": "2", "97": "2", "82": "2", "80": "2", "108": "1", "90": "1", "61": "1", "83": "2", "51": "1", "85": "2", "101": "2", "96": "2", "109": "2", "116": "2", "93": "2", "13": "1", "94": "3", "100": "2", "117": "1", "98": "2", "99": "1", "79": "1", "107": "2", "86": "1", "102": "1", "92": "1", "95": "1"}}