{"edges": [[1, 2], [2, 3], [3, 4], [4, 5], [5, 6], [6, 8], [8, 19], [8, 9], [9, 11], [11, 12], [12, 13], [13, 14], [14, 15], [14, 16], [15, 29], [16, 17], [17, 30], [17, 18], [19, 20], [20, 21], [21, 22], [22, 24], [24, 26], [24, 25], [25, 38], [25, 54], [26, 27], [27, 25], [28, 121], [29, 36], [29, 47], [30, 31], [31, 33], [33, 34], [34, 43], [34, 69], [36, 51], [36, 104], [38, 39], [39, 40], [40, 65], [43, 44], [44, 45], [45, 68], [45, 48], [47, 53], [48, 50], [50, 56], [51, 52], [52, 125], [54, 55], [56, 57], [57, 83], [57, 59], [58, 102], [59, 61], [61, 62], [62, 63], [63, 64], [64, 70], [64, 98], [65, 66], [66, 67], [67, 79], [67, 87], [70, 71], [71, 72], [72, 74], [74, 75], [75, 76], [76, 77], [77, 82], [79, 80], [80, 81], [81, 85], [81, 90], [82, 118], [82, 126], [83, 84], [84, 111], [85, 86], [85, 58], [87, 88], [88, 96], [90, 91], [91, 93], [93, 94], [94, 95], [95, 105], [95, 109], [96, 97], [98, 100], [100, 101], [105, 107], [107, 108], [109, 110], [110, 112], [112, 114], [114, 115], [115, 116], [116, 117], [118, 119], [119, 28], [121, 122], [122, 123], [123, 127]], "features": {"1": "1", "2": "2", "3": "2", "4": "2", "5": "2", "6": "2", "8": "3", "19": "2", "9": "2", "11": "2", "12": "2", "13": "2", "14": "3", "15": "2", "16": "2", "29": "3", "17": "3", "30": "2", "18": "1", "20": "2", "21": "2", "22": "2", "24": "3", "26": "2", "25": "4", "38": "2", "54": "2", "27": "2", "28": "2", "121": "2", "36": "3", "47": "2", "31": "2", "33": "2", "34": "3", "43": "2", "69": "1", "51": "2", "104": "1", "39": "2", "40": "2", "65": "2", "44": "2", "45": "3", "68": "1", "48": "2", "53": "1", "50": "2", "56": "2", "52": "2", "125": "1", "55": "1", "57": "3", "83": "2", "59": "2", "58": "2", "102": "1", "61": "2", "62": "2", "63": "2", "64": "3", "70": "2", "98": "2", "66": "2", "67": "3", "79": "2", "87": "2", "71": "2", "72": "2", "74": "2", "75": "2", "76": "2", "77": "2", "82": "3", "80": "2", "81": "3", "85": "3", "90": "2", "118": "2", "126": "1", "84": "2", "111": "1", "86": "1", "88": "2", "96": "2", "91": "2", "93": "2", "94": "2", "95": "3", "105": "2", "109": "2", "97": "1", "100": "2", "101": "1", "107": "2", "108": "1", "110": "2", "112": "2", "114": "2", "115": "2", "116": "2", "117": "1", "119": "2", "122": "2", "123": "2", "127": "1"}}