{"edges": [[1, 2], [2, 3], [3, 4], [4, 5], [5, 6], [6, 8], [8, 10], [10, 14], [11, 12], [12, 59], [12, 79], [14, 16], [16, 18], [16, 27], [16, 33], [17, 21], [18, 19], [19, 20], [20, 22], [22, 23], [23, 25], [25, 26], [26, 17], [26, 39], [27, 28], [28, 29], [29, 31], [31, 32], [32, 50], [32, 46], [33, 34], [34, 35], [35, 36], [36, 37], [37, 38], [38, 60], [38, 66], [39, 40], [40, 41], [41, 42], [42, 44], [44, 45], [45, 7], [46, 47], [47, 48], [48, 75], [48, 49], [49, 56], [50, 51], [51, 52], [52, 53], [53, 54], [54, 64], [54, 11], [56, 58], [60, 61], [61, 62], [62, 63], [64, 65], [66, 101], [68, 70], [70, 71], [71, 72], [72, 73], [73, 78], [75, 76], [78, 94], [78, 85], [79, 80], [80, 81], [81, 82], [82, 83], [83, 88], [83, 107], [85, 86], [86, 87], [87, 104], [88, 89], [89, 91], [91, 92], [92, 93], [94, 97], [97, 99], [99, 100], [100, 102], [101, 68], [102, 103], [103, 96]], "features": {"1": "1", "2": "2", "3": "2", "4": "2", "5": "2", "6": "2", "8": "2", "10": "2", "14": "2", "11": "2", "12": "3", "59": "1", "79": "2", "16": "4", "18": "2", "27": "2", "33": "2", "17": "2", "21": "1", "19": "2", "20": "2", "22": "2", "23": "2", "25": "2", "26": "3", "39": "2", "28": "2", "29": "2", "31": "2", "32": "3", "50": "2", "46": "2", "34": "2", "35": "2", "36": "2", "37": "2", "38": "3", "60": "2", "66": "2", "40": "2", "41": "2", "42": "2", "44": "2", "45": "2", "7": "1", "47": "2", "48": "3", "75": "2", "49": "2", "56": "2", "51": "2", "52": "2", "53": "2", "54": "3", "64": "2", "58": "1", "61": "2", "62": "2", "63": "1", "65": "1", "101": "2", "68": "2", "70": "2", "71": "2", "72": "2", "73": "2", "78": "3", "76": "1", "94": "2", "85": "2", "80": "2", "81": "2", "82": "2", "83": "3", "88": "2", "107": "1", "86": "2", "87": "2", "104": "1", "89": "2", "91": "2", "92": "2", "93": "1", "97": "2", "99": "2", "100": "2", "102": "2", "103": "2", "96": "1"}}