{"edges": [[1, 2], [2, 3], [3, 5], [5, 7], [7, 8], [8, 9], [9, 10], [9, 15], [10, 12], [12, 13], [13, 22], [13, 35], [15, 16], [16, 18], [18, 20], [20, 21], [20, 45], [21, 30], [22, 24], [24, 26], [26, 28], [28, 29], [29, 36], [30, 32], [32, 33], [33, 37], [33, 43], [35, 39], [36, 48], [36, 38], [39, 40], [40, 42], [42, 80], [42, 44], [43, 85], [44, 61], [45, 46], [46, 49], [48, 54], [49, 51], [51, 52], [51, 71], [54, 55], [55, 57], [57, 58], [58, 59], [59, 60], [60, 65], [60, 79], [61, 62], [62, 63], [63, 64], [64, 72], [64, 78], [64, 107], [65, 66], [66, 68], [68, 69], [69, 77], [69, 98], [72, 73], [73, 74], [74, 4], [74, 91], [77, 104], [78, 121], [78, 99], [79, 115], [79, 96], [80, 81], [81, 82], [82, 87], [82, 109], [85, 86], [86, 113], [86, 105], [87, 88], [88, 89], [89, 90], [91, 92], [92, 93], [93, 95], [96, 97], [97, 115], [98, 102], [99, 100], [102, 103], [103, 120], [105, 106], [107, 108], [109, 111], [115, 116], [116, 118], [118, 119]], "features": {"1": "1", "2": "2", "3": "2", "5": "2", "7": "2", "8": "2", "9": "3", "10": "2", "15": "2", "12": "2", "13": "3", "22": "2", "35": "2", "16": "2", "18": "2", "20": "3", "21": "2", "45": "2", "30": "2", "24": "2", "26": "2", "28": "2", "29": "2", "36": "3", "32": "2", "33": "3", "37": "1", "43": "2", "39": "2", "48": "2", "38": "1", "40": "2", "42": "3", "80": "2", "44": "2", "85": "2", "61": "2", "46": "2", "49": "2", "54": "2", "51": "3", "52": "1", "71": "1", "55": "2", "57": "2", "58": "2", "59": "2", "60": "3", "65": "2", "79": "3", "62": "2", "63": "2", "64": "4", "72": "2", "78": "3", "107": "2", "66": "2", "68": "2", "69": "3", "77": "2", "98": "2", "73": "2", "74": "3", "4": "1", "91": "2", "104": "1", "121": "1", "99": "2", "115": "3", "96": "2", "81": "2", "82": "3", "87": "2", "109": "2", "86": "3", "113": "1", "105": "2", "88": "2", "89": "2", "90": "1", "92": "2", "93": "2", "95": "1", "97": "2", "102": "2", "100": "1", "103": "2", "120": "1", "106": "1", "108": "1", "111": "1", "116": "2", "118": "2", "119": "1"}}