{"edges": [[1, 2], [2, 4], [4, 6], [4, 8], [6, 7], [8, 10], [10, 11], [11, 13], [13, 14], [14, 16], [16, 22], [16, 17], [17, 18], [18, 19], [19, 20], [20, 21], [21, 43], [21, 32], [22, 23], [23, 25], [25, 26], [26, 27], [27, 38], [27, 28], [28, 29], [29, 30], [30, 31], [31, 51], [31, 42], [32, 33], [33, 35], [35, 36], [38, 39], [39, 40], [42, 46], [43, 44], [44, 57], [46, 48], [48, 49], [49, 76], [49, 62], [51, 53], [53, 55], [55, 56], [56, 63], [56, 71], [57, 58], [58, 59], [59, 60], [60, 50], [62, 66], [63, 64], [66, 69], [69, 70], [70, 82], [70, 75], [71, 72], [72, 73], [73, 74], [75, 103], [76, 77], [77, 79], [79, 80], [80, 81], [81, 89], [81, 94], [82, 84], [84, 85], [85, 87], [87, 88], [88, 3], [89, 90], [90, 92], [92, 93], [94, 95], [95, 97], [97, 99], [99, 101], [103, 104], [103, 110], [105, 106], [106, 108], [108, 109], [110, 105], [110, 111], [111, 112], [112, 113], [113, 114], [114, 115], [115, 116]], "features": {"1": "1", "2": "2", "4": "3", "6": "2", "8": "2", "7": "1", "10": "2", "11": "2", "13": "2", "14": "2", "16": "3", "22": "2", "17": "2", "18": "2", "19": "2", "20": "2", "21": "3", "43": "2", "32": "2", "23": "2", "25": "2", "26": "2", "27": "3", "38": "2", "28": "2", "29": "2", "30": "2", "31": "3", "51": "2", "42": "2", "33": "2", "35": "2", "36": "1", "39": "2", "40": "1", "46": "2", "44": "2", "57": "2", "48": "2", "49": "3", "76": "2", "62": "2", "53": "2", "55": "2", "56": "3", "63": "2", "71": "2", "58": "2", "59": "2", "60": "2", "50": "1", "66": "2", "64": "1", "69": "2", "70": "3", "82": "2", "75": "2", "72": "2", "73": "2", "74": "1", "103": "3", "77": "2", "79": "2", "80": "2", "81": "3", "89": "2", "94": "2", "84": "2", "85": "2", "87": "2", "88": "2", "3": "1", "90": "2", "92": "2", "93": "1", "95": "2", "97": "2", "99": "2", "101": "1", "104": "1", "110": "3", "105": "2", "106": "2", "108": "2", "109": "1", "111": "2", "112": "2", "113": "2", "114": "2", "115": "2", "116": "1"}}