{"edges": [[1, 2], [2, 3], [3, 4], [4, 5], [5, 9], [6, 7], [7, 8], [8, 16], [9, 11], [11, 12], [12, 13], [13, 14], [14, 15], [15, 17], [15, 6], [16, 21], [16, 33], [17, 18], [18, 20], [20, 25], [20, 35], [21, 23], [23, 24], [24, 36], [24, 46], [25, 26], [26, 27], [27, 28], [28, 29], [29, 30], [30, 31], [31, 67], [31, 53], [33, 34], [34, 57], [35, 47], [36, 37], [37, 40], [40, 41], [41, 42], [42, 43], [43, 44], [44, 45], [45, 71], [45, 105], [46, 54], [47, 49], [49, 50], [50, 51], [51, 52], [52, 65], [52, 68], [53, 59], [54, 58], [58, 38], [59, 60], [60, 62], [62, 63], [63, 64], [64, 79], [64, 89], [65, 85], [67, 87], [68, 88], [71, 72], [72, 73], [73, 74], [74, 76], [76, 77], [77, 93], [77, 101], [79, 80], [80, 81], [81, 83], [83, 84], [85, 86], [89, 90], [90, 92], [93, 94], [94, 95], [95, 97], [97, 98], [98, 99], [99, 100], [101, 102], [105, 106], [106, 107], [107, 108], [108, 110], [110, 111], [111, 112], [112, 118], [112, 113], [113, 115], [115, 116], [116, 119]], "features": {"1": "1", "2": "2", "3": "2", "4": "2", "5": "2", "9": "2", "6": "2", "7": "2", "8": "2", "16": "3", "11": "2", "12": "2", "13": "2", "14": "2", "15": "3", "17": "2", "21": "2", "33": "2", "18": "2", "20": "3", "25": "2", "35": "2", "23": "2", "24": "3", "36": "2", "46": "2", "26": "2", "27": "2", "28": "2", "29": "2", "30": "2", "31": "3", "67": "2", "53": "2", "34": "2", "57": "1", "47": "2", "37": "2", "40": "2", "41": "2", "42": "2", "43": "2", "44": "2", "45": "3", "71": "2", "105": "2", "54": "2", "49": "2", "50": "2", "51": "2", "52": "3", "65": "2", "68": "2", "59": "2", "58": "2", "38": "1", "60": "2", "62": "2", "63": "2", "64": "3", "79": "2", "89": "2", "85": "2", "87": "1", "88": "1", "72": "2", "73": "2", "74": "2", "76": "2", "77": "3", "93": "2", "101": "2", "80": "2", "81": "2", "83": "2", "84": "1", "86": "1", "90": "2", "92": "1", "94": "2", "95": "2", "97": "2", "98": "2", "99": "2", "100": "1", "102": "1", "106": "2", "107": "2", "108": "2", "110": "2", "111": "2", "112": "3", "118": "1", "113": "2", "115": "2", "116": "2", "119": "1"}}