{"edges": [[1, 2], [2, 4], [4, 5], [5, 7], [7, 8], [8, 33], [8, 9], [9, 10], [10, 11], [11, 12], [11, 16], [12, 14], [14, 20], [15, 54], [16, 18], [18, 22], [18, 26], [20, 21], [21, 31], [21, 36], [22, 23], [23, 24], [25, 51], [26, 29], [29, 30], [30, 45], [30, 39], [33, 34], [34, 47], [34, 15], [35, 43], [39, 40], [40, 41], [41, 42], [42, 68], [42, 78], [47, 48], [48, 49], [49, 50], [50, 19], [50, 25], [51, 52], [52, 53], [52, 61], [53, 59], [54, 57], [57, 58], [58, 72], [58, 35], [59, 63], [59, 65], [61, 62], [63, 64], [65, 66], [66, 67], [68, 70], [70, 71], [71, 105], [71, 95], [72, 73], [73, 74], [74, 75], [74, 79], [75, 76], [76, 77], [78, 83], [79, 80], [80, 81], [81, 84], [81, 87], [83, 86], [87, 88], [88, 90], [90, 91], [91, 92], [92, 101], [92, 93], [93, 94], [94, 109], [94, 110], [95, 96], [96, 97], [97, 98], [98, 99], [99, 100], [100, 108], [100, 115], [101, 102], [105, 107], [110, 112], [112, 113], [113, 114], [114, 117], [114, 118], [115, 116], [116, 121], [116, 122], [117, 119], [119, 120], [122, 123]], "features": {"1": "1", "2": "2", "4": "2", "5": "2", "7": "2", "8": "3", "33": "2", "9": "2", "10": "2", "11": "3", "12": "2", "16": "2", "14": "2", "20": "2", "15": "2", "54": "2", "18": "3", "22": "2", "26": "2", "21": "3", "31": "1", "36": "1", "23": "2", "24": "1", "25": "2", "51": "2", "29": "2", "30": "3", "45": "1", "39": "2", "34": "3", "47": "2", "35": "2", "43": "1", "40": "2", "41": "2", "42": "3", "68": "2", "78": "2", "48": "2", "49": "2", "50": "3", "19": "1", "52": "3", "53": "2", "61": "2", "59": "3", "57": "2", "58": "3", "72": "2", "63": "2", "65": "2", "62": "1", "64": "1", "66": "2", "67": "1", "70": "2", "71": "3", "105": "2", "95": "2", "73": "2", "74": "3", "75": "2", "79": "2", "76": "2", "77": "1", "83": "2", "80": "2", "81": "3", "84": "1", "87": "2", "86": "1", "88": "2", "90": "2", "91": "2", "92": "3", "101": "2", "93": "2", "94": "3", "109": "1", "110": "2", "96": "2", "97": "2", "98": "2", "99": "2", "100": "3", "108": "1", "115": "2", "102": "1", "107": "1", "112": "2", "113": "2", "114": "3", "117": "2", "118": "1", "116": "3", "121": "1", "122": "2", "119": "2", "120": "1", "123": "1"}}