{"edges": [[1, 2], [2, 3], [3, 4], [4, 7], [7, 8], [8, 12], [9, 10], [10, 113], [11, 15], [12, 17], [12, 20], [15, 16], [17, 18], [18, 19], [19, 21], [19, 32], [20, 28], [21, 22], [22, 23], [23, 24], [24, 25], [25, 26], [26, 30], [27, 37], [28, 27], [28, 38], [30, 46], [30, 49], [32, 34], [34, 35], [35, 36], [36, 42], [37, 65], [37, 68], [38, 39], [39, 40], [40, 41], [41, 9], [41, 45], [42, 81], [42, 83], [45, 51], [46, 47], [47, 55], [47, 60], [49, 50], [50, 59], [51, 52], [52, 54], [54, 112], [54, 114], [55, 56], [59, 73], [59, 77], [60, 62], [62, 64], [65, 66], [66, 67], [68, 69], [69, 70], [70, 11], [70, 71], [71, 72], [72, 74], [73, 76], [74, 75], [77, 79], [79, 80], [81, 82], [82, 89], [83, 84], [84, 86], [86, 90], [89, 91], [90, 95], [90, 98], [91, 92], [92, 93], [93, 99], [95, 96], [96, 97], [97, 108], [98, 102], [99, 100], [100, 101], [102, 103], [103, 104], [104, 105], [105, 106], [106, 107], [108, 109], [109, 110], [110, 111]], "features": {"1": "1", "2": "2", "3": "2", "4": "2", "7": "2", "8": "2", "12": "3", "9": "2", "10": "2", "113": "1", "11": "2", "15": "2", "17": "2", "20": "2", "16": "1", "18": "2", "19": "3", "21": "2", "32": "2", "28": "3", "22": "2", "23": "2", "24": "2", "25": "2", "26": "2", "30": "3", "27": "2", "37": "3", "38": "2", "46": "2", "49": "2", "34": "2", "35": "2", "36": "2", "42": "3", "65": "2", "68": "2", "39": "2", "40": "2", "41": "3", "45": "2", "81": "2", "83": "2", "51": "2", "47": "3", "55": "2", "60": "2", "50": "2", "59": "3", "52": "2", "54": "3", "112": "1", "114": "1", "56": "1", "73": "2", "77": "2", "62": "2", "64": "1", "66": "2", "67": "1", "69": "2", "70": "3", "71": "2", "72": "2", "74": "2", "76": "1", "75": "1", "79": "2", "80": "1", "82": "2", "89": "2", "84": "2", "86": "2", "90": "3", "91": "2", "95": "2", "98": "2", "92": "2", "93": "2", "99": "2", "96": "2", "97": "2", "108": "2", "102": "2", "100": "2", "101": "1", "103": "2", "104": "2", "105": "2", "106": "2", "107": "1", "109": "2", "110": "2", "111": "1"}}