{"edges": [[1, 2], [2, 4], [2, 3], [3, 8], [4, 5], [5, 6], [6, 14], [7, 28], [7, 17], [8, 20], [10, 11], [11, 18], [11, 19], [12, 23], [14, 15], [14, 10], [14, 12], [17, 30], [18, 26], [19, 34], [20, 7], [20, 33], [23, 29], [23, 39], [24, 25], [25, 48], [25, 41], [28, 50], [29, 36], [30, 31], [33, 46], [34, 20], [36, 52], [36, 44], [39, 40], [40, 24], [41, 42], [42, 43], [43, 45]], "features": {"1": "1", "2": "3", "4": "2", "3": "2", "8": "2", "5": "2", "6": "2", "14": "4", "7": "3", "28": "2", "17": "2", "20": "4", "10": "2", "11": "3", "18": "2", "19": "2", "12": "2", "23": "3", "15": "1", "30": "2", "26": "1", "34": "2", "33": "2", "29": "2", "39": "2", "24": "2", "25": "3", "48": "1", "41": "2", "50": "1", "36": "3", "31": "1", "46": "1", "52": "1", "44": "1", "40": "2", "42": "2", "43": "2", "45": "1"}}