{"edges": [[1, 2], [2, 5], [2, 6], [5, 9], [5, 10], [6, 7], [7, 14], [7, 16], [9, 19], [9, 20], [10, 11], [11, 12], [12, 22], [12, 24], [14, 15], [15, 27], [15, 29], [16, 30], [16, 54], [22, 23], [23, 36], [23, 34], [24, 25], [25, 38], [27, 44], [27, 46], [29, 50], [29, 52], [30, 31], [36, 37], [38, 39], [39, 40], [39, 42], [40, 41], [42, 43], [46, 49]], "features": {"1": "1", "2": "3", "5": "3", "6": "2", "9": "3", "10": "2", "7": "3", "14": "2", "16": "3", "19": "1", "20": "1", "11": "2", "12": "3", "22": "2", "24": "2", "15": "3", "27": "3", "29": "3", "30": "2", "54": "1", "23": "3", "36": "2", "34": "1", "25": "2", "38": "2", "44": "1", "46": "2", "50": "1", "52": "1", "31": "1", "37": "1", "39": "3", "40": "2", "42": "2", "41": "1", "43": "1", "49": "1"}}