{"edges": [[1, 2], [2, 3], [3, 4], [3, 18], [4, 24], [4, 21], [7, 11], [7, 8], [8, 30], [8, 33], [11, 13], [13, 14], [14, 35], [14, 17], [17, 42], [17, 46], [18, 7], [21, 39], [22, 43], [22, 27], [24, 22], [27, 50], [30, 40], [35, 36], [42, 44], [43, 28], [46, 49]], "features": {"1": "1", "2": "2", "3": "3", "4": "3", "18": "2", "24": "2", "21": "2", "7": "3", "11": "2", "8": "3", "30": "2", "33": "1", "13": "2", "14": "3", "35": "2", "17": "3", "42": "2", "46": "2", "39": "1", "22": "3", "43": "2", "27": "2", "50": "1", "40": "1", "36": "1", "44": "1", "28": "1", "49": "1"}}