{"edges": [[1, 2], [2, 8], [2, 12], [4, 5], [5, 18], [6, 17], [8, 21], [8, 32], [11, 45], [12, 22], [12, 31], [14, 15], [15, 42], [17, 27], [17, 35], [21, 4], [21, 11], [22, 39], [27, 28], [31, 49], [32, 6], [32, 40], [35, 46], [36, 24], [40, 51], [45, 14], [45, 36], [49, 6], [51, 52]], "features": {"1": "1", "2": "3", "8": "3", "12": "3", "4": "2", "5": "2", "18": "1", "6": "3", "17": "3", "21": "3", "32": "3", "11": "2", "45": "3", "22": "2", "31": "2", "14": "2", "15": "2", "42": "1", "27": "2", "35": "2", "39": "1", "28": "1", "49": "2", "40": "2", "46": "1", "36": "2", "24": "1", "51": "2", "52": "1"}}