{"edges": [[1, 2], [1, 4], [2, 6], [2, 22], [4, 11], [4, 12], [4, 14], [6, 7], [7, 8], [8, 9], [9, 16], [9, 18], [12, 13], [13, 20], [14, 22], [14, 26], [16, 17], [17, 21], [18, 26], [20, 47], [20, 30], [22, 32], [22, 34], [24, 25], [25, 29], [25, 48], [26, 27], [27, 40], [27, 44], [30, 24], [34, 35], [35, 36], [36, 38], [36, 52], [38, 39], [39, 50], [39, 42], [40, 41], [44, 45]], "features": {"1": "2", "2": "3", "4": "4", "6": "2", "22": "4", "11": "1", "12": "2", "14": "3", "7": "2", "8": "2", "9": "3", "16": "2", "18": "2", "13": "2", "20": "3", "26": "3", "17": "2", "21": "1", "47": "1", "30": "2", "32": "1", "34": "2", "24": "2", "25": "3", "29": "1", "48": "1", "27": "3", "40": "2", "44": "2", "35": "2", "36": "3", "38": "2", "52": "1", "39": "3", "50": "1", "42": "1", "41": "1", "45": "1"}}