{"edges": [[1, 2], [2, 4], [3, 52], [3, 1000], [3, 1], [3, 2], [3, 4], [3, 7], [3, 8], [3, 10], [3, 12], [3, 13], [3, 14], [3, 17], [3, 18], [3, 19], [3, 20], [3, 22], [3, 24], [3, 25], [3, 26], [3, 28], [3, 29], [3, 30], [3, 32], [3, 33], [3, 34], [3, 37], [3, 38], [3, 39], [3, 41], [3, 43], [3, 44], [3, 47], [3, 48], [3, 49], [3, 50], [3, 51], [3, 52], [4, 50], [4, 8], [7, 12], [7, 20], [7, 14], [7, 23], [8, 10], [10, 22], [10, 26], [10, 24], [10, 17], [12, 13], [13, 18], [17, 44], [17, 48], [18, 19], [19, 28], [19, 32], [22, 30], [24, 25], [25, 41], [25, 43], [28, 29], [30, 34], [30, 38], [32, 33], [33, 37], [37, 10], [38, 39], [43, 47], [48, 49], [48, 51], [48, 3], [50, 7]], "features": {"1": "2", "2": "3", "4": "4", "3": "38", "52": "2", "1000": "1", "7": "6", "8": "3", "10": "7", "12": "3", "13": "3", "14": "2", "17": "4", "18": "3", "19": "4", "20": "2", "22": "3", "24": "3", "25": "4", "26": "2", "28": "3", "29": "2", "30": "4", "32": "3", "33": "3", "34": "2", "37": "3", "38": "3", "39": "2", "41": "2", "43": "3", "44": "2", "47": "2", "48": "5", "49": "2", "50": "3", "51": "2", "23": "1"}}