{"edges": [[1, 2], [2, 12], [2, 4], [4, 5], [5, 14], [5, 23], [6, 11], [9, 13], [11, 16], [12, 9], [12, 6], [13, 18], [14, 46], [16, 20], [16, 26], [18, 19], [19, 39], [19, 29], [20, 25], [20, 37], [23, 28], [25, 30], [26, 25], [26, 37], [28, 32], [29, 35], [30, 36], [35, 40], [39, 43], [39, 44], [40, 50], [43, 54], [44, 48], [46, 47], [48, 52], [50, 51]], "features": {"1": "1", "2": "3", "12": "3", "4": "2", "5": "3", "14": "2", "23": "2", "6": "2", "11": "2", "9": "2", "13": "2", "16": "3", "18": "2", "46": "2", "20": "3", "26": "3", "19": "3", "39": "3", "29": "2", "25": "3", "37": "2", "28": "2", "30": "2", "32": "1", "35": "2", "36": "1", "40": "2", "43": "2", "44": "2", "50": "2", "54": "1", "48": "2", "47": "1", "52": "1", "51": "1"}}