{"edges": [[1, 2], [2, 3], [3, 4], [3, 6], [4, 18], [6, 7], [7, 10], [9, 28], [10, 20], [10, 16], [12, 31], [12, 37], [16, 17], [17, 52], [18, 19], [19, 22], [19, 27], [19, 12], [20, 9], [20, 15], [22, 43], [22, 49], [24, 25], [25, 50], [25, 44], [27, 32], [28, 24], [28, 38], [31, 46], [32, 33], [33, 40], [33, 35], [46, 47], [52, 53]], "features": {"1": "1", "2": "2", "3": "3", "4": "2", "6": "2", "18": "2", "7": "2", "10": "3", "9": "2", "28": "3", "20": "3", "16": "2", "12": "3", "31": "2", "37": "1", "17": "2", "52": "2", "19": "4", "22": "3", "27": "2", "15": "1", "43": "1", "49": "1", "24": "2", "25": "3", "50": "1", "44": "1", "32": "2", "38": "1", "46": "2", "33": "3", "40": "1", "35": "1", "47": "1", "53": "1"}}