{"edges": [[1, 2], [2, 3], [3, 10], [3, 18], [4, 48], [6, 7], [7, 38], [7, 12], [8, 26], [8, 13], [9, 27], [9, 16], [10, 11], [11, 19], [12, 14], [13, 9], [14, 36], [16, 22], [18, 8], [19, 6], [19, 23], [20, 21], [21, 43], [21, 4], [22, 20], [23, 25], [25, 42], [25, 34], [26, 23], [26, 30], [27, 28], [30, 31], [31, 33], [34, 45], [36, 37], [38, 39], [39, 40], [42, 51], [43, 46], [48, 49]], "features": {"1": "1", "2": "2", "3": "3", "10": "2", "18": "2", "4": "2", "48": "2", "6": "2", "7": "3", "38": "2", "12": "2", "8": "3", "26": "3", "13": "2", "9": "3", "27": "2", "16": "2", "11": "2", "19": "3", "14": "2", "36": "2", "22": "2", "23": "3", "20": "2", "21": "3", "43": "2", "25": "3", "42": "2", "34": "2", "30": "2", "28": "1", "31": "2", "33": "1", "45": "1", "37": "1", "39": "2", "40": "1", "51": "1", "46": "1", "49": "1"}}