{"edges": [[1, 3], [3, 6], [4, 7], [4, 12], [6, 4], [6, 12], [7, 10], [9, 36], [9, 32], [10, 14], [10, 25], [12, 17], [12, 22], [14, 15], [15, 28], [15, 30], [17, 9], [17, 26], [18, 19], [20, 21], [21, 24], [22, 8], [22, 20], [24, 33], [24, 39], [28, 29], [29, 41], [29, 30], [30, 31], [32, 54], [33, 34], [34, 35], [35, 45], [35, 42], [36, 37], [37, 46], [37, 50], [41, 49], [41, 18], [46, 52]], "features": {"1": "1", "3": "2", "6": "3", "4": "3", "7": "2", "12": "4", "10": "3", "9": "3", "36": "2", "32": "2", "14": "2", "25": "1", "17": "3", "22": "3", "15": "3", "28": "2", "30": "3", "26": "1", "18": "2", "19": "1", "20": "2", "21": "2", "24": "3", "8": "1", "33": "2", "39": "1", "29": "3", "41": "3", "31": "1", "54": "1", "34": "2", "35": "3", "45": "1", "42": "1", "37": "3", "46": "2", "50": "1", "49": "1", "52": "1"}}