{"edges": [[1, 2], [2, 10], [2, 21], [4, 41], [4, 48], [7, 32], [8, 22], [8, 13], [10, 30], [10, 7], [11, 14], [13, 35], [14, 44], [16, 38], [17, 18], [18, 19], [19, 4], [21, 11], [21, 26], [22, 29], [25, 16], [26, 50], [29, 42], [29, 47], [30, 8], [32, 25], [32, 17], [38, 52], [48, 36]], "features": {"1": "1", "2": "3", "10": "3", "21": "3", "4": "3", "41": "1", "48": "2", "7": "2", "32": "3", "8": "3", "22": "2", "13": "2", "30": "2", "11": "2", "14": "2", "35": "1", "44": "1", "16": "2", "38": "2", "17": "2", "18": "2", "19": "2", "26": "2", "29": "3", "25": "2", "50": "1", "42": "1", "47": "1", "52": "1", "36": "1"}}