{"edges": [[1, 3], [3, 9], [3, 15], [4, 10], [4, 35], [6, 37], [9, 20], [10, 32], [13, 4], [14, 19], [15, 16], [16, 17], [17, 22], [18, 30], [19, 27], [19, 44], [20, 24], [20, 29], [22, 34], [23, 40], [24, 42], [29, 13], [29, 18], [30, 31], [31, 6], [31, 23], [32, 53], [34, 38], [34, 14], [35, 46], [38, 48], [44, 50], [46, 47], [50, 51], [51, 54]], "features": {"1": "1", "3": "3", "9": "2", "15": "2", "4": "3", "10": "2", "35": "2", "6": "2", "37": "1", "20": "3", "32": "2", "13": "2", "14": "2", "19": "3", "16": "2", "17": "2", "22": "2", "18": "2", "30": "2", "27": "1", "44": "2", "24": "2", "29": "3", "34": "3", "23": "2", "40": "1", "42": "1", "31": "3", "53": "1", "38": "2", "46": "2", "48": "1", "50": "2", "47": "1", "51": "2", "54": "1"}}