{"edges": [[1, 2], [2, 7], [2, 8], [3, 29], [7, 3], [7, 10], [8, 25], [8, 14], [10, 30], [10, 20], [11, 12], [14, 18], [15, 26], [16, 15], [16, 28], [18, 23], [18, 47], [19, 34], [20, 33], [20, 36], [23, 11], [23, 44], [25, 4], [25, 39], [29, 16], [30, 45], [36, 42], [39, 51], [40, 52], [42, 53], [44, 40], [45, 49], [47, 19], [49, 50]], "features": {"1": "1", "2": "3", "7": "3", "8": "3", "3": "2", "29": "2", "10": "3", "25": "3", "14": "2", "30": "2", "20": "3", "11": "2", "12": "1", "18": "3", "15": "2", "26": "1", "16": "3", "28": "1", "23": "3", "47": "2", "19": "2", "34": "1", "33": "1", "36": "2", "44": "2", "4": "1", "39": "2", "45": "2", "42": "2", "51": "1", "40": "2", "52": "1", "53": "1", "49": "2", "50": "1"}}