{"edges": [[1, 2], [2, 6], [4, 13], [4, 24], [6, 9], [7, 33], [9, 14], [10, 36], [10, 30], [13, 32], [14, 18], [14, 26], [16, 50], [16, 29], [17, 22], [18, 10], [21, 4], [22, 38], [22, 16], [24, 45], [26, 27], [27, 17], [29, 41], [30, 31], [31, 47], [32, 43], [33, 35], [36, 7], [36, 21], [38, 39], [41, 52], [47, 49], [49, 46], [50, 51]], "features": {"1": "1", "2": "2", "6": "2", "4": "3", "13": "2", "24": "2", "9": "2", "7": "2", "33": "2", "14": "3", "10": "3", "36": "3", "30": "2", "32": "2", "18": "2", "26": "2", "16": "3", "50": "2", "29": "2", "17": "2", "22": "3", "21": "2", "38": "2", "45": "1", "27": "2", "41": "2", "31": "2", "47": "2", "43": "1", "35": "1", "39": "1", "52": "1", "49": "2", "46": "1", "51": "1"}}