{"edges": [[1, 2], [2, 5], [3, 13], [5, 8], [5, 10], [6, 29], [8, 3], [8, 15], [10, 16], [11, 30], [11, 40], [13, 22], [13, 28], [16, 6], [16, 25], [16, 33], [19, 50], [23, 36], [25, 11], [26, 46], [28, 43], [28, 45], [33, 20], [33, 39], [39, 46], [40, 48], [45, 19], [45, 23], [46, 51], [48, 26], [48, 35]], "features": {"1": "1", "2": "2", "5": "3", "3": "2", "13": "3", "8": "3", "10": "2", "6": "2", "29": "1", "15": "1", "16": "4", "11": "3", "30": "1", "40": "2", "22": "1", "28": "3", "25": "2", "33": "3", "19": "2", "50": "1", "23": "2", "36": "1", "26": "2", "46": "3", "43": "1", "45": "3", "20": "1", "39": "2", "48": "3", "51": "1", "35": "1"}}