{"edges": [[1, 2], [2, 8], [2, 18], [5, 31], [6, 26], [8, 42], [9, 23], [11, 17], [11, 46], [13, 28], [17, 5], [17, 36], [18, 11], [20, 38], [25, 41], [26, 32], [26, 35], [28, 45], [28, 34], [32, 51], [35, 27], [36, 9], [41, 14], [41, 48], [42, 6], [42, 13], [46, 50], [50, 20], [50, 25]], "features": {"1": "1", "2": "3", "8": "2", "18": "2", "5": "2", "31": "1", "6": "2", "26": "3", "42": "3", "9": "2", "23": "1", "11": "3", "17": "3", "46": "2", "13": "2", "28": "3", "36": "2", "20": "2", "38": "1", "25": "2", "41": "3", "32": "2", "35": "2", "45": "1", "34": "1", "51": "1", "27": "1", "14": "1", "48": "1", "50": "3"}}