{"edges": [[1, 2], [2, 3], [3, 8], [3, 10], [4, 5], [5, 33], [5, 34], [7, 13], [7, 38], [8, 26], [10, 16], [10, 20], [13, 41], [15, 44], [16, 18], [16, 22], [18, 19], [19, 47], [20, 4], [22, 15], [22, 29], [24, 31], [26, 7], [26, 24], [31, 43], [31, 36], [38, 51], [43, 48]], "features": {"1": "1", "2": "2", "3": "3", "8": "2", "10": "3", "4": "2", "5": "3", "33": "1", "34": "1", "7": "3", "13": "2", "38": "2", "26": "3", "16": "3", "20": "2", "41": "1", "15": "2", "44": "1", "18": "2", "22": "3", "19": "2", "47": "1", "29": "1", "24": "2", "31": "3", "43": "2", "36": "1", "51": "1", "48": "1"}}