{"edges": [[1, 2], [2, 8], [5, 38], [6, 15], [8, 14], [10, 25], [12, 13], [13, 24], [13, 17], [14, 27], [14, 18], [15, 20], [15, 5], [17, 28], [17, 45], [18, 30], [20, 21], [21, 34], [21, 47], [22, 52], [24, 6], [25, 33], [27, 12], [30, 40], [31, 51], [33, 37], [33, 42], [34, 9], [37, 48], [40, 10], [40, 22], [42, 31], [48, 39]], "features": {"1": "1", "2": "2", "8": "2", "5": "2", "38": "1", "6": "2", "15": "3", "14": "3", "10": "2", "25": "2", "12": "2", "13": "3", "24": "2", "17": "3", "27": "2", "18": "2", "20": "2", "28": "1", "45": "1", "30": "2", "21": "3", "34": "2", "47": "1", "22": "2", "52": "1", "33": "3", "40": "3", "31": "2", "51": "1", "37": "2", "42": "2", "9": "1", "48": "2", "39": "1"}}