{"edges": [[1, 2], [2, 6], [6, 19], [8, 36], [9, 53], [10, 43], [12, 17], [13, 15], [15, 16], [16, 28], [16, 38], [17, 48], [19, 4], [19, 31], [22, 50], [25, 32], [25, 12], [26, 27], [27, 21], [27, 35], [28, 37], [31, 40], [32, 33], [33, 44], [35, 47], [35, 3], [37, 54], [38, 9], [40, 41], [41, 25], [41, 10], [44, 13], [44, 22], [48, 49], [49, 26], [49, 8]], "features": {"1": "1", "2": "2", "6": "2", "19": "3", "8": "2", "36": "1", "9": "2", "53": "1", "10": "2", "43": "1", "12": "2", "17": "2", "13": "2", "15": "2", "16": "3", "28": "2", "38": "2", "48": "2", "4": "1", "31": "2", "22": "2", "50": "1", "25": "3", "32": "2", "26": "2", "27": "3", "21": "1", "35": "3", "37": "2", "40": "2", "33": "2", "44": "3", "47": "1", "3": "1", "54": "1", "41": "3", "49": "3"}}