{"edges": [[1, 2], [2, 12], [2, 22], [4, 5], [5, 9], [6, 43], [9, 33], [9, 50], [10, 52], [12, 6], [12, 30], [13, 29], [14, 15], [15, 24], [17, 27], [17, 25], [18, 46], [21, 28], [22, 17], [22, 14], [24, 13], [25, 36], [27, 34], [28, 44], [29, 4], [29, 18], [30, 38], [33, 41], [38, 21], [38, 10], [43, 8], [44, 45], [46, 53], [52, 49]], "features": {"1": "1", "2": "3", "12": "3", "22": "3", "4": "2", "5": "2", "9": "3", "6": "2", "43": "2", "33": "2", "50": "1", "10": "2", "52": "2", "30": "2", "13": "2", "29": "3", "14": "2", "15": "2", "24": "2", "17": "3", "27": "2", "25": "2", "18": "2", "46": "2", "21": "2", "28": "2", "36": "1", "34": "1", "44": "2", "38": "3", "41": "1", "8": "1", "45": "1", "53": "1", "49": "1"}}