{"edges": [[1, 2], [2, 9], [5, 46], [6, 10], [9, 5], [10, 19], [10, 31], [13, 17], [14, 20], [16, 24], [17, 22], [19, 27], [20, 29], [22, 32], [22, 14], [27, 35], [27, 43], [29, 50], [31, 16], [32, 39], [36, 47], [39, 42], [42, 51], [43, 36], [45, 48], [46, 6], [46, 13], [47, 40], [50, 45]], "features": {"1": "1", "2": "2", "9": "2", "5": "2", "46": "3", "6": "2", "10": "3", "19": "2", "31": "2", "13": "2", "17": "2", "14": "2", "20": "2", "16": "2", "24": "1", "22": "3", "27": "3", "29": "2", "32": "2", "35": "1", "43": "2", "50": "2", "39": "2", "36": "2", "47": "2", "42": "2", "51": "1", "45": "2", "48": "1", "40": "1"}}