{"edges": [[1, 2], [2, 3], [3, 4], [4, 5], [5, 6], [6, 7], [7, 8], [8, 9], [9, 10], [10, 15], [10, 28], [11, 30], [13, 14], [14, 63], [15, 103], [15, 60], [17, 19], [18, 36], [19, 20], [20, 26], [21, 22], [22, 23], [23, 24], [24, 25], [25, 50], [25, 52], [26, 27], [27, 11], [27, 34], [28, 29], [29, 107], [30, 31], [31, 32], [32, 33], [33, 18], [34, 43], [34, 47], [36, 37], [37, 38], [38, 40], [40, 41], [41, 42], [42, 63], [42, 13], [43, 45], [45, 46], [46, 18], [47, 48], [48, 49], [49, 18], [50, 51], [51, 54], [51, 58], [52, 53], [53, 55], [54, 106], [54, 61], [55, 56], [56, 18], [58, 59], [59, 18], [61, 62], [63, 64], [64, 65], [65, 66], [66, 67], [67, 78], [68, 69], [69, 70], [70, 71], [71, 72], [72, 73], [73, 75], [75, 76], [76, 77], [77, 93], [78, 79], [79, 80], [80, 81], [81, 82], [82, 83], [83, 97], [83, 88], [84, 85], [85, 98], [86, 87], [88, 89], [89, 90], [90, 91], [91, 92], [92, 95], [93, 94], [95, 96], [96, 84], [96, 68], [97, 86], [98, 99], [99, 100], [100, 101], [101, 102], [103, 104], [104, 105], [105, 107], [107, 108], [108, 109], [109, 110], [110, 111], [111, 112], [112, 113], [113, 115], [115, 117], [117, 118], [118, 119], [119, 17], [119, 21]], "features": {"1": "1", "2": "2", "3": "2", "4": "2", "5": "2", "6": "2", "7": "2", "8": "2", "9": "2", "10": "3", "15": "3", "28": "2", "11": "2", "30": "2", "13": "2", "14": "2", "63": "3", "103": "2", "60": "1", "17": "2", "19": "2", "18": "6", "36": "2", "20": "2", "26": "2", "21": "2", "22": "2", "23": "2", "24": "2", "25": "3", "50": "2", "52": "2", "27": "3", "34": "3", "29": "2", "107": "3", "31": "2", "32": "2", "33": "2", "43": "2", "47": "2", "37": "2", "38": "2", "40": "2", "41": "2", "42": "3", "45": "2", "46": "2", "48": "2", "49": "2", "51": "3", "54": "3", "58": "2", "53": "2", "55": "2", "106": "1", "61": "2", "56": "2", "59": "2", "62": "1", "64": "2", "65": "2", "66": "2", "67": "2", "78": "2", "68": "2", "69": "2", "70": "2", "71": "2", "72": "2", "73": "2", "75": "2", "76": "2", "77": "2", "93": "2", "79": "2", "80": "2", "81": "2", "82": "2", "83": "3", "97": "2", "88": "2", "84": "2", "85": "2", "98": "2", "86": "2", "87": "1", "89": "2", "90": "2", "91": "2", "92": "2", "95": "2", "94": "1", "96": "3", "99": "2", "100": "2", "101": "2", "102": "1", "104": "2", "105": "2", "108": "2", "109": "2", "110": "2", "111": "2", "112": "2", "113": "2", "115": "2", "117": "2", "118": "2", "119": "3"}}