{"edges": [[1, 2], [2, 3], [3, 4], [4, 5], [5, 6], [6, 7], [7, 8], [8, 9], [9, 10], [10, 11], [11, 82], [11, 31], [13, 14], [14, 15], [15, 39], [15, 24], [16, 17], [17, 42], [19, 20], [20, 21], [21, 22], [22, 23], [23, 46], [24, 25], [25, 26], [26, 27], [27, 28], [28, 29], [29, 30], [30, 20], [31, 32], [32, 33], [33, 34], [34, 35], [35, 37], [37, 38], [38, 16], [38, 45], [39, 40], [40, 41], [41, 19], [42, 43], [43, 44], [44, 20], [46, 47], [47, 48], [48, 49], [49, 50], [50, 51], [51, 52], [52, 54], [54, 55], [55, 56], [56, 57], [57, 99], [57, 73], [58, 59], [60, 62], [62, 63], [63, 64], [64, 65], [65, 66], [66, 67], [67, 69], [69, 70], [70, 71], [71, 72], [72, 79], [72, 112], [73, 74], [74, 75], [75, 76], [76, 78], [78, 88], [79, 80], [80, 81], [81, 12], [81, 83], [82, 13], [83, 84], [84, 85], [85, 87], [87, 88], [88, 90], [90, 91], [91, 92], [92, 93], [93, 94], [94, 95], [95, 97], [97, 98], [98, 58], [98, 100], [99, 60], [100, 101], [101, 102], [102, 103], [103, 104], [104, 105], [105, 106], [106, 107], [107, 108], [108, 109], [109, 110], [110, 111], [112, 113]], "features": {"1": "1", "2": "2", "3": "2", "4": "2", "5": "2", "6": "2", "7": "2", "8": "2", "9": "2", "10": "2", "11": "3", "82": "2", "31": "2", "13": "2", "14": "2", "15": "3", "39": "2", "24": "2", "16": "2", "17": "2", "42": "2", "19": "2", "20": "4", "21": "2", "22": "2", "23": "2", "46": "2", "25": "2", "26": "2", "27": "2", "28": "2", "29": "2", "30": "2", "32": "2", "33": "2", "34": "2", "35": "2", "37": "2", "38": "3", "45": "1", "40": "2", "41": "2", "43": "2", "44": "2", "47": "2", "48": "2", "49": "2", "50": "2", "51": "2", "52": "2", "54": "2", "55": "2", "56": "2", "57": "3", "99": "2", "73": "2", "58": "2", "59": "1", "60": "2", "62": "2", "63": "2", "64": "2", "65": "2", "66": "2", "67": "2", "69": "2", "70": "2", "71": "2", "72": "3", "79": "2", "112": "2", "74": "2", "75": "2", "76": "2", "78": "2", "88": "3", "80": "2", "81": "3", "12": "1", "83": "2", "84": "2", "85": "2", "87": "2", "90": "2", "91": "2", "92": "2", "93": "2", "94": "2", "95": "2", "97": "2", "98": "3", "100": "2", "101": "2", "102": "2", "103": "2", "104": "2", "105": "2", "106": "2", "107": "2", "108": "2", "109": "2", "110": "2", "111": "1", "113": "1"}}