{"edges": [[1, 2], [2, 36], [4, 5], [5, 6], [6, 7], [7, 39], [7, 42], [9, 10], [10, 11], [11, 12], [12, 14], [14, 15], [15, 30], [15, 16], [16, 17], [17, 19], [19, 20], [20, 21], [21, 22], [22, 24], [22, 93], [23, 95], [24, 25], [25, 26], [26, 28], [28, 29], [30, 31], [31, 32], [32, 33], [33, 34], [34, 35], [35, 4], [36, 37], [37, 38], [38, 9], [38, 63], [39, 40], [42, 43], [43, 45], [45, 84], [45, 51], [47, 48], [48, 86], [49, 50], [51, 52], [52, 53], [53, 55], [55, 56], [56, 57], [57, 71], [57, 61], [61, 62], [63, 64], [64, 65], [65, 66], [66, 67], [67, 69], [69, 70], [70, 74], [70, 58], [71, 72], [72, 59], [74, 75], [75, 77], [77, 78], [78, 79], [79, 111], [79, 109], [80, 81], [82, 83], [83, 104], [83, 47], [84, 85], [85, 49], [86, 87], [87, 88], [88, 89], [89, 90], [90, 23], [90, 101], [93, 94], [95, 96], [96, 97], [97, 98], [98, 99], [101, 103], [104, 105], [105, 106], [106, 107], [107, 80], [109, 82], [111, 112], [112, 113], [113, 114], [114, 115], [115, 117], [117, 118], [118, 119]], "features": {"1": "1", "2": "2", "36": "2", "4": "2", "5": "2", "6": "2", "7": "3", "39": "2", "42": "2", "9": "2", "10": "2", "11": "2", "12": "2", "14": "2", "15": "3", "30": "2", "16": "2", "17": "2", "19": "2", "20": "2", "21": "2", "22": "3", "24": "2", "93": "2", "23": "2", "95": "2", "25": "2", "26": "2", "28": "2", "29": "1", "31": "2", "32": "2", "33": "2", "34": "2", "35": "2", "37": "2", "38": "3", "63": "2", "40": "1", "43": "2", "45": "3", "84": "2", "51": "2", "47": "2", "48": "2", "86": "2", "49": "2", "50": "1", "52": "2", "53": "2", "55": "2", "56": "2", "57": "3", "71": "2", "61": "2", "62": "1", "64": "2", "65": "2", "66": "2", "67": "2", "69": "2", "70": "3", "74": "2", "58": "1", "72": "2", "59": "1", "75": "2", "77": "2", "78": "2", "79": "3", "111": "2", "109": "2", "80": "2", "81": "1", "82": "2", "83": "3", "104": "2", "85": "2", "87": "2", "88": "2", "89": "2", "90": "3", "101": "2", "94": "1", "96": "2", "97": "2", "98": "2", "99": "1", "103": "1", "105": "2", "106": "2", "107": "2", "112": "2", "113": "2", "114": "2", "115": "2", "117": "2", "118": "2", "119": "1"}}