{"edges": [[1, 2], [2, 3], [3, 4], [4, 5], [5, 7], [7, 8], [8, 9], [9, 35], [9, 93], [10, 36], [11, 13], [13, 14], [14, 15], [15, 16], [16, 105], [16, 49], [19, 50], [20, 21], [21, 22], [22, 23], [23, 25], [25, 26], [26, 61], [27, 62], [28, 29], [29, 31], [31, 32], [32, 33], [33, 34], [34, 10], [34, 66], [35, 11], [36, 37], [37, 39], [39, 41], [41, 42], [42, 43], [43, 45], [45, 46], [46, 47], [47, 48], [48, 19], [48, 82], [49, 20], [50, 51], [51, 53], [53, 55], [55, 56], [56, 57], [57, 59], [59, 60], [60, 27], [60, 87], [61, 28], [62, 63], [63, 65], [66, 67], [67, 69], [69, 70], [70, 71], [71, 73], [73, 74], [74, 75], [75, 77], [77, 79], [79, 80], [80, 81], [82, 83], [83, 85], [85, 86], [87, 88], [88, 89], [89, 91], [93, 94], [94, 95], [95, 97], [97, 99], [99, 100], [100, 101], [101, 102], [102, 103], [105, 106], [106, 107], [107, 109], [109, 110]], "features": {"1": "1", "2": "2", "3": "2", "4": "2", "5": "2", "7": "2", "8": "2", "9": "3", "35": "2", "93": "2", "10": "2", "36": "2", "11": "2", "13": "2", "14": "2", "15": "2", "16": "3", "105": "2", "49": "2", "19": "2", "50": "2", "20": "2", "21": "2", "22": "2", "23": "2", "25": "2", "26": "2", "61": "2", "27": "2", "62": "2", "28": "2", "29": "2", "31": "2", "32": "2", "33": "2", "34": "3", "66": "2", "37": "2", "39": "2", "41": "2", "42": "2", "43": "2", "45": "2", "46": "2", "47": "2", "48": "3", "82": "2", "51": "2", "53": "2", "55": "2", "56": "2", "57": "2", "59": "2", "60": "3", "87": "2", "63": "2", "65": "1", "67": "2", "69": "2", "70": "2", "71": "2", "73": "2", "74": "2", "75": "2", "77": "2", "79": "2", "80": "2", "81": "1", "83": "2", "85": "2", "86": "1", "88": "2", "89": "2", "91": "1", "94": "2", "95": "2", "97": "2", "99": "2", "100": "2", "101": "2", "102": "2", "103": "1", "106": "2", "107": "2", "109": "2", "110": "1"}}