{"edges": [[1, 2], [2, 3], [3, 4], [4, 5], [5, 6], [6, 7], [7, 9], [9, 33], [11, 34], [12, 13], [13, 15], [15, 16], [16, 17], [17, 19], [19, 20], [20, 21], [21, 23], [23, 24], [24, 117], [24, 61], [25, 65], [26, 27], [27, 28], [28, 30], [30, 31], [31, 32], [32, 88], [32, 11], [33, 12], [34, 35], [35, 36], [36, 37], [37, 38], [38, 40], [40, 41], [41, 43], [43, 44], [44, 45], [45, 47], [47, 94], [47, 72], [48, 49], [49, 73], [50, 51], [51, 53], [53, 54], [54, 55], [55, 57], [57, 58], [58, 59], [59, 60], [60, 109], [60, 25], [61, 62], [62, 64], [64, 26], [65, 66], [66, 68], [68, 69], [69, 70], [70, 104], [70, 48], [72, 50], [73, 74], [74, 76], [76, 77], [77, 79], [79, 80], [80, 81], [81, 83], [83, 84], [84, 85], [85, 86], [86, 87], [88, 89], [89, 91], [91, 92], [92, 93], [94, 95], [95, 96], [96, 98], [98, 99], [99, 101], [101, 102], [102, 103], [104, 106], [106, 107], [107, 108], [109, 110], [110, 111], [111, 112], [112, 113], [113, 115], [115, 116], [117, 119], [119, 121], [121, 122], [122, 26]], "features": {"1": "1", "2": "2", "3": "2", "4": "2", "5": "2", "6": "2", "7": "2", "9": "2", "33": "2", "11": "2", "34": "2", "12": "2", "13": "2", "15": "2", "16": "2", "17": "2", "19": "2", "20": "2", "21": "2", "23": "2", "24": "3", "117": "2", "61": "2", "25": "2", "65": "2", "26": "3", "27": "2", "28": "2", "30": "2", "31": "2", "32": "3", "88": "2", "35": "2", "36": "2", "37": "2", "38": "2", "40": "2", "41": "2", "43": "2", "44": "2", "45": "2", "47": "3", "94": "2", "72": "2", "48": "2", "49": "2", "73": "2", "50": "2", "51": "2", "53": "2", "54": "2", "55": "2", "57": "2", "58": "2", "59": "2", "60": "3", "109": "2", "62": "2", "64": "2", "66": "2", "68": "2", "69": "2", "70": "3", "104": "2", "74": "2", "76": "2", "77": "2", "79": "2", "80": "2", "81": "2", "83": "2", "84": "2", "85": "2", "86": "2", "87": "1", "89": "2", "91": "2", "92": "2", "93": "1", "95": "2", "96": "2", "98": "2", "99": "2", "101": "2", "102": "2", "103": "1", "106": "2", "107": "2", "108": "1", "110": "2", "111": "2", "112": "2", "113": "2", "115": "2", "116": "1", "119": "2", "121": "2", "122": "2"}}