{"edges": [[1, 3], [3, 4], [4, 5], [5, 7], [7, 8], [8, 9], [9, 11], [11, 12], [12, 13], [13, 72], [13, 101], [14, 74], [15, 17], [17, 19], [19, 20], [20, 21], [21, 22], [22, 23], [23, 25], [25, 26], [26, 45], [26, 33], [27, 28], [28, 46], [30, 31], [31, 32], [32, 85], [33, 34], [34, 36], [36, 37], [37, 39], [39, 40], [40, 41], [41, 42], [42, 43], [43, 27], [43, 119], [45, 30], [46, 47], [47, 48], [48, 49], [49, 103], [51, 52], [52, 62], [52, 81], [53, 55], [55, 82], [56, 57], [57, 58], [58, 60], [60, 61], [62, 64], [64, 65], [65, 85], [66, 86], [68, 69], [69, 70], [70, 14], [72, 73], [73, 15], [74, 75], [75, 77], [77, 78], [78, 79], [79, 80], [80, 53], [80, 91], [81, 56], [82, 83], [83, 66], [85, 68], [86, 87], [87, 89], [89, 90], [90, 117], [90, 92], [91, 66], [92, 93], [93, 94], [94, 96], [96, 98], [98, 99], [99, 100], [100, 113], [100, 49], [101, 45], [101, 51], [103, 104], [104, 105], [105, 107], [107, 108], [108, 109], [109, 110], [110, 111], [113, 114], [114, 115], [117, 118], [119, 85]], "features": {"1": "1", "3": "2", "4": "2", "5": "2", "7": "2", "8": "2", "9": "2", "11": "2", "12": "2", "13": "3", "72": "2", "101": "3", "14": "2", "74": "2", "15": "2", "17": "2", "19": "2", "20": "2", "21": "2", "22": "2", "23": "2", "25": "2", "26": "3", "45": "3", "33": "2", "27": "2", "28": "2", "46": "2", "30": "2", "31": "2", "32": "2", "85": "4", "34": "2", "36": "2", "37": "2", "39": "2", "40": "2", "41": "2", "42": "2", "43": "3", "119": "2", "47": "2", "48": "2", "49": "3", "103": "2", "51": "2", "52": "3", "62": "2", "81": "2", "53": "2", "55": "2", "82": "2", "56": "2", "57": "2", "58": "2", "60": "2", "61": "1", "64": "2", "65": "2", "66": "3", "86": "2", "68": "2", "69": "2", "70": "2", "73": "2", "75": "2", "77": "2", "78": "2", "79": "2", "80": "3", "91": "2", "83": "2", "87": "2", "89": "2", "90": "3", "117": "2", "92": "2", "93": "2", "94": "2", "96": "2", "98": "2", "99": "2", "100": "3", "113": "2", "104": "2", "105": "2", "107": "2", "108": "2", "109": "2", "110": "2", "111": "1", "114": "2", "115": "1", "118": "1"}}