{"edges": [[1, 2], [2, 3], [3, 4], [4, 6], [6, 7], [7, 8], [8, 112], [8, 50], [9, 51], [11, 12], [12, 13], [13, 15], [15, 16], [16, 17], [17, 19], [19, 95], [19, 59], [21, 60], [23, 25], [25, 26], [26, 27], [27, 28], [28, 29], [29, 31], [31, 32], [32, 33], [33, 34], [34, 66], [34, 71], [35, 36], [36, 74], [38, 39], [39, 40], [40, 41], [41, 43], [43, 44], [44, 91], [44, 120], [47, 48], [48, 49], [49, 102], [49, 9], [50, 11], [51, 53], [53, 54], [54, 55], [55, 57], [57, 58], [58, 21], [58, 109], [59, 23], [60, 61], [61, 62], [62, 65], [66, 67], [67, 68], [68, 70], [70, 35], [70, 79], [71, 72], [72, 38], [74, 75], [75, 77], [77, 78], [78, 46], [79, 81], [81, 82], [82, 83], [83, 85], [85, 86], [86, 46], [87, 89], [89, 47], [91, 92], [92, 93], [93, 94], [94, 87], [95, 96], [96, 97], [97, 99], [99, 100], [100, 101], [102, 103], [103, 104], [104, 106], [106, 107], [109, 110], [110, 111], [112, 113], [113, 114], [114, 115], [115, 116], [116, 117], [117, 118], [118, 119], [119, 45], [120, 87]], "features": {"1": "1", "2": "2", "3": "2", "4": "2", "6": "2", "7": "2", "8": "3", "112": "2", "50": "2", "9": "2", "51": "2", "11": "2", "12": "2", "13": "2", "15": "2", "16": "2", "17": "2", "19": "3", "95": "2", "59": "2", "21": "2", "60": "2", "23": "2", "25": "2", "26": "2", "27": "2", "28": "2", "29": "2", "31": "2", "32": "2", "33": "2", "34": "3", "66": "2", "71": "2", "35": "2", "36": "2", "74": "2", "38": "2", "39": "2", "40": "2", "41": "2", "43": "2", "44": "3", "91": "2", "120": "2", "47": "2", "48": "2", "49": "3", "102": "2", "53": "2", "54": "2", "55": "2", "57": "2", "58": "3", "109": "2", "61": "2", "62": "2", "65": "1", "67": "2", "68": "2", "70": "3", "79": "2", "72": "2", "75": "2", "77": "2", "78": "2", "46": "2", "81": "2", "82": "2", "83": "2", "85": "2", "86": "2", "87": "3", "89": "2", "92": "2", "93": "2", "94": "2", "96": "2", "97": "2", "99": "2", "100": "2", "101": "1", "103": "2", "104": "2", "106": "2", "107": "1", "110": "2", "111": "1", "113": "2", "114": "2", "115": "2", "116": "2", "117": "2", "118": "2", "119": "2", "45": "1"}}