{"edges": [[1, 2], [2, 3], [3, 4], [4, 5], [5, 20], [5, 34], [6, 21], [7, 51], [8, 19], [10, 22], [11, 41], [12, 39], [12, 54], [13, 85], [14, 23], [15, 32], [15, 13], [16, 33], [18, 31], [19, 30], [20, 14], [21, 50], [22, 63], [23, 18], [26, 79], [27, 8], [28, 76], [29, 25], [29, 7], [30, 73], [31, 72], [32, 46], [33, 44], [33, 49], [34, 52], [35, 10], [38, 62], [40, 6], [41, 56], [41, 53], [42, 28], [43, 38], [43, 70], [44, 80], [45, 84], [45, 57], [46, 40], [48, 69], [49, 64], [50, 74], [51, 35], [52, 68], [52, 65], [53, 60], [56, 66], [57, 61], [60, 45], [61, 36], [62, 71], [63, 43], [64, 86], [65, 78], [66, 83], [68, 29], [72, 81], [73, 82], [74, 27], [74, 42], [75, 15], [76, 58], [78, 16], [79, 75], [80, 48], [81, 26], [81, 11], [84, 77], [86, 12]], "features": {"1": "1", "2": "2", "3": "2", "4": "2", "5": "3", "20": "2", "34": "2", "6": "2", "21": "2", "7": "2", "51": "2", "8": "2", "19": "2", "10": "2", "22": "2", "11": "2", "41": "3", "12": "3", "39": "1", "54": "1", "13": "2", "85": "1", "14": "2", "23": "2", "15": "3", "32": "2", "16": "2", "33": "3", "18": "2", "31": "2", "30": "2", "50": "2", "63": "2", "26": "2", "79": "2", "27": "2", "28": "2", "76": "2", "29": "3", "25": "1", "73": "2", "72": "2", "46": "2", "44": "2", "49": "2", "52": "3", "35": "2", "38": "2", "62": "2", "40": "2", "56": "2", "53": "2", "42": "2", "43": "3", "70": "1", "80": "2", "45": "3", "84": "2", "57": "2", "48": "2", "69": "1", "64": "2", "74": "3", "68": "2", "65": "2", "60": "2", "66": "2", "61": "2", "36": "1", "71": "1", "86": "2", "78": "2", "83": "1", "81": "3", "82": "1", "75": "2", "58": "1", "77": "1"}}