{"edges": [[1, 2], [2, 3], [3, 4], [4, 5], [5, 6], [6, 61], [8, 38], [9, 35], [10, 12], [11, 64], [12, 52], [13, 84], [14, 85], [15, 62], [16, 49], [17, 82], [18, 24], [18, 74], [19, 78], [20, 25], [21, 56], [22, 28], [23, 26], [24, 76], [25, 72], [26, 55], [28, 8], [28, 51], [29, 70], [30, 60], [31, 39], [32, 15], [34, 29], [35, 36], [36, 47], [37, 69], [38, 66], [39, 68], [40, 13], [41, 42], [41, 63], [42, 54], [45, 18], [46, 57], [46, 65], [47, 32], [48, 59], [49, 23], [49, 50], [50, 77], [51, 30], [54, 83], [55, 14], [56, 80], [57, 48], [58, 41], [59, 9], [61, 31], [62, 10], [62, 43], [63, 11], [64, 16], [65, 17], [66, 44], [68, 40], [69, 45], [72, 79], [74, 21], [76, 81], [77, 19], [78, 20], [81, 46], [82, 34], [83, 22], [84, 37], [84, 58]], "features": {"1": "1", "2": "2", "3": "2", "4": "2", "5": "2", "6": "2", "61": "2", "8": "2", "38": "2", "9": "2", "35": "2", "10": "2", "12": "2", "11": "2", "64": "2", "52": "1", "13": "2", "84": "3", "14": "2", "85": "1", "15": "2", "62": "3", "16": "2", "49": "3", "17": "2", "82": "2", "18": "3", "24": "2", "74": "2", "19": "2", "78": "2", "20": "2", "25": "2", "21": "2", "56": "2", "22": "2", "28": "3", "23": "2", "26": "2", "76": "2", "72": "2", "55": "2", "51": "2", "29": "2", "70": "1", "30": "2", "60": "1", "31": "2", "39": "2", "32": "2", "34": "2", "36": "2", "47": "2", "37": "2", "69": "2", "66": "2", "68": "2", "40": "2", "41": "3", "42": "2", "63": "2", "54": "2", "45": "2", "46": "3", "57": "2", "65": "2", "48": "2", "59": "2", "50": "2", "77": "2", "83": "2", "80": "1", "58": "2", "43": "1", "44": "1", "79": "1", "81": "2"}}