{"edges": [[1, 2], [2, 4], [4, 5], [5, 6], [6, 14], [6, 27], [6, 37], [7, 12], [8, 56], [9, 33], [9, 59], [11, 50], [12, 39], [14, 36], [15, 70], [16, 24], [16, 57], [17, 84], [18, 73], [19, 76], [20, 60], [24, 85], [25, 49], [26, 79], [26, 40], [27, 58], [28, 35], [29, 18], [29, 21], [30, 82], [33, 25], [34, 68], [36, 20], [37, 46], [38, 75], [39, 26], [40, 55], [41, 22], [42, 80], [44, 8], [45, 15], [45, 78], [46, 19], [46, 53], [47, 41], [48, 34], [49, 17], [50, 65], [52, 9], [52, 11], [53, 77], [54, 83], [55, 74], [55, 81], [56, 38], [56, 62], [57, 66], [57, 28], [58, 61], [59, 47], [60, 69], [61, 45], [62, 10], [64, 44], [65, 29], [66, 32], [69, 52], [73, 54], [74, 48], [75, 13], [76, 64], [77, 30], [78, 7], [79, 42], [81, 72], [82, 16]], "features": {"1": "1", "2": "2", "4": "2", "5": "2", "6": "4", "14": "2", "27": "2", "37": "2", "7": "2", "12": "2", "8": "2", "56": "3", "9": "3", "33": "2", "59": "2", "11": "2", "50": "2", "39": "2", "36": "2", "15": "2", "70": "1", "16": "3", "24": "2", "57": "3", "17": "2", "84": "1", "18": "2", "73": "2", "19": "2", "76": "2", "20": "2", "60": "2", "85": "1", "25": "2", "49": "2", "26": "3", "79": "2", "40": "2", "58": "2", "28": "2", "35": "1", "29": "3", "21": "1", "30": "2", "82": "2", "34": "2", "68": "1", "46": "3", "38": "2", "75": "2", "55": "3", "41": "2", "22": "1", "42": "2", "80": "1", "44": "2", "45": "3", "78": "2", "53": "2", "47": "2", "48": "2", "65": "2", "52": "3", "77": "2", "54": "2", "83": "1", "74": "2", "81": "2", "62": "2", "66": "2", "61": "2", "69": "2", "10": "1", "64": "2", "32": "1", "13": "1", "72": "1"}}