{"edges": [[1, 2], [2, 3], [3, 4], [4, 5], [5, 32], [6, 17], [7, 65], [8, 15], [9, 12], [10, 37], [11, 84], [12, 31], [14, 52], [15, 44], [15, 46], [16, 58], [16, 75], [17, 60], [18, 25], [19, 21], [19, 11], [20, 70], [21, 36], [22, 69], [23, 47], [24, 26], [24, 80], [25, 34], [26, 53], [27, 85], [30, 72], [31, 54], [31, 56], [32, 20], [34, 61], [35, 10], [36, 22], [36, 42], [37, 40], [40, 59], [41, 62], [42, 50], [43, 74], [44, 88], [45, 55], [46, 23], [47, 29], [48, 6], [50, 8], [51, 57], [52, 81], [53, 66], [54, 27], [55, 35], [56, 43], [57, 14], [58, 18], [59, 63], [60, 19], [61, 73], [62, 9], [62, 43], [63, 76], [65, 30], [66, 7], [67, 79], [68, 78], [69, 82], [70, 41], [71, 45], [73, 83], [74, 48], [75, 67], [79, 68], [80, 71], [81, 86], [82, 24], [83, 38], [84, 51], [86, 16]], "features": {"1": "1", "2": "2", "3": "2", "4": "2", "5": "2", "32": "2", "6": "2", "17": "2", "7": "2", "65": "2", "8": "2", "15": "3", "9": "2", "12": "2", "10": "2", "37": "2", "11": "2", "84": "2", "31": "3", "14": "2", "52": "2", "44": "2", "46": "2", "16": "3", "58": "2", "75": "2", "60": "2", "18": "2", "25": "2", "19": "3", "21": "2", "20": "2", "70": "2", "36": "3", "22": "2", "69": "2", "23": "2", "47": "2", "24": "3", "26": "2", "80": "2", "34": "2", "53": "2", "27": "2", "85": "1", "30": "2", "72": "1", "54": "2", "56": "2", "61": "2", "35": "2", "42": "2", "40": "2", "59": "2", "41": "2", "62": "3", "50": "2", "43": "3", "74": "2", "88": "1", "45": "2", "55": "2", "29": "1", "48": "2", "51": "2", "57": "2", "81": "2", "66": "2", "63": "2", "73": "2", "76": "1", "67": "2", "79": "2", "68": "2", "78": "1", "82": "2", "71": "2", "83": "2", "86": "2", "38": "1"}}