{"edges": [[1, 2], [2, 3], [3, 4], [4, 5], [5, 17], [6, 50], [7, 74], [8, 14], [9, 24], [10, 21], [12, 42], [13, 37], [14, 70], [15, 12], [15, 52], [16, 53], [17, 40], [18, 20], [18, 62], [19, 71], [20, 58], [21, 15], [23, 47], [23, 51], [24, 69], [25, 32], [25, 10], [26, 73], [26, 6], [27, 81], [30, 66], [31, 83], [32, 44], [33, 56], [34, 75], [36, 64], [37, 57], [38, 72], [39, 49], [39, 65], [40, 59], [42, 67], [44, 76], [45, 23], [46, 78], [47, 61], [48, 39], [49, 85], [50, 30], [51, 60], [52, 43], [53, 7], [53, 46], [54, 86], [56, 68], [57, 25], [58, 27], [59, 9], [59, 45], [60, 19], [60, 48], [61, 16], [62, 26], [64, 38], [64, 8], [65, 80], [67, 79], [69, 13], [69, 34], [71, 36], [72, 28], [74, 33], [75, 18], [76, 35], [78, 31], [80, 84], [85, 54]], "features": {"1": "1", "2": "2", "3": "2", "4": "2", "5": "2", "17": "2", "6": "2", "50": "2", "7": "2", "74": "2", "8": "2", "14": "2", "9": "2", "24": "2", "10": "2", "21": "2", "12": "2", "42": "2", "13": "2", "37": "2", "70": "1", "15": "3", "52": "2", "16": "2", "53": "3", "40": "2", "18": "3", "20": "2", "62": "2", "19": "2", "71": "2", "58": "2", "23": "3", "47": "2", "51": "2", "69": "3", "25": "3", "32": "2", "26": "3", "73": "1", "27": "2", "81": "1", "30": "2", "66": "1", "31": "2", "83": "1", "44": "2", "33": "2", "56": "2", "34": "2", "75": "2", "36": "2", "64": "3", "57": "2", "38": "2", "72": "2", "39": "3", "49": "2", "65": "2", "59": "3", "67": "2", "76": "2", "45": "2", "46": "2", "78": "2", "61": "2", "48": "2", "85": "2", "60": "3", "43": "1", "54": "2", "86": "1", "68": "1", "80": "2", "79": "1", "28": "1", "35": "1", "84": "1"}}