{"edges": [[0, 1], [0, 91], [1, 2], [2, 3], [3, 4], [4, 26], [5, 85], [6, 29], [7, 20], [8, 76], [9, 30], [10, 82], [11, 25], [13, 27], [14, 42], [15, 34], [16, 87], [17, 81], [18, 77], [19, 36], [20, 89], [21, 75], [23, 69], [24, 46], [25, 62], [26, 45], [27, 32], [28, 43], [29, 66], [30, 60], [31, 41], [32, 54], [33, 67], [33, 74], [34, 17], [35, 5], [36, 21], [38, 83], [39, 51], [40, 14], [41, 50], [42, 72], [43, 58], [44, 70], [45, 71], [46, 23], [50, 84], [50, 6], [51, 63], [52, 31], [54, 90], [55, 59], [56, 15], [57, 11], [58, 9], [58, 18], [59, 7], [60, 38], [61, 8], [61, 28], [62, 35], [63, 48], [64, 86], [65, 10], [65, 56], [66, 44], [67, 47], [70, 80], [71, 65], [75, 57], [76, 24], [77, 78], [78, 68], [80, 40], [81, 61], [82, 13], [83, 64], [84, 55], [86, 39], [87, 19], [87, 52], [89, 33], [90, 16], [91, 92], [92, 93], [93, 94], [94, 95], [95, 96], [95, 101], [96, 98], [97, 99], [98, 97], [99, 100], [101, 103], [102, 104], [103, 102]], "features": {"0": "2", "1": "2", "91": "2", "2": "2", "3": "2", "4": "2", "26": "2", "5": "2", "85": "1", "6": "2", "29": "2", "7": "2", "20": "2", "8": "2", "76": "2", "9": "2", "30": "2", "10": "2", "82": "2", "11": "2", "25": "2", "13": "2", "27": "2", "14": "2", "42": "2", "15": "2", "34": "2", "16": "2", "87": "3", "17": "2", "81": "2", "18": "2", "77": "2", "19": "2", "36": "2", "89": "2", "21": "2", "75": "2", "23": "2", "69": "1", "24": "2", "46": "2", "62": "2", "45": "2", "32": "2", "28": "2", "43": "2", "66": "2", "60": "2", "31": "2", "41": "2", "54": "2", "33": "3", "67": "2", "74": "1", "35": "2", "38": "2", "83": "2", "39": "2", "51": "2", "40": "2", "50": "3", "72": "1", "58": "3", "44": "2", "70": "2", "71": "2", "84": "2", "63": "2", "52": "2", "90": "2", "55": "2", "59": "2", "56": "2", "57": "2", "61": "3", "48": "1", "64": "2", "86": "2", "65": "3", "47": "1", "80": "2", "78": "2", "68": "1", "92": "2", "93": "2", "94": "2", "95": "3", "96": "2", "101": "2", "98": "2", "97": "2", "99": "2", "100": "1", "103": "2", "102": "2", "104": "1"}}