{"edges": [[1, 2], [2, 4], [4, 29], [5, 34], [6, 82], [7, 36], [8, 16], [9, 44], [10, 67], [10, 84], [12, 43], [13, 70], [14, 25], [15, 37], [16, 65], [17, 14], [17, 57], [18, 68], [19, 24], [19, 48], [21, 58], [22, 54], [23, 83], [23, 69], [24, 35], [26, 49], [27, 30], [28, 59], [29, 53], [30, 55], [32, 75], [33, 79], [33, 13], [34, 64], [35, 46], [36, 9], [36, 28], [37, 62], [38, 73], [39, 26], [41, 23], [42, 66], [43, 72], [44, 21], [45, 6], [47, 32], [47, 7], [47, 15], [48, 49], [49, 81], [53, 76], [54, 80], [55, 63], [56, 33], [57, 5], [58, 27], [58, 78], [59, 10], [62, 19], [64, 39], [64, 52], [67, 56], [68, 38], [69, 42], [70, 77], [74, 61], [75, 17], [76, 47], [77, 8], [77, 18], [78, 45], [79, 22], [81, 41], [82, 51], [84, 12], [84, 74]], "features": {"1": "1", "2": "2", "4": "2", "29": "2", "5": "2", "34": "2", "6": "2", "82": "2", "7": "2", "36": "3", "8": "2", "16": "2", "9": "2", "44": "2", "10": "3", "67": "2", "84": "3", "12": "2", "43": "2", "13": "2", "70": "2", "14": "2", "25": "1", "15": "2", "37": "2", "65": "1", "17": "3", "57": "2", "18": "2", "68": "2", "19": "3", "24": "2", "48": "2", "21": "2", "58": "3", "22": "2", "54": "2", "23": "3", "83": "1", "69": "2", "35": "2", "26": "2", "49": "3", "27": "2", "30": "2", "28": "2", "59": "2", "53": "2", "55": "2", "32": "2", "75": "2", "33": "3", "79": "2", "64": "3", "46": "1", "62": "2", "38": "2", "73": "1", "39": "2", "41": "2", "42": "2", "66": "1", "72": "1", "45": "2", "47": "4", "81": "2", "76": "2", "80": "1", "63": "1", "56": "2", "78": "2", "52": "1", "77": "3", "74": "2", "61": "1", "51": "1"}}