{"edges": [[1, 2], [2, 3], [3, 18], [4, 21], [5, 45], [5, 64], [7, 62], [8, 19], [9, 70], [10, 15], [10, 79], [12, 25], [12, 73], [13, 10], [14, 61], [15, 37], [16, 34], [17, 52], [18, 46], [19, 57], [21, 23], [23, 33], [24, 43], [25, 48], [26, 39], [27, 42], [28, 35], [29, 53], [30, 69], [32, 13], [33, 75], [34, 55], [35, 56], [36, 4], [38, 41], [39, 83], [41, 8], [42, 29], [42, 38], [43, 32], [44, 76], [45, 58], [46, 77], [47, 36], [48, 72], [49, 16], [51, 86], [52, 74], [53, 82], [53, 49], [55, 30], [56, 51], [57, 65], [58, 68], [58, 22], [61, 78], [62, 68], [63, 12], [64, 17], [66, 47], [67, 27], [68, 24], [68, 67], [72, 85], [73, 87], [74, 28], [75, 84], [76, 5], [76, 14], [77, 44], [77, 7], [78, 6], [78, 63], [79, 66], [80, 54], [83, 80], [84, 59], [85, 26], [87, 9]], "features": {"1": "1", "2": "2", "3": "2", "18": "2", "4": "2", "21": "2", "5": "3", "45": "2", "64": "2", "7": "2", "62": "2", "8": "2", "19": "2", "9": "2", "70": "1", "10": "3", "15": "2", "79": "2", "12": "3", "25": "2", "73": "2", "13": "2", "14": "2", "61": "2", "37": "1", "16": "2", "34": "2", "17": "2", "52": "2", "46": "2", "57": "2", "23": "2", "33": "2", "24": "2", "43": "2", "48": "2", "26": "2", "39": "2", "27": "2", "42": "3", "28": "2", "35": "2", "29": "2", "53": "3", "30": "2", "69": "1", "32": "2", "75": "2", "55": "2", "56": "2", "36": "2", "38": "2", "41": "2", "83": "2", "44": "2", "76": "3", "58": "3", "77": "3", "47": "2", "72": "2", "49": "2", "51": "2", "86": "1", "74": "2", "82": "1", "65": "1", "68": "4", "22": "1", "78": "3", "63": "2", "66": "2", "67": "2", "85": "2", "87": "2", "84": "2", "6": "1", "80": "2", "54": "1", "59": "1"}}