{"edges": [[1, 2], [2, 3], [3, 4], [4, 18], [4, 25], [5, 129], [6, 52], [6, 59], [7, 11], [7, 38], [8, 88], [8, 102], [9, 5], [10, 123], [11, 29], [12, 20], [14, 86], [15, 43], [16, 33], [17, 40], [18, 39], [19, 6], [20, 68], [21, 62], [22, 81], [22, 63], [23, 96], [24, 32], [24, 55], [25, 49], [25, 30], [28, 15], [29, 73], [30, 42], [31, 48], [31, 28], [32, 105], [32, 69], [33, 37], [35, 75], [36, 1000], [36, 96], [1000, 23], [1000, 14], [37, 45], [38, 79], [39, 44], [40, 82], [40, 98], [41, 96], [41, 125], [42, 61], [43, 27], [43, 47], [44, 53], [44, 60], [45, 57], [45, 74], [46, 100], [47, 36], [48, 34], [48, 27], [48, 47], [49, 72], [50, 109], [51, 41], [52, 84], [53, 66], [54, 58], [54, 94], [55, 97], [56, 70], [57, 127], [58, 9], [59, 22], [60, 53], [61, 73], [61, 56], [62, 80], [64, 12], [64, 26], [65, 91], [66, 93], [66, 108], [67, 6], [68, 71], [68, 112], [70, 7], [71, 124], [72, 106], [73, 101], [75, 89], [76, 10], [76, 87], [77, 113], [79, 119], [80, 51], [81, 50], [82, 76], [83, 128], [84, 90], [84, 110], [85, 92], [86, 116], [88, 117], [89, 83], [89, 19], [90, 115], [91, 8], [91, 64], [92, 126], [92, 54], [93, 77], [94, 58], [96, 114], [98, 13], [98, 107], [99, 122], [100, 35], [100, 46], [101, 100], [102, 104], [104, 99], [104, 118], [106, 16], [106, 85], [107, 82], [108, 49], [109, 130], [112, 71], [114, 31], [115, 17], [116, 131], [117, 8], [118, 24], [122, 21], [122, 62], [124, 102], [125, 103], [127, 65], [128, 132], [128, 95], [129, 111], [129, 78], [130, 121], [131, 120], [132, 67]], "features": {"1": "1", "2": "2", "3": "2", "4": "3", "18": "2", "25": "3", "5": "2", "129": "3", "6": "4", "52": "2", "59": "2", "7": "3", "11": "2", "38": "2", "8": "4", "88": "2", "102": "3", "9": "2", "10": "2", "123": "1", "29": "2", "12": "2", "20": "2", "14": "2", "86": "2", "15": "2", "43": "3", "16": "2", "33": "2", "17": "2", "40": "3", "39": "2", "19": "2", "68": "3", "21": "2", "62": "3", "22": "3", "81": "2", "63": "1", "23": "2", "96": "4", "24": "3", "32": "3", "55": "2", "49": "3", "30": "2", "28": "2", "73": "3", "42": "2", "31": "3", "48": "4", "105": "1", "69": "1", "37": "2", "35": "2", "75": "2", "36": "3", "1000": "3", "45": "3", "79": "2", "44": "3", "82": "3", "98": "3", "41": "3", "125": "2", "61": "3", "27": "2", "47": "3", "53": "3", "60": "2", "57": "2", "74": "1", "46": "2", "100": "4", "34": "1", "72": "2", "50": "2", "109": "2", "51": "2", "84": "3", "66": "3", "54": "3", "58": "3", "94": "2", "97": "1", "56": "2", "70": "2", "127": "2", "80": "2", "64": "3", "26": "1", "65": "2", "91": "3", "93": "2", "108": "2", "67": "2", "71": "3", "112": "2", "124": "2", "106": "3", "101": "2", "89": "3", "76": "3", "87": "1", "77": "2", "113": "1", "119": "1", "83": "2", "128": "3", "90": "2", "110": "1", "85": "2", "92": "3", "116": "2", "117": "2", "115": "2", "126": "1", "114": "2", "13": "1", "107": "2", "99": "2", "122": "3", "104": "3", "118": "2", "130": "2", "131": "2", "103": "1", "132": "2", "95": "1", "111": "1", "78": "1", "121": "1", "120": "1"}}