{"edges": [[1, 2], [2, 3], [3, 4], [4, 9], [5, 28], [5, 22], [6, 53], [7, 58], [7, 12], [9, 132], [10, 41], [10, 117], [11, 99], [12, 24], [13, 35], [13, 27], [14, 31], [15, 123], [15, 79], [16, 111], [17, 55], [18, 45], [18, 88], [19, 63], [19, 114], [20, 36], [22, 73], [23, 38], [24, 133], [25, 8], [26, 56], [28, 19], [29, 86], [30, 76], [31, 125], [32, 48], [33, 17], [33, 67], [34, 96], [35, 101], [36, 51], [36, 18], [37, 84], [38, 105], [39, 52], [40, 57], [41, 92], [42, 16], [43, 49], [44, 30], [45, 62], [46, 116], [46, 87], [47, 29], [48, 11], [49, 70], [49, 83], [50, 100], [51, 69], [53, 68], [53, 21], [55, 13], [57, 34], [58, 119], [59, 42], [60, 128], [61, 6], [61, 64], [62, 78], [63, 74], [65, 127], [65, 109], [66, 75], [67, 17], [68, 72], [69, 82], [70, 93], [70, 83], [72, 32], [72, 37], [73, 15], [74, 39], [75, 10], [76, 107], [77, 113], [78, 121], [79, 108], [80, 71], [82, 94], [83, 95], [84, 25], [86, 91], [86, 112], [88, 131], [90, 65], [91, 66], [92, 102], [94, 103], [95, 60], [97, 130], [98, 124], [99, 120], [101, 89], [102, 80], [103, 47], [103, 115], [104, 98], [105, 110], [106, 7], [107, 50], [107, 104], [108, 90], [109, 26], [110, 44], [110, 61], [112, 14], [113, 33], [114, 135], [115, 77], [116, 129], [117, 59], [118, 126], [119, 122], [121, 136], [122, 54], [122, 81], [123, 15], [126, 23], [126, 40], [127, 134], [128, 5], [128, 22], [128, 106], [131, 118], [132, 20], [132, 43], [133, 46], [135, 85], [135, 97]], "features": {"1": "1", "2": "2", "3": "2", "4": "2", "9": "2", "5": "3", "28": "2", "22": "3", "6": "2", "53": "3", "7": "3", "58": "2", "12": "2", "132": "3", "10": "3", "41": "2", "117": "2", "11": "2", "99": "2", "24": "2", "13": "3", "35": "2", "27": "1", "14": "2", "31": "2", "15": "4", "123": "2", "79": "2", "16": "2", "111": "1", "17": "3", "55": "2", "18": "3", "45": "2", "88": "2", "19": "3", "63": "2", "114": "2", "20": "2", "36": "3", "73": "2", "23": "2", "38": "2", "133": "2", "25": "2", "8": "1", "26": "2", "56": "1", "29": "2", "86": "3", "30": "2", "76": "2", "125": "1", "32": "2", "48": "2", "33": "3", "67": "2", "34": "2", "96": "1", "101": "2", "51": "2", "37": "2", "84": "2", "105": "2", "39": "2", "52": "1", "40": "2", "57": "2", "92": "2", "42": "2", "43": "2", "49": "3", "44": "2", "62": "2", "46": "3", "116": "2", "87": "1", "47": "2", "70": "3", "83": "3", "50": "2", "100": "1", "69": "2", "68": "2", "21": "1", "119": "2", "59": "2", "60": "2", "128": "4", "61": "3", "64": "1", "78": "2", "74": "2", "65": "3", "127": "2", "109": "2", "66": "2", "75": "2", "72": "3", "82": "2", "93": "1", "107": "3", "77": "2", "113": "2", "121": "2", "108": "2", "80": "2", "71": "1", "94": "2", "95": "2", "91": "2", "112": "2", "131": "2", "90": "2", "102": "2", "103": "3", "97": "2", "130": "1", "98": "2", "124": "1", "120": "1", "89": "1", "115": "2", "104": "2", "110": "3", "106": "2", "135": "3", "129": "1", "118": "2", "126": "3", "122": "3", "136": "1", "54": "1", "81": "1", "134": "1", "85": "1"}}