{"edges": [[1, 2], [2, 3], [3, 4], [4, 5], [5, 73], [5, 45], [5, 39], [5, 66], [7, 28], [8, 29], [10, 12], [11, 60], [12, 23], [13, 86], [14, 33], [15, 26], [17, 126], [18, 106], [19, 113], [20, 36], [20, 62], [22, 41], [23, 72], [23, 65], [24, 43], [25, 115], [25, 119], [26, 20], [27, 133], [28, 30], [28, 47], [29, 88], [30, 101], [31, 37], [33, 68], [34, 83], [35, 49], [36, 118], [37, 54], [38, 13], [38, 110], [39, 71], [40, 123], [41, 12], [42, 53], [42, 18], [43, 74], [45, 135], [46, 87], [48, 137], [49, 59], [49, 8], [50, 77], [52, 70], [53, 98], [54, 75], [56, 19], [56, 63], [57, 108], [58, 40], [58, 51], [60, 46], [60, 129], [61, 69], [62, 76], [63, 77], [65, 91], [66, 136], [67, 15], [69, 99], [71, 112], [72, 89], [73, 85], [73, 31], [74, 25], [75, 5], [75, 80], [76, 130], [77, 103], [77, 82], [78, 100], [78, 122], [79, 90], [80, 14], [81, 127], [82, 22], [83, 92], [84, 9], [85, 120], [86, 58], [87, 16], [89, 125], [90, 42], [91, 7], [91, 32], [92, 121], [93, 35], [94, 109], [95, 21], [96, 132], [97, 55], [98, 38], [99, 52], [99, 105], [100, 10], [101, 134], [101, 67], [103, 116], [104, 131], [105, 84], [107, 111], [108, 17], [108, 81], [109, 57], [110, 114], [111, 48], [113, 50], [114, 24], [116, 97], [118, 96], [119, 11], [120, 56], [122, 128], [123, 44], [124, 95], [125, 102], [126, 93], [126, 64], [127, 104], [129, 124], [130, 27], [130, 6], [131, 117], [133, 34], [135, 107], [136, 79], [137, 94], [137, 61]], "features": {"1": "1", "2": "2", "3": "2", "4": "2", "5": "6", "73": "3", "45": "2", "39": "2", "66": "2", "7": "2", "28": "3", "8": "2", "29": "2", "10": "2", "12": "3", "11": "2", "60": "3", "23": "3", "13": "2", "86": "2", "14": "2", "33": "2", "15": "2", "26": "2", "17": "2", "126": "3", "18": "2", "106": "1", "19": "2", "113": "2", "20": "3", "36": "2", "62": "2", "22": "2", "41": "2", "72": "2", "65": "2", "24": "2", "43": "2", "25": "3", "115": "1", "119": "2", "27": "2", "133": "2", "30": "2", "47": "1", "88": "1", "101": "3", "31": "2", "37": "2", "68": "1", "34": "2", "83": "2", "35": "2", "49": "3", "118": "2", "54": "2", "38": "3", "110": "2", "71": "2", "40": "2", "123": "2", "42": "3", "53": "2", "74": "2", "135": "2", "46": "2", "87": "2", "48": "2", "137": "3", "59": "1", "50": "2", "77": "4", "52": "2", "70": "1", "98": "2", "75": "3", "56": "3", "63": "2", "57": "2", "108": "3", "58": "3", "51": "1", "129": "2", "61": "2", "69": "2", "76": "2", "91": "3", "136": "2", "67": "2", "99": "3", "112": "1", "89": "2", "85": "2", "80": "2", "130": "3", "103": "2", "82": "2", "78": "2", "100": "2", "122": "2", "79": "2", "90": "2", "81": "2", "127": "2", "92": "2", "84": "2", "9": "1", "120": "2", "16": "1", "125": "2", "32": "1", "121": "1", "93": "2", "94": "2", "109": "2", "95": "2", "21": "1", "96": "2", "132": "1", "97": "2", "55": "1", "105": "2", "134": "1", "116": "2", "104": "2", "131": "2", "107": "2", "111": "2", "114": "2", "128": "1", "44": "1", "124": "2", "102": "1", "64": "1", "6": "1", "117": "1"}}