{"edges": [[1, 2], [2, 3], [3, 108], [4, 86], [5, 15], [6, 19], [6, 27], [7, 30], [9, 130], [13, 9], [14, 98], [15, 43], [16, 36], [17, 124], [18, 101], [19, 25], [20, 42], [21, 59], [22, 24], [24, 122], [25, 39], [26, 44], [27, 48], [28, 34], [28, 46], [30, 120], [31, 45], [33, 4], [34, 38], [35, 40], [36, 49], [36, 115], [37, 83], [40, 67], [40, 47], [41, 79], [41, 53], [43, 88], [43, 94], [44, 18], [47, 95], [48, 20], [48, 17], [49, 22], [50, 77], [51, 6], [52, 8], [53, 62], [53, 76], [54, 110], [54, 26], [55, 23], [55, 52], [56, 60], [57, 35], [58, 69], [59, 50], [60, 90], [61, 121], [62, 118], [63, 103], [64, 70], [64, 80], [65, 75], [66, 11], [67, 37], [68, 71], [69, 114], [70, 72], [71, 128], [72, 91], [73, 16], [74, 57], [74, 87], [75, 84], [75, 78], [76, 66], [77, 74], [78, 41], [79, 58], [80, 89], [81, 99], [81, 107], [82, 127], [83, 81], [84, 103], [85, 105], [86, 100], [87, 68], [88, 13], [89, 21], [89, 92], [90, 109], [91, 97], [91, 29], [94, 102], [95, 119], [96, 111], [97, 61], [98, 54], [99, 104], [100, 14], [100, 129], [101, 85], [101, 7], [102, 93], [103, 113], [105, 117], [106, 63], [107, 116], [108, 12], [108, 33], [110, 64], [111, 10], [111, 28], [114, 73], [114, 51], [115, 126], [115, 56], [118, 106], [118, 82], [119, 55], [120, 65], [121, 123], [124, 131], [125, 127], [127, 125], [127, 5], [128, 96], [129, 31], [130, 112], [131, 32]], "features": {"1": "1", "2": "2", "3": "2", "108": "3", "4": "2", "86": "2", "5": "2", "15": "2", "6": "3", "19": "2", "27": "2", "7": "2", "30": "2", "9": "2", "130": "2", "13": "2", "14": "2", "98": "2", "43": "3", "16": "2", "36": "3", "17": "2", "124": "2", "18": "2", "101": "3", "25": "2", "20": "2", "42": "1", "21": "2", "59": "2", "22": "2", "24": "2", "122": "1", "39": "1", "26": "2", "44": "2", "48": "3", "28": "3", "34": "2", "46": "1", "120": "2", "31": "2", "45": "1", "33": "2", "38": "1", "35": "2", "40": "3", "49": "2", "115": "3", "37": "2", "83": "2", "67": "2", "47": "2", "41": "3", "79": "2", "53": "3", "88": "2", "94": "2", "95": "2", "50": "2", "77": "2", "51": "2", "52": "2", "8": "1", "62": "2", "76": "2", "54": "3", "110": "2", "55": "3", "23": "1", "56": "2", "60": "2", "57": "2", "58": "2", "69": "2", "90": "2", "61": "2", "121": "2", "118": "3", "63": "2", "103": "3", "64": "3", "70": "2", "80": "2", "65": "2", "75": "3", "66": "2", "11": "1", "68": "2", "71": "2", "114": "3", "72": "2", "128": "2", "91": "3", "73": "2", "74": "3", "87": "2", "84": "2", "78": "2", "89": "3", "81": "3", "99": "2", "107": "2", "82": "2", "127": "4", "85": "2", "105": "2", "100": "3", "92": "1", "109": "1", "97": "2", "29": "1", "102": "2", "119": "2", "96": "2", "111": "3", "104": "1", "129": "2", "93": "1", "113": "1", "117": "1", "106": "2", "116": "1", "12": "1", "10": "1", "126": "1", "123": "1", "131": "2", "125": "2", "112": "1", "32": "1"}}