{"edges": [[1, 2], [2, 3], [3, 4], [4, 78], [4, 125], [5, 29], [6, 73], [7, 62], [8, 70], [9, 76], [9, 60], [10, 64], [10, 94], [10, 39], [12, 34], [13, 82], [14, 109], [15, 51], [16, 83], [17, 66], [18, 80], [19, 84], [19, 24], [20, 91], [21, 92], [21, 85], [22, 7], [23, 100], [24, 89], [25, 135], [25, 56], [26, 8], [27, 98], [28, 131], [30, 38], [32, 137], [34, 31], [35, 25], [36, 52], [37, 116], [39, 15], [40, 10], [41, 43], [42, 88], [43, 93], [44, 104], [45, 130], [46, 9], [46, 72], [47, 102], [47, 28], [48, 35], [49, 123], [50, 118], [50, 14], [51, 79], [51, 58], [52, 132], [53, 91], [54, 126], [55, 107], [55, 108], [56, 87], [57, 69], [58, 136], [58, 27], [60, 129], [61, 67], [62, 74], [62, 122], [63, 120], [64, 10], [65, 26], [68, 99], [68, 105], [69, 128], [70, 30], [70, 119], [71, 17], [71, 32], [72, 75], [75, 127], [77, 126], [78, 36], [79, 33], [80, 101], [80, 54], [81, 96], [82, 110], [83, 46], [84, 44], [85, 77], [86, 41], [86, 5], [87, 49], [88, 68], [90, 118], [91, 42], [92, 117], [93, 81], [94, 106], [95, 112], [97, 115], [98, 20], [98, 53], [99, 19], [102, 48], [106, 95], [106, 63], [107, 103], [108, 22], [109, 61], [109, 121], [112, 97], [113, 18], [114, 12], [115, 23], [115, 13], [116, 55], [117, 6], [118, 113], [118, 16], [119, 57], [120, 124], [121, 90], [122, 65], [123, 114], [123, 45], [124, 37], [124, 11], [125, 40], [126, 71], [127, 59], [128, 86], [129, 134], [131, 111], [132, 50], [134, 21], [135, 133], [137, 47]], "features": {"1": "1", "2": "2", "3": "2", "4": "3", "78": "2", "125": "2", "5": "2", "29": "1", "6": "2", "73": "1", "7": "2", "62": "3", "8": "2", "70": "3", "9": "3", "76": "1", "60": "2", "10": "5", "64": "2", "94": "2", "39": "2", "12": "2", "34": "2", "13": "2", "82": "2", "14": "2", "109": "3", "15": "2", "51": "3", "16": "2", "83": "2", "17": "2", "66": "1", "18": "2", "80": "3", "19": "3", "84": "2", "24": "2", "20": "2", "91": "3", "21": "3", "92": "2", "85": "2", "22": "2", "23": "2", "100": "1", "89": "1", "25": "3", "135": "2", "56": "2", "26": "2", "27": "2", "98": "3", "28": "2", "131": "2", "30": "2", "38": "1", "32": "2", "137": "2", "31": "1", "35": "2", "36": "2", "52": "2", "37": "2", "116": "2", "40": "2", "41": "2", "43": "2", "42": "2", "88": "2", "93": "2", "44": "2", "104": "1", "45": "2", "130": "1", "46": "3", "72": "2", "47": "3", "102": "2", "48": "2", "49": "2", "123": "3", "50": "3", "118": "4", "79": "2", "58": "3", "132": "2", "53": "2", "54": "2", "126": "3", "55": "3", "107": "2", "108": "2", "87": "2", "57": "2", "69": "2", "136": "1", "129": "2", "61": "2", "67": "1", "74": "1", "122": "2", "63": "2", "120": "2", "65": "2", "68": "3", "99": "2", "105": "1", "128": "2", "119": "2", "71": "3", "75": "2", "127": "2", "77": "2", "33": "1", "101": "1", "81": "2", "96": "1", "110": "1", "86": "3", "90": "2", "117": "2", "106": "3", "95": "2", "112": "2", "97": "2", "115": "3", "103": "1", "121": "2", "113": "2", "114": "2", "124": "3", "11": "1", "59": "1", "134": "2", "111": "1", "133": "1"}}