{"edges": [[1, 2], [2, 3], [3, 16], [3, 101], [4, 1], [5, 23], [5, 126], [6, 110], [7, 80], [7, 129], [8, 40], [8, 99], [9, 91], [9, 113], [12, 35], [12, 125], [13, 18], [14, 120], [16, 82], [17, 104], [18, 118], [19, 72], [21, 85], [22, 86], [22, 17], [23, 105], [24, 52], [26, 7], [28, 6], [28, 124], [29, 4], [30, 46], [31, 87], [32, 108], [33, 127], [35, 65], [36, 79], [38, 100], [39, 63], [40, 61], [42, 116], [43, 51], [43, 62], [44, 26], [44, 109], [45, 97], [45, 55], [46, 39], [46, 96], [47, 28], [49, 54], [50, 10], [51, 53], [52, 76], [53, 83], [55, 9], [56, 132], [58, 107], [58, 14], [59, 22], [60, 5], [61, 19], [61, 70], [62, 56], [63, 37], [63, 67], [64, 24], [64, 106], [66, 90], [67, 49], [67, 68], [68, 84], [70, 36], [71, 111], [72, 43], [73, 66], [73, 15], [74, 32], [74, 112], [75, 20], [76, 98], [76, 30], [77, 58], [78, 95], [78, 33], [79, 42], [79, 59], [80, 94], [82, 64], [82, 44], [86, 114], [87, 128], [89, 25], [89, 102], [90, 121], [90, 60], [92, 8], [93, 27], [94, 75], [94, 31], [96, 133], [97, 115], [98, 74], [99, 122], [100, 123], [101, 1], [102, 131], [103, 34], [105, 41], [108, 57], [108, 119], [109, 47], [109, 89], [111, 69], [111, 50], [113, 21], [113, 77], [114, 93], [115, 13], [115, 103], [116, 12], [117, 81], [118, 73], [119, 88], [122, 78], [123, 130], [125, 29], [128, 11], [129, 38], [130, 71], [130, 45], [131, 92], [132, 117], [132, 48]], "features": {"1": "3", "2": "2", "3": "3", "16": "2", "101": "2", "4": "2", "5": "3", "23": "2", "126": "1", "6": "2", "110": "1", "7": "3", "80": "2", "129": "2", "8": "3", "40": "2", "99": "2", "9": "3", "91": "1", "113": "3", "12": "3", "35": "2", "125": "2", "13": "2", "18": "2", "14": "2", "120": "1", "82": "3", "17": "2", "104": "1", "118": "2", "19": "2", "72": "2", "21": "2", "85": "1", "22": "3", "86": "2", "105": "2", "24": "2", "52": "2", "26": "2", "28": "3", "124": "1", "29": "2", "30": "2", "46": "3", "31": "2", "87": "2", "32": "2", "108": "3", "33": "2", "127": "1", "65": "1", "36": "2", "79": "3", "38": "2", "100": "2", "39": "2", "63": "3", "61": "3", "42": "2", "116": "2", "43": "3", "51": "2", "62": "2", "44": "3", "109": "3", "45": "3", "97": "2", "55": "2", "96": "2", "47": "2", "49": "2", "54": "1", "50": "2", "10": "1", "53": "2", "76": "3", "83": "1", "56": "2", "132": "3", "58": "3", "107": "1", "59": "2", "60": "2", "70": "2", "37": "1", "67": "3", "64": "3", "106": "1", "66": "2", "90": "3", "68": "2", "84": "1", "71": "2", "111": "3", "73": "3", "15": "1", "74": "3", "112": "1", "75": "2", "20": "1", "98": "2", "77": "2", "78": "3", "95": "1", "94": "3", "114": "2", "128": "2", "89": "3", "25": "1", "102": "2", "121": "1", "92": "2", "93": "2", "27": "1", "133": "1", "115": "3", "122": "2", "123": "2", "131": "2", "103": "2", "34": "1", "41": "1", "57": "1", "119": "2", "69": "1", "117": "2", "81": "1", "88": "1", "130": "3", "11": "1", "48": "1"}}