{"edges": [[1, 2], [1, 3], [1, 4], [1, 5], [2, 17], [3, 28], [4, 62], [5, 42], [6, 26], [7, 43], [10, 59], [11, 18], [12, 103], [12, 71], [14, 110], [15, 36], [16, 135], [17, 56], [18, 45], [18, 22], [19, 124], [21, 84], [22, 67], [23, 133], [25, 69], [26, 114], [27, 79], [28, 41], [29, 118], [30, 66], [31, 68], [31, 20], [32, 23], [33, 52], [35, 116], [36, 58], [38, 111], [39, 11], [40, 14], [41, 77], [42, 101], [43, 121], [44, 85], [45, 37], [45, 51], [47, 13], [48, 86], [49, 15], [51, 70], [52, 126], [53, 75], [54, 89], [55, 91], [56, 64], [58, 25], [59, 115], [60, 112], [61, 78], [62, 76], [63, 49], [63, 54], [64, 61], [65, 96], [66, 72], [67, 107], [68, 7], [69, 128], [70, 60], [72, 9], [72, 16], [74, 119], [75, 31], [76, 32], [76, 87], [77, 21], [78, 131], [79, 122], [80, 82], [81, 39], [82, 113], [83, 63], [84, 10], [84, 30], [85, 74], [86, 53], [88, 109], [89, 125], [89, 55], [90, 134], [91, 100], [92, 48], [92, 50], [94, 73], [96, 88], [96, 33], [97, 27], [97, 83], [98, 108], [98, 35], [100, 105], [100, 95], [101, 97], [102, 106], [103, 130], [104, 120], [105, 6], [106, 127], [108, 129], [109, 29], [111, 12], [112, 104], [113, 98], [114, 117], [115, 19], [116, 92], [118, 99], [119, 8], [119, 40], [121, 90], [122, 47], [123, 81], [123, 44], [124, 65], [124, 38], [127, 46], [129, 94], [130, 93], [131, 24], [132, 43], [133, 123], [135, 132]], "features": {"1": "4", "2": "2", "3": "2", "4": "2", "5": "2", "17": "2", "28": "2", "62": "2", "42": "2", "6": "2", "26": "2", "7": "2", "43": "3", "10": "2", "59": "2", "11": "2", "18": "3", "12": "3", "103": "2", "71": "1", "14": "2", "110": "1", "15": "2", "36": "2", "16": "2", "135": "2", "56": "2", "45": "3", "22": "2", "19": "2", "124": "3", "21": "2", "84": "3", "67": "2", "23": "2", "133": "2", "25": "2", "69": "2", "114": "2", "27": "2", "79": "2", "41": "2", "29": "2", "118": "2", "30": "2", "66": "2", "31": "3", "68": "2", "20": "1", "32": "2", "33": "2", "52": "2", "35": "2", "116": "2", "58": "2", "38": "2", "111": "2", "39": "2", "40": "2", "77": "2", "101": "2", "121": "2", "44": "2", "85": "2", "37": "1", "51": "2", "47": "2", "13": "1", "48": "2", "86": "2", "49": "2", "70": "2", "126": "1", "53": "2", "75": "2", "54": "2", "89": "3", "55": "2", "91": "2", "64": "2", "115": "2", "60": "2", "112": "2", "61": "2", "78": "2", "76": "3", "63": "3", "65": "2", "96": "3", "72": "3", "107": "1", "128": "1", "9": "1", "74": "2", "119": "3", "87": "1", "131": "2", "122": "2", "80": "1", "82": "2", "81": "2", "113": "2", "83": "2", "88": "2", "109": "2", "125": "1", "90": "2", "134": "1", "100": "3", "92": "3", "50": "1", "94": "2", "73": "1", "97": "3", "98": "3", "108": "2", "105": "2", "95": "1", "102": "1", "106": "2", "130": "2", "104": "2", "120": "1", "127": "2", "129": "2", "117": "1", "99": "1", "8": "1", "123": "3", "46": "1", "93": "1", "24": "1", "132": "2"}}