{"edges": [[6, 7], [7, 8], [8, 9], [9, 10], [10, 11], [11, 12], [12, 13], [13, 14], [14, 15], [15, 16], [16, 17], [17, 18], [17, 78], [18, 19], [18, 24], [19, 20], [20, 21], [21, 22], [22, 23], [24, 25], [24, 39], [24, 45], [25, 26], [25, 30], [26, 27], [27, 28], [28, 29], [30, 31], [30, 36], [31, 32], [32, 33], [33, 34], [34, 35], [36, 37], [37, 38], [39, 40], [40, 41], [42, 43], [45, 46], [46, 47], [47, 48], [47, 55], [48, 49], [49, 50], [50, 51], [51, 52], [52, 53], [53, 54], [55, 56], [56, 57], [56, 67], [57, 58], [58, 59], [59, 60], [59, 64], [60, 61], [61, 62], [62, 63], [64, 65], [65, 66], [67, 68], [68, 69], [68, 74], [69, 70], [70, 71], [71, 72], [72, 73], [74, 75], [75, 76], [76, 77], [78, 79], [78, 121], [79, 80], [79, 81], [79, 82], [79, 91], [79, 92], [79, 103], [79, 108], [82, 83], [83, 84], [84, 85], [85, 86], [86, 87], [86, 90], [87, 88], [88, 89], [92, 93], [93, 94], [93, 102], [94, 95], [95, 96], [96, 97], [97, 98], [98, 99], [99, 100], [100, 101], [102, 79], [103, 104], [104, 105], [104, 109], [105, 106], [106, 107], [109, 110], [109, 114], [110, 111], [111, 112], [112, 113], [114, 115], [115, 116], [116, 117], [117, 118], [118, 119], [119, 120], [121, 122], [122, 123], [123, 124], [124, 125], [125, 126]], "features": {"6": "1", "7": "2", "8": "2", "9": "2", "10": "2", "11": "2", "12": "2", "13": "2", "14": "2", "15": "2", "16": "2", "17": "3", "18": "3", "78": "3", "19": "2", "24": "4", "20": "2", "21": "2", "22": "2", "23": "1", "25": "3", "39": "2", "45": "2", "26": "2", "30": "3", "27": "2", "28": "2", "29": "1", "31": "2", "36": "2", "32": "2", "33": "2", "34": "2", "35": "1", "37": "2", "38": "1", "40": "2", "41": "1", "42": "1", "43": "1", "46": "2", "47": "3", "48": "2", "55": "2", "49": "2", "50": "2", "51": "2", "52": "2", "53": "2", "54": "1", "56": "3", "57": "2", "67": "2", "58": "2", "59": "3", "60": "2", "64": "2", "61": "2", "62": "2", "63": "1", "65": "2", "66": "1", "68": "3", "69": "2", "74": "2", "70": "2", "71": "2", "72": "2", "73": "1", "75": "2", "76": "2", "77": "1", "79": "9", "121": "2", "80": "1", "81": "1", "82": "2", "91": "1", "92": "2", "103": "2", "108": "1", "83": "2", "84": "2", "85": "2", "86": "3", "87": "2", "90": "1", "88": "2", "89": "1", "93": "3", "94": "2", "102": "2", "95": "2", "96": "2", "97": "2", "98": "2", "99": "2", "100": "2", "101": "1", "104": "3", "105": "2", "109": "3", "106": "2", "107": "1", "110": "2", "114": "2", "111": "2", "112": "2", "113": "1", "115": "2", "116": "2", "117": "2", "118": "2", "119": "2", "120": "1", "122": "2", "123": "2", "124": "2", "125": "2", "126": "1"}}