{"edges": [[1, 29], [1, 24], [3, 28], [3, 14], [4, 27], [4, 17], [5, 16], [6, 37], [6, 22], [7, 33], [7, 21], [8, 34], [9, 23], [11, 25], [11, 30], [12, 15], [12, 26], [13, 11], [15, 2], [17, 13], [17, 32], [19, 6], [19, 37], [20, 8], [20, 34], [21, 31], [22, 11], [23, 16], [25, 5], [25, 3], [26, 20], [27, 19], [27, 38], [29, 4], [29, 35], [30, 18], [30, 7], [31, 12], [31, 36], [33, 16], [33, 9], [34, 39], [35, 10], [35, 4], [36, 2], [38, 19]], "features": {"1": "2", "29": "3", "24": "1", "3": "3", "28": "1", "14": "1", "4": "4", "27": "3", "17": "3", "5": "2", "16": "3", "6": "3", "37": "2", "22": "2", "7": "3", "33": "3", "21": "2", "8": "2", "34": "3", "9": "2", "23": "2", "11": "4", "25": "3", "30": "3", "12": "3", "15": "2", "26": "2", "13": "2", "2": "2", "32": "1", "19": "4", "20": "3", "31": "3", "38": "2", "35": "3", "18": "1", "36": "2", "39": "1", "10": "1"}}