{"edges": [[1, 2], [2, 25], [2, 23], [3, 40], [3, 27], [4, 37], [5, 30], [5, 38], [6, 16], [8, 37], [9, 22], [9, 21], [10, 7], [10, 29], [12, 27], [13, 41], [14, 8], [14, 36], [16, 10], [17, 12], [17, 6], [18, 21], [19, 4], [19, 18], [21, 5], [22, 4], [23, 20], [23, 34], [24, 35], [25, 9], [27, 33], [29, 39], [32, 10], [33, 12], [33, 6], [34, 14], [35, 28], [35, 31], [36, 19], [37, 3], [37, 40], [38, 32], [38, 13], [39, 42], [39, 26], [40, 15], [40, 17], [41, 24], [41, 11]], "features": {"1": "1", "2": "3", "25": "2", "23": "3", "3": "3", "40": "4", "27": "3", "4": "3", "37": "4", "5": "3", "30": "1", "38": "3", "6": "3", "16": "2", "8": "2", "9": "3", "22": "2", "21": "3", "10": "4", "7": "1", "29": "2", "12": "3", "13": "2", "41": "3", "14": "3", "36": "2", "17": "3", "18": "2", "19": "3", "20": "1", "34": "2", "24": "2", "35": "3", "33": "3", "39": "3", "32": "2", "28": "1", "31": "1", "42": "1", "26": "1", "15": "1", "11": "1"}}