{"edges": [[1, 20], [2, 23], [2, 27], [3, 49], [4, 22], [5, 19], [6, 18], [7, 21], [8, 33], [8, 24], [9, 48], [9, 37], [10, 49], [12, 40], [13, 32], [14, 28], [15, 26], [16, 49], [16, 41], [17, 31], [17, 37], [18, 25], [19, 35], [20, 32], [20, 13], [21, 14], [21, 43], [22, 55], [23, 28], [24, 52], [25, 11], [26, 56], [26, 46], [27, 10], [28, 47], [29, 6], [29, 38], [31, 9], [32, 7], [32, 17], [32, 5], [33, 38], [34, 50], [35, 12], [35, 49], [36, 45], [36, 4], [37, 3], [38, 30], [39, 44], [40, 2], [41, 8], [42, 53], [43, 19], [44, 34], [44, 54], [45, 34], [45, 54], [46, 56], [47, 36], [48, 51], [49, 28], [50, 15], [51, 16], [52, 49], [52, 42], [53, 29], [55, 39]], "features": {"1": "1", "20": "3", "2": "3", "23": "2", "27": "2", "3": "2", "49": "6", "4": "2", "22": "2", "5": "2", "19": "3", "6": "2", "18": "2", "7": "2", "21": "3", "8": "3", "33": "2", "24": "2", "9": "3", "48": "2", "37": "3", "10": "2", "12": "2", "40": "2", "13": "2", "32": "5", "14": "2", "28": "4", "15": "2", "26": "3", "16": "3", "41": "2", "17": "3", "31": "2", "25": "2", "35": "3", "43": "2", "55": "2", "52": "3", "11": "1", "56": "2", "46": "2", "47": "2", "29": "3", "38": "3", "34": "3", "50": "2", "36": "3", "45": "3", "30": "1", "39": "2", "44": "3", "42": "2", "53": "2", "54": "2", "51": "2"}}