{"edges": [[0, 33], [0, 20], [1, 10], [1, 25], [3, 14], [4, 15], [4, 6], [6, 37], [7, 23], [8, 21], [8, 26], [9, 3], [9, 32], [10, 25], [11, 35], [12, 5], [12, 39], [13, 18], [14, 30], [14, 17], [15, 12], [16, 28], [17, 35], [18, 34], [19, 36], [19, 4], [21, 34], [23, 2], [23, 22], [25, 31], [25, 29], [26, 13], [26, 18], [28, 12], [29, 20], [29, 33], [30, 38], [30, 8], [32, 14], [33, 19], [33, 31], [35, 27], [35, 7], [35, 40], [36, 16], [36, 28], [38, 11], [38, 24], [39, 9]], "features": {"0": "2", "33": "4", "20": "2", "1": "2", "10": "2", "25": "4", "3": "2", "14": "4", "4": "3", "15": "2", "6": "2", "37": "1", "7": "2", "23": "3", "8": "3", "21": "2", "26": "3", "9": "3", "32": "2", "11": "2", "35": "5", "12": "4", "5": "1", "39": "2", "13": "2", "18": "3", "30": "3", "17": "2", "16": "2", "28": "3", "34": "2", "19": "3", "36": "3", "2": "1", "22": "1", "31": "2", "29": "3", "38": "3", "27": "1", "40": "1", "24": "1"}}