{"edges": [[3, 4], [4, 5], [5, 6], [6, 7], [7, 24], [7, 68], [8, 38], [9, 110], [10, 51], [10, 44], [11, 20], [12, 101], [14, 15], [15, 20], [15, 17], [17, 18], [18, 67], [18, 71], [19, 80], [20, 21], [21, 28], [21, 30], [22, 111], [22, 99], [23, 100], [24, 8], [26, 47], [27, 77], [28, 64], [29, 72], [30, 31], [30, 95], [31, 50], [32, 47], [33, 49], [34, 41], [35, 116], [35, 97], [36, 61], [36, 108], [38, 40], [38, 47], [39, 104], [40, 10], [41, 22], [41, 120], [42, 86], [44, 66], [45, 109], [45, 60], [47, 14], [48, 52], [50, 63], [51, 47], [52, 59], [52, 92], [53, 66], [54, 45], [56, 87], [57, 81], [58, 103], [59, 98], [60, 112], [60, 76], [61, 74], [62, 91], [62, 96], [63, 70], [64, 43], [64, 57], [66, 32], [66, 53], [66, 26], [67, 75], [69, 85], [70, 12], [70, 16], [71, 75], [72, 73], [73, 93], [73, 118], [74, 42], [74, 86], [75, 83], [75, 88], [76, 58], [77, 122], [77, 39], [78, 9], [78, 89], [80, 106], [80, 29], [81, 123], [81, 121], [82, 97], [84, 113], [85, 19], [86, 87], [87, 119], [87, 114], [87, 27], [88, 54], [89, 94], [91, 11], [92, 98], [93, 124], [94, 107], [96, 33], [98, 36], [101, 102], [102, 78], [104, 23], [104, 69], [106, 80], [107, 35], [107, 82], [109, 62], [112, 34], [114, 56], [116, 48], [119, 87], [120, 121], [121, 84], [122, 39], [124, 115]], "features": {"3": "1", "4": "2", "5": "2", "6": "2", "7": "3", "24": "2", "68": "1", "8": "2", "38": "3", "9": "2", "110": "1", "10": "3", "51": "2", "44": "2", "11": "2", "20": "3", "12": "2", "101": "2", "14": "2", "15": "3", "17": "2", "18": "3", "67": "2", "71": "2", "19": "2", "80": "4", "21": "3", "28": "2", "30": "3", "22": "3", "111": "1", "99": "1", "23": "2", "100": "1", "26": "2", "47": "5", "27": "2", "77": "3", "64": "3", "29": "2", "72": "2", "31": "2", "95": "1", "50": "2", "32": "2", "33": "2", "49": "1", "34": "2", "41": "3", "35": "3", "116": "2", "97": "2", "36": "3", "61": "2", "108": "1", "40": "2", "39": "3", "104": "3", "120": "2", "42": "2", "86": "3", "66": "5", "45": "3", "109": "2", "60": "3", "48": "2", "52": "3", "63": "2", "59": "2", "92": "2", "53": "2", "54": "2", "56": "2", "87": "6", "57": "2", "81": "3", "58": "2", "103": "1", "98": "3", "112": "2", "76": "2", "74": "3", "62": "3", "91": "2", "96": "2", "70": "3", "43": "1", "75": "4", "69": "2", "85": "2", "16": "1", "73": "3", "93": "2", "118": "1", "83": "1", "88": "2", "122": "2", "78": "3", "89": "2", "106": "2", "123": "1", "121": "3", "82": "2", "84": "2", "113": "1", "119": "2", "114": "2", "94": "2", "124": "2", "107": "3", "102": "2", "115": "1"}}