{"edges": [[1, 4], [4, 7], [4, 14], [5, 6], [6, 22], [7, 13], [13, 19], [13, 25], [14, 18], [18, 22], [18, 5], [19, 21], [21, 33], [21, 44], [22, 24], [24, 1], [25, 32], [32, 53], [33, 36], [36, 60], [36, 44], [36, 25], [37, 38], [38, 48], [40, 43], [43, 68], [44, 47], [47, 68], [48, 52], [52, 64], [53, 59], [59, 40], [59, 37], [60, 63], [63, 44], [63, 25], [64, 66], [66, 77], [66, 87], [68, 70], [70, 33], [70, 25], [72, 76], [76, 97], [76, 93], [77, 80], [80, 93], [80, 72], [80, 97], [81, 86], [86, 97], [87, 77], [88, 92], [92, 105], [92, 103], [93, 96], [96, 81], [97, 102], [102, 88], [103, 106], [106, 116], [106, 114], [107, 108], [108, 122], [109, 112], [112, 103], [114, 115], [115, 119], [116, 118], [118, 107], [119, 102], [102, 116], [122, 125]], "features": {"1": "2", "4": "3", "7": "2", "14": "2", "5": "2", "6": "2", "22": "3", "13": "3", "19": "2", "25": "5", "18": "3", "21": "3", "33": "3", "44": "4", "24": "2", "32": "2", "53": "2", "36": "4", "60": "2", "37": "2", "38": "2", "48": "2", "40": "2", "43": "2", "68": "3", "47": "2", "52": "2", "64": "2", "59": "3", "63": "3", "66": "3", "77": "3", "87": "2", "70": "3", "72": "2", "76": "3", "97": "4", "93": "3", "80": "4", "81": "2", "86": "2", "88": "2", "92": "3", "105": "1", "103": "3", "96": "2", "102": "4", "106": "3", "116": "3", "114": "2", "107": "2", "108": "2", "122": "2", "109": "1", "112": "2", "115": "2", "119": "2", "118": "2", "125": "1"}}