{"edges": [[1, 8], [5, 18], [6, 23], [6, 11], [8, 18], [8, 14], [11, 23], [13, 31], [13, 20], [14, 5], [18, 6], [20, 31], [21, 28], [23, 13], [26, 36], [28, 45], [31, 26], [36, 21], [36, 28], [39, 48], [41, 59], [43, 76], [45, 51], [48, 56], [48, 41], [51, 41], [51, 39], [54, 43], [56, 41], [59, 54], [63, 73], [63, 88], [66, 70], [68, 70], [68, 66], [70, 81], [73, 88], [74, 99], [76, 68], [76, 66], [79, 85], [81, 82], [82, 63], [82, 79], [85, 91], [85, 99], [88, 79], [91, 96], [94, 105], [94, 111], [96, 74], [99, 109], [99, 111], [99, 105], [101, 119], [103, 113], [105, 101], [105, 119], [109, 94], [111, 103], [113, 105], [116, 121], [119, 116], [121, 125]], "features": {"1": "1", "8": "3", "5": "2", "18": "3", "6": "3", "23": "3", "11": "2", "14": "2", "13": "3", "31": "3", "20": "2", "21": "2", "28": "3", "26": "2", "36": "3", "45": "2", "39": "2", "48": "3", "41": "4", "59": "2", "43": "2", "76": "3", "51": "3", "56": "2", "54": "2", "63": "3", "73": "2", "88": "3", "66": "3", "70": "3", "68": "3", "81": "2", "74": "2", "99": "5", "79": "3", "85": "3", "82": "3", "91": "2", "96": "2", "94": "3", "105": "5", "111": "3", "109": "2", "101": "2", "119": "3", "103": "2", "113": "2", "116": "2", "121": "2", "125": "1"}}