{"edges": [[1, 8], [5, 21], [5, 14], [8, 12], [8, 5], [12, 5], [12, 21], [14, 21], [18, 23], [21, 18], [21, 27], [23, 31], [23, 33], [27, 18], [31, 46], [31, 38], [33, 46], [33, 38], [35, 57], [35, 46], [38, 35], [38, 57], [41, 66], [41, 52], [46, 41], [46, 66], [52, 66], [52, 38], [57, 64], [57, 72], [61, 64], [61, 84], [64, 67], [66, 57], [67, 84], [67, 74], [72, 61], [74, 89], [77, 103], [77, 95], [84, 77], [89, 84], [92, 103], [95, 92], [95, 103], [99, 150], [99, 119], [103, 99], [109, 115], [112, 121], [115, 112], [115, 121], [119, 109], [119, 115], [121, 125]], "features": {"1": "1", "8": "3", "5": "4", "21": "5", "14": "2", "12": "3", "18": "3", "23": "3", "27": "2", "31": "3", "33": "3", "46": "5", "38": "5", "35": "3", "57": "5", "41": "3", "66": "4", "52": "3", "64": "3", "72": "2", "61": "3", "84": "4", "67": "3", "74": "2", "89": "2", "77": "3", "103": "4", "95": "3", "92": "2", "99": "3", "150": "1", "119": "3", "109": "2", "115": "4", "112": "2", "121": "3", "125": "1"}}