{"edges": [[1, 14], [1, 22], [6, 16], [8, 22], [13, 25], [16, 8], [16, 22], [19, 13], [19, 25], [22, 29], [22, 25], [23, 38], [23, 47], [25, 34], [29, 19], [29, 13], [29, 25], [31, 23], [34, 31], [34, 23], [31, 36], [36, 42], [38, 58], [42, 31], [42, 23], [44, 72], [44, 64], [47, 58], [51, 44], [51, 67], [55, 44], [58, 51], [58, 75], [61, 78], [64, 72], [67, 55], [67, 44], [69, 61], [72, 69], [72, 61], [75, 51], [75, 42], [78, 80]], "features": {"1": "2", "14": "1", "22": "5", "6": "1", "16": "3", "8": "2", "13": "3", "25": "5", "19": "3", "29": "4", "23": "5", "38": "2", "47": "2", "34": "3", "31": "4", "36": "2", "42": "4", "58": "4", "44": "5", "72": "4", "64": "2", "51": "4", "67": "3", "55": "2", "75": "3", "61": "3", "78": "2", "69": "2", "80": "1"}}