{"edges": [[2, 4], [4, 12], [4, 7], [6, 13], [6, 60], [6, 121], [7, 8], [8, 15], [9, 6], [10, 12], [10, 9], [10, 121], [11, 23], [11, 121], [11, 16], [12, 24], [13, 11], [15, 10], [16, 18], [18, 31], [19, 25], [20, 19], [20, 22], [21, 32], [22, 26], [23, 56], [24, 35], [26, 28], [28, 30], [28, 121], [28, 21], [31, 20], [32, 34], [32, 56], [34, 41], [36, 38], [38, 49], [38, 121], [38, 74], [39, 45], [39, 50], [40, 42], [41, 36], [42, 44], [44, 51], [44, 46], [44, 55], [45, 47], [46, 48], [47, 57], [48, 39], [49, 54], [52, 54], [52, 59], [53, 61], [56, 2], [57, 58], [57, 53], [59, 40], [60, 66], [61, 75], [62, 76], [62, 80], [64, 71], [64, 24], [68, 70], [70, 72], [70, 65], [71, 68], [72, 77], [72, 78], [74, 52], [75, 64], [75, 67], [76, 80], [77, 62], [79, 82], [80, 79], [82, 84], [82, 86], [83, 85], [85, 87], [85, 102], [86, 83], [87, 89], [89, 93], [91, 92], [92, 94], [93, 91], [94, 99], [96, 100], [97, 98], [98, 96], [99, 97], [99, 24], [100, 88], [100, 103], [102, 85], [103, 106], [106, 109], [107, 111], [107, 56], [109, 14], [109, 107], [111, 115], [113, 116], [113, 14], [114, 117], [115, 113], [116, 114], [117, 119], [119, 120], [120, 121]], "features": {"2": "2", "4": "3", "12": "3", "7": "2", "6": "4", "13": "2", "60": "2", "121": "6", "8": "2", "15": "2", "9": "2", "10": "4", "11": "4", "23": "2", "16": "2", "24": "4", "18": "2", "31": "2", "19": "2", "25": "1", "20": "3", "22": "2", "21": "2", "32": "3", "26": "2", "56": "4", "35": "1", "28": "4", "30": "1", "34": "2", "41": "2", "36": "2", "38": "4", "49": "2", "74": "2", "39": "3", "45": "2", "50": "1", "40": "2", "42": "2", "44": "4", "51": "1", "46": "2", "55": "1", "47": "2", "48": "2", "57": "3", "54": "2", "52": "3", "59": "2", "53": "2", "61": "2", "58": "1", "66": "1", "75": "3", "62": "3", "76": "2", "80": "3", "64": "3", "71": "2", "68": "2", "70": "3", "72": "3", "65": "1", "77": "2", "78": "1", "67": "1", "79": "2", "82": "3", "84": "1", "86": "2", "83": "2", "85": "4", "87": "2", "102": "2", "89": "2", "93": "2", "91": "2", "92": "2", "94": "2", "99": "3", "96": "2", "100": "3", "97": "2", "98": "2", "88": "1", "103": "2", "106": "2", "109": "3", "107": "3", "111": "2", "14": "2", "115": "2", "113": "3", "116": "2", "114": "2", "117": "2", "119": "2", "120": "2"}}