{"edges": [[1, 11], [1, 15], [7, 21], [7, 16], [11, 7], [11, 60], [15, 11], [15, 40], [16, 21], [17, 96], [17, 40], [17, 28], [21, 6], [21, 34], [26, 27], [28, 52], [28, 44], [34, 26], [34, 17], [39, 6], [41, 69], [41, 33], [44, 96], [45, 77], [45, 32], [48, 73], [48, 62], [51, 60], [52, 39], [52, 41], [57, 66], [58, 79], [58, 65], [60, 61], [62, 58], [62, 114], [65, 40], [66, 107], [66, 82], [69, 45], [69, 93], [73, 74], [75, 86], [75, 92], [77, 78], [77, 57], [78, 51], [78, 66], [79, 75], [82, 48], [82, 6], [86, 76], [86, 101], [88, 96], [88, 108], [88, 47], [91, 100], [92, 74], [94, 115], [97, 116], [101, 114], [101, 88], [108, 94], [108, 91], [113, 119], [115, 60], [115, 97], [115, 118], [116, 100], [116, 113], [118, 100], [119, 121]], "features": {"1": "2", "11": "4", "15": "3", "7": "3", "21": "4", "16": "2", "60": "4", "40": "3", "17": "4", "96": "3", "28": "3", "6": "3", "34": "3", "26": "2", "27": "1", "52": "3", "44": "2", "39": "2", "41": "3", "69": "3", "33": "1", "45": "3", "77": "3", "32": "1", "48": "3", "73": "2", "62": "3", "51": "2", "57": "2", "66": "4", "58": "3", "79": "2", "65": "2", "61": "1", "114": "2", "107": "1", "82": "3", "93": "1", "74": "2", "75": "3", "86": "3", "92": "2", "78": "3", "76": "1", "101": "3", "88": "4", "108": "3", "47": "1", "91": "2", "100": "3", "94": "2", "115": "4", "97": "2", "116": "3", "113": "2", "119": "2", "118": "2", "121": "1"}}