{"edges": [[1, 11], [1, 13], [7, 12], [7, 10], [8, 13], [8, 14], [9, 23], [11, 8], [12, 9], [14, 7], [15, 25], [17, 24], [23, 15], [24, 33], [25, 17], [25, 22], [26, 35], [26, 47], [26, 51], [27, 34], [32, 37], [33, 26], [34, 46], [34, 36], [35, 32], [36, 45], [37, 42], [37, 49], [37, 26], [40, 37], [43, 59], [43, 41], [43, 48], [44, 42], [44, 22], [44, 37], [45, 52], [45, 48], [47, 40], [49, 64], [50, 63], [50, 92], [51, 44], [52, 43], [53, 46], [53, 27], [54, 89], [56, 90], [56, 79], [59, 39], [59, 78], [62, 101], [64, 53], [65, 88], [65, 79], [66, 56], [66, 61], [68, 103], [68, 82], [75, 54], [75, 48], [76, 55], [76, 68], [78, 65], [80, 76], [80, 91], [82, 107], [82, 102], [88, 67], [88, 50], [89, 66], [90, 93], [90, 62], [92, 75], [94, 104], [94, 113], [101, 80], [104, 115], [104, 108], [105, 116], [106, 111], [106, 115], [107, 112], [108, 112], [109, 105], [109, 38], [111, 118], [112, 94], [112, 81], [114, 109], [114, 55], [116, 106], [117, 114], [118, 121]], "features": {"1": "2", "11": "2", "13": "2", "7": "3", "12": "2", "10": "1", "8": "3", "14": "2", "9": "2", "23": "2", "15": "2", "25": "3", "17": "2", "24": "2", "33": "2", "22": "2", "26": "5", "35": "2", "47": "2", "51": "2", "27": "2", "34": "3", "32": "2", "37": "6", "46": "2", "36": "2", "45": "3", "42": "2", "49": "2", "40": "2", "43": "4", "59": "3", "41": "1", "48": "3", "44": "4", "52": "2", "64": "2", "50": "3", "63": "1", "92": "2", "53": "3", "54": "2", "89": "2", "56": "3", "90": "3", "79": "2", "39": "1", "78": "2", "62": "2", "101": "2", "65": "3", "88": "3", "66": "3", "61": "1", "68": "3", "103": "1", "82": "3", "75": "3", "76": "3", "55": "2", "80": "3", "91": "1", "107": "2", "102": "1", "67": "1", "93": "1", "94": "3", "104": "3", "113": "1", "115": "2", "108": "2", "105": "2", "116": "2", "106": "3", "111": "2", "112": "4", "109": "3", "38": "1", "118": "2", "81": "1", "114": "3", "117": "1", "121": "1"}}