{"edges": [[1, 2], [2, 9], [5, 12], [6, 28], [6, 33], [8, 40], [9, 10], [10, 15], [10, 4], [11, 14], [11, 34], [15, 25], [15, 20], [17, 45], [17, 38], [19, 30], [19, 5], [21, 6], [25, 19], [25, 11], [32, 41], [33, 42], [34, 8], [34, 64], [41, 46], [44, 17], [46, 87], [46, 24], [46, 64], [48, 54], [48, 59], [51, 48], [51, 80], [55, 31], [55, 63], [59, 76], [62, 41], [62, 68], [63, 58], [64, 55], [68, 111], [68, 100], [71, 92], [71, 62], [71, 64], [76, 71], [78, 101], [80, 74], [82, 84], [83, 78], [84, 83], [85, 75], [85, 104], [87, 51], [90, 97], [90, 108], [92, 74], [93, 114], [93, 110], [96, 118], [97, 74], [98, 82], [101, 90], [101, 121], [104, 81], [104, 98], [108, 115], [110, 116], [111, 85], [115, 93], [116, 96]], "features": {"1": "1", "2": "2", "9": "2", "5": "2", "12": "1", "6": "3", "28": "1", "33": "2", "8": "2", "40": "1", "10": "3", "15": "3", "4": "1", "11": "3", "14": "1", "34": "3", "25": "3", "20": "1", "17": "3", "45": "1", "38": "1", "19": "3", "30": "1", "21": "1", "32": "1", "41": "3", "42": "1", "64": "4", "46": "4", "44": "1", "87": "2", "24": "1", "48": "3", "54": "1", "59": "2", "51": "3", "80": "2", "55": "3", "31": "1", "63": "2", "76": "2", "62": "3", "68": "3", "58": "1", "111": "2", "100": "1", "71": "4", "92": "2", "78": "2", "101": "3", "74": "3", "82": "2", "84": "2", "83": "2", "85": "3", "75": "1", "104": "3", "90": "3", "97": "2", "108": "2", "93": "3", "114": "1", "110": "2", "96": "2", "118": "1", "98": "2", "121": "1", "81": "1", "115": "2", "116": "2"}}