{"edges": [[2, 22], [2, 17], [5, 26], [6, 11], [7, 20], [7, 62], [8, 43], [10, 55], [11, 18], [13, 21], [13, 87], [14, 40], [17, 12], [17, 31], [18, 13], [21, 24], [22, 3], [23, 26], [23, 70], [24, 74], [25, 36], [26, 30], [26, 80], [27, 74], [28, 8], [28, 63], [29, 33], [31, 14], [32, 78], [32, 6], [33, 41], [34, 82], [34, 29], [35, 39], [36, 46], [39, 58], [40, 25], [40, 51], [41, 71], [43, 55], [44, 92], [45, 32], [46, 4], [46, 35], [47, 33], [48, 5], [49, 95], [49, 56], [50, 117], [52, 28], [55, 10], [55, 60], [56, 84], [58, 52], [58, 91], [59, 110], [60, 7], [62, 68], [64, 66], [65, 45], [66, 114], [66, 105], [67, 73], [68, 23], [69, 72], [70, 48], [71, 104], [72, 109], [72, 88], [73, 69], [74, 27], [74, 34], [75, 100], [79, 90], [80, 65], [81, 93], [81, 86], [82, 98], [84, 61], [84, 50], [86, 94], [88, 79], [90, 81], [91, 58], [92, 75], [93, 101], [93, 86], [94, 96], [96, 106], [98, 42], [98, 47], [99, 118], [100, 49], [102, 113], [102, 119], [104, 92], [104, 44], [105, 115], [106, 103], [106, 99], [107, 67], [108, 59], [110, 64], [110, 66], [115, 107], [117, 59], [117, 108], [118, 102], [119, 120]], "features": {"2": "2", "22": "2", "17": "3", "5": "2", "26": "4", "6": "2", "11": "2", "7": "3", "20": "1", "62": "2", "8": "2", "43": "2", "10": "2", "55": "4", "18": "2", "13": "3", "21": "2", "87": "1", "14": "2", "40": "3", "12": "1", "31": "2", "24": "2", "3": "1", "23": "3", "70": "2", "74": "4", "25": "2", "36": "2", "30": "1", "80": "2", "27": "2", "28": "3", "63": "1", "29": "2", "33": "3", "32": "3", "78": "1", "41": "2", "34": "3", "82": "2", "35": "2", "39": "2", "46": "3", "58": "4", "51": "1", "71": "2", "44": "2", "92": "3", "45": "2", "4": "1", "47": "2", "48": "2", "49": "3", "95": "1", "56": "2", "50": "2", "117": "3", "52": "2", "60": "2", "84": "3", "91": "2", "59": "3", "110": "3", "68": "2", "64": "2", "66": "4", "65": "2", "114": "1", "105": "2", "67": "2", "73": "2", "69": "2", "72": "3", "104": "3", "109": "1", "88": "2", "75": "2", "100": "2", "79": "2", "90": "2", "81": "3", "93": "3", "86": "3", "98": "3", "61": "1", "94": "2", "101": "1", "96": "2", "106": "3", "42": "1", "99": "2", "118": "2", "102": "3", "113": "1", "119": "2", "115": "2", "103": "1", "107": "2", "108": "2", "120": "1"}}