{"edges": [[2, 10], [2, 13], [10, 15], [10, 12], [11, 14], [12, 17], [14, 19], [16, 21], [17, 20], [17, 9], [19, 16], [20, 11], [21, 29], [21, 26], [26, 42], [26, 31], [27, 34], [28, 25], [28, 36], [31, 28], [32, 43], [33, 53], [33, 42], [34, 30], [34, 39], [36, 27], [37, 46], [37, 45], [39, 58], [40, 49], [42, 37], [43, 38], [43, 33], [45, 40], [47, 55], [47, 44], [48, 61], [49, 52], [52, 47], [53, 67], [53, 62], [54, 57], [55, 70], [56, 53], [56, 31], [57, 50], [57, 65], [58, 41], [58, 32], [59, 86], [60, 77], [61, 54], [63, 60], [64, 59], [65, 56], [67, 64], [70, 51], [70, 48], [71, 75], [71, 68], [72, 85], [73, 76], [74, 63], [75, 100], [76, 69], [76, 80], [77, 66], [77, 73], [79, 72], [80, 71], [81, 74], [82, 90], [84, 93], [85, 78], [85, 89], [86, 81], [87, 90], [88, 111], [88, 92], [89, 87], [89, 82], [90, 96], [90, 101], [92, 104], [92, 83], [93, 120], [95, 110], [98, 103], [98, 94], [100, 79], [101, 84], [102, 95], [103, 106], [103, 113], [104, 98], [107, 114], [108, 115], [109, 116], [110, 107], [112, 117], [113, 102], [114, 112], [114, 119], [115, 118], [116, 121], [117, 108], [118, 109], [120, 88], [120, 97]], "features": {"2": "2", "10": "3", "13": "1", "15": "1", "12": "2", "11": "2", "14": "2", "17": "3", "19": "2", "16": "2", "21": "3", "20": "2", "9": "1", "29": "1", "26": "3", "42": "3", "31": "3", "27": "2", "34": "3", "28": "3", "25": "1", "36": "2", "32": "2", "43": "3", "33": "3", "53": "4", "30": "1", "39": "2", "37": "3", "46": "1", "45": "2", "58": "3", "40": "2", "49": "2", "38": "1", "47": "3", "55": "2", "44": "1", "48": "2", "61": "2", "52": "2", "67": "2", "62": "1", "54": "2", "57": "3", "70": "3", "56": "3", "50": "1", "65": "2", "41": "1", "59": "2", "86": "2", "60": "2", "77": "3", "63": "2", "64": "2", "51": "1", "71": "3", "75": "2", "68": "1", "72": "2", "85": "3", "73": "2", "76": "3", "74": "2", "100": "2", "69": "1", "80": "2", "66": "1", "79": "2", "81": "2", "82": "2", "90": "4", "84": "2", "93": "2", "78": "1", "89": "3", "87": "2", "88": "3", "111": "1", "92": "3", "96": "1", "101": "2", "104": "2", "83": "1", "120": "3", "95": "2", "110": "2", "98": "3", "103": "3", "94": "1", "102": "2", "106": "1", "113": "2", "107": "2", "114": "3", "108": "2", "115": "2", "109": "2", "116": "2", "112": "2", "117": "2", "119": "1", "118": "2", "121": "1", "97": "1"}}