{"edges": [[1, 4], [1, 5], [4, 8], [4, 9], [5, 7], [5, 10], [7, 15], [7, 17], [8, 11], [8, 12], [9, 11], [9, 14], [10, 18], [10, 20], [11, 21], [11, 22], [12, 23], [12, 24], [14, 25], [15, 27], [15, 29], [17, 30], [17, 31], [18, 27], [18, 32], [20, 33], [20, 34], [21, 35], [21, 36], [21, 86], [22, 37], [22, 38], [23, 39], [23, 40], [24, 41], [24, 42], [25, 43], [25, 44], [27, 47], [27, 48], [29, 49], [29, 50], [30, 51], [31, 27], [32, 52], [32, 53], [34, 54], [35, 36], [35, 55], [36, 57], [38, 58], [38, 59], [40, 60], [40, 62], [41, 64], [41, 65], [42, 72], [43, 35], [43, 66], [44, 67], [44, 68], [47, 105], [47, 107], [48, 69], [50, 70], [50, 71], [52, 4], [53, 24], [54, 72], [54, 73], [55, 70], [55, 41], [57, 76], [57, 77], [58, 78], [60, 61], [61, 9], [62, 79], [62, 80], [64, 81], [66, 21], [66, 82], [67, 83], [67, 85], [70, 38], [70, 94], [72, 101], [72, 102], [73, 103], [73, 104], [74, 112], [74, 114], [78, 7], [82, 96], [83, 97], [83, 98], [85, 99], [85, 100], [86, 88], [86, 89], [88, 90], [88, 91], [89, 23], [90, 92], [90, 93], [94, 23], [94, 24], [100, 99], [105, 108], [105, 109], [107, 54], [107, 111], [109, 110], [111, 74], [112, 36], [112, 115], [115, 116]], "features": {"1": "2", "4": "4", "5": "3", "8": "3", "9": "4", "7": "4", "10": "3", "15": "3", "17": "3", "11": "4", "12": "3", "14": "2", "18": "3", "20": "3", "21": "5", "22": "3", "23": "5", "24": "5", "25": "3", "27": "5", "29": "3", "30": "2", "31": "2", "32": "3", "33": "1", "34": "2", "35": "4", "36": "4", "86": "3", "37": "1", "38": "4", "39": "1", "40": "3", "41": "4", "42": "2", "43": "3", "44": "3", "47": "3", "48": "2", "49": "1", "50": "3", "51": "1", "52": "2", "53": "2", "54": "4", "55": "3", "57": "3", "58": "2", "59": "1", "60": "2", "62": "3", "64": "2", "65": "1", "72": "4", "66": "3", "67": "3", "68": "1", "105": "3", "107": "3", "69": "1", "70": "4", "71": "1", "73": "3", "76": "1", "77": "1", "78": "2", "61": "2", "79": "1", "80": "1", "81": "1", "82": "2", "83": "3", "85": "3", "94": "3", "101": "1", "102": "1", "103": "1", "104": "1", "74": "3", "112": "3", "114": "1", "96": "1", "97": "1", "98": "1", "99": "2", "100": "2", "88": "3", "89": "2", "90": "3", "91": "1", "92": "1", "93": "1", "108": "1", "109": "2", "111": "2", "110": "1", "115": "2", "116": "1"}}