{"edges": [[1, 26], [1, 5], [5, 10], [5, 13], [7, 20], [8, 36], [8, 63], [10, 16], [11, 17], [11, 41], [13, 18], [14, 11], [14, 28], [16, 7], [16, 14], [17, 25], [17, 44], [18, 6], [18, 9], [20, 23], [20, 52], [21, 8], [21, 50], [23, 15], [23, 43], [25, 61], [25, 88], [26, 24], [26, 37], [28, 21], [28, 35], [30, 42], [30, 70], [30, 93], [32, 58], [34, 82], [34, 117], [35, 48], [36, 55], [36, 69], [37, 51], [38, 64], [38, 75], [41, 108], [43, 32], [43, 71], [44, 40], [44, 65], [47, 53], [47, 62], [48, 12], [48, 38], [51, 47], [51, 78], [52, 28], [53, 62], [56, 84], [58, 76], [58, 95], [62, 107], [62, 113], [63, 114], [63, 116], [64, 80], [65, 31], [65, 54], [69, 99], [69, 112], [70, 94], [71, 87], [71, 97], [72, 57], [72, 79], [75, 80], [76, 77], [78, 30], [78, 56], [80, 105], [84, 60], [84, 101], [88, 89], [90, 91], [93, 83], [93, 102], [94, 85], [94, 90], [96, 29], [96, 92], [97, 58], [97, 81], [101, 49], [101, 96], [105, 34], [105, 67], [107, 78], [108, 103], [108, 115], [112, 106], [112, 110], [113, 72], [114, 100], [114, 118], [115, 74], [115, 86], [117, 98], [117, 111]], "features": {"1": "2", "26": "3", "5": "3", "10": "2", "13": "2", "7": "2", "20": "3", "8": "3", "36": "3", "63": "3", "16": "3", "11": "3", "17": "3", "41": "2", "18": "3", "14": "3", "28": "4", "25": "3", "44": "3", "6": "1", "9": "1", "23": "3", "52": "2", "21": "3", "50": "1", "15": "1", "43": "3", "61": "1", "88": "2", "24": "1", "37": "2", "35": "2", "30": "4", "42": "1", "70": "2", "93": "3", "32": "2", "58": "4", "34": "3", "82": "1", "117": "3", "48": "3", "55": "1", "69": "3", "51": "3", "38": "3", "64": "2", "75": "2", "108": "3", "71": "3", "40": "1", "65": "3", "47": "3", "53": "2", "62": "4", "12": "1", "78": "4", "56": "2", "84": "3", "76": "2", "95": "1", "107": "2", "113": "2", "114": "3", "116": "1", "80": "3", "31": "1", "54": "1", "99": "1", "112": "3", "94": "3", "87": "1", "97": "3", "72": "3", "57": "1", "79": "1", "77": "1", "105": "3", "60": "1", "101": "3", "89": "1", "90": "2", "91": "1", "83": "1", "102": "1", "85": "1", "96": "3", "29": "1", "92": "1", "81": "1", "49": "1", "67": "1", "103": "1", "115": "3", "106": "1", "110": "1", "100": "1", "118": "1", "74": "1", "86": "1", "98": "1", "111": "1"}}