{"edges": [[1, 5], [1, 3], [3, 11], [3, 8], [5, 17], [5, 6], [6, 21], [6, 9], [7, 38], [7, 11], [8, 39], [8, 14], [9, 3], [9, 10], [10, 12], [10, 35], [11, 16], [12, 41], [12, 50], [14, 32], [15, 57], [16, 30], [16, 33], [17, 20], [17, 18], [18, 117], [18, 37], [20, 29], [20, 25], [23, 27], [23, 26], [24, 84], [24, 89], [25, 48], [25, 64], [26, 28], [28, 6], [28, 71], [29, 31], [29, 24], [32, 16], [33, 23], [34, 112], [34, 83], [36, 47], [36, 100], [37, 62], [37, 49], [40, 46], [42, 107], [42, 97], [44, 81], [46, 68], [46, 42], [47, 67], [47, 75], [48, 60], [49, 86], [49, 52], [50, 61], [50, 72], [51, 54], [52, 91], [52, 79], [54, 34], [54, 85], [55, 109], [55, 70], [57, 76], [57, 69], [59, 93], [59, 77], [60, 64], [63, 29], [64, 63], [64, 74], [65, 59], [69, 88], [69, 90], [71, 98], [71, 116], [76, 87], [76, 96], [77, 99], [77, 94], [78, 55], [81, 104], [81, 15], [84, 36], [86, 108], [86, 40], [88, 80], [88, 106], [91, 115], [91, 118], [96, 101], [96, 110], [98, 111], [98, 113], [99, 51], [104, 55], [109, 103], [109, 65], [110, 105], [110, 78], [111, 102], [111, 114], [113, 44], [113, 58], [114, 92], [114, 45]], "features": {"1": "2", "5": "3", "3": "4", "11": "3", "8": "3", "17": "3", "6": "4", "21": "1", "9": "3", "7": "2", "38": "1", "39": "1", "14": "2", "10": "3", "12": "3", "35": "1", "16": "4", "41": "1", "50": "3", "32": "2", "15": "2", "57": "3", "30": "1", "33": "2", "20": "3", "18": "3", "117": "1", "37": "3", "29": "4", "25": "3", "23": "3", "27": "1", "26": "2", "24": "3", "84": "2", "89": "1", "48": "2", "64": "4", "28": "3", "71": "3", "31": "1", "34": "3", "112": "1", "83": "1", "36": "3", "47": "3", "100": "1", "62": "1", "49": "3", "40": "2", "46": "3", "42": "3", "107": "1", "97": "1", "44": "2", "81": "3", "68": "1", "67": "1", "75": "1", "60": "2", "86": "3", "52": "3", "61": "1", "72": "1", "51": "2", "54": "3", "91": "3", "79": "1", "85": "1", "55": "4", "109": "3", "70": "1", "76": "3", "69": "3", "59": "3", "93": "1", "77": "3", "63": "2", "74": "1", "65": "2", "88": "3", "90": "1", "98": "3", "116": "1", "87": "1", "96": "3", "99": "2", "94": "1", "78": "2", "104": "2", "108": "1", "80": "1", "106": "1", "115": "1", "118": "1", "101": "1", "110": "3", "111": "3", "113": "3", "103": "1", "105": "1", "102": "1", "114": "3", "58": "1", "92": "1", "45": "1"}}