{"edges": [[1, 4], [1, 6], [1, 10], [4, 11], [4, 14], [6, 12], [6, 17], [10, 13], [11, 18], [12, 21], [12, 24], [13, 27], [13, 36], [14, 19], [14, 20], [14, 23], [17, 28], [17, 30], [18, 25], [18, 31], [20, 40], [21, 34], [24, 26], [24, 38], [27, 49], [27, 51], [28, 43], [28, 44], [31, 46], [31, 60], [34, 45], [34, 59], [36, 54], [38, 50], [38, 52], [40, 61], [43, 58], [45, 65], [45, 70], [46, 63], [46, 66], [49, 56], [49, 62], [51, 57], [52, 64], [52, 69], [54, 6], [56, 74], [56, 76], [57, 78], [57, 81], [59, 73], [61, 68], [61, 82], [62, 77], [62, 80], [63, 84], [63, 90], [65, 83], [65, 87], [66, 67], [68, 92], [68, 95], [70, 86], [70, 88], [74, 75], [76, 97], [78, 96], [78, 105], [81, 98], [81, 109], [82, 91], [83, 104], [83, 108], [84, 85], [88, 93], [88, 100], [91, 94], [91, 102], [94, 101], [94, 111], [100, 106], [100, 110], [102, 114], [102, 116], [106, 107], [108, 4], [112, 113], [114, 112], [114, 118], [116, 117]], "features": {"1": "3", "4": "4", "6": "4", "10": "2", "11": "2", "14": "4", "12": "3", "17": "3", "13": "3", "18": "3", "21": "2", "24": "3", "27": "3", "36": "2", "19": "1", "20": "2", "23": "1", "28": "3", "30": "1", "25": "1", "31": "3", "40": "2", "34": "3", "26": "1", "38": "3", "49": "3", "51": "2", "43": "2", "44": "1", "46": "3", "60": "1", "45": "3", "59": "2", "54": "2", "50": "1", "52": "3", "61": "3", "58": "1", "65": "3", "70": "3", "63": "3", "66": "2", "56": "3", "62": "3", "57": "3", "64": "1", "69": "1", "74": "2", "76": "2", "78": "3", "81": "3", "73": "1", "68": "3", "82": "2", "77": "1", "80": "1", "84": "2", "90": "1", "83": "3", "87": "1", "67": "1", "92": "1", "95": "1", "86": "1", "88": "3", "75": "1", "97": "1", "96": "1", "105": "1", "98": "1", "109": "1", "91": "3", "104": "1", "108": "2", "85": "1", "93": "1", "100": "3", "94": "3", "102": "3", "101": "1", "111": "1", "106": "2", "110": "1", "114": "3", "116": "2", "107": "1", "112": "2", "113": "1", "118": "1", "117": "1"}}