{"edges": [[1, 7], [1, 8], [1, 10], [7, 20], [7, 84], [7, 117], [8, 14], [10, 42], [12, 16], [14, 18], [14, 22], [16, 28], [16, 32], [18, 24], [18, 109], [20, 34], [22, 46], [22, 66], [24, 52], [24, 61], [28, 10], [28, 40], [30, 31], [32, 56], [32, 64], [34, 35], [36, 82], [36, 91], [40, 50], [42, 48], [42, 104], [44, 107], [44, 110], [46, 101], [48, 103], [48, 105], [50, 54], [50, 68], [52, 53], [54, 55], [56, 72], [58, 62], [62, 63], [64, 70], [65, 87], [66, 81], [66, 3], [70, 76], [70, 88], [72, 75], [75, 78], [75, 80], [77, 94], [77, 100], [78, 89], [80, 57], [82, 96], [84, 85], [85, 65], [87, 58], [89, 90], [91, 93], [96, 99], [99, 30], [101, 36], [104, 113], [105, 106], [106, 43], [106, 44], [107, 27], [109, 77], [110, 112], [113, 116], [117, 118], [118, 12]], "features": {"1": "3", "7": "4", "8": "2", "10": "3", "20": "2", "84": "2", "117": "2", "14": "3", "42": "3", "12": "2", "16": "3", "18": "3", "22": "3", "28": "3", "32": "3", "24": "3", "109": "2", "34": "2", "46": "2", "66": "3", "52": "2", "61": "1", "40": "2", "30": "2", "31": "1", "56": "2", "64": "2", "35": "1", "36": "3", "82": "2", "91": "2", "50": "3", "48": "3", "104": "2", "44": "3", "107": "2", "110": "2", "101": "2", "103": "1", "105": "2", "54": "2", "68": "1", "53": "1", "55": "1", "72": "2", "58": "2", "62": "2", "63": "1", "70": "3", "65": "2", "87": "2", "81": "1", "3": "1", "76": "1", "88": "1", "75": "3", "78": "2", "80": "2", "77": "3", "94": "1", "100": "1", "89": "2", "57": "1", "96": "2", "85": "2", "90": "1", "93": "1", "99": "2", "113": "2", "106": "3", "43": "1", "27": "1", "112": "1", "116": "1", "118": "2"}}