{"edges": [[1, 4], [1, 8], [4, 26], [4, 30], [8, 12], [8, 16], [12, 13], [12, 25], [13, 23], [16, 54], [16, 68], [20, 102], [20, 89], [22, 63], [22, 96], [23, 32], [23, 28], [26, 35], [28, 42], [30, 37], [32, 61], [32, 64], [32, 82], [35, 50], [35, 60], [37, 38], [37, 40], [38, 39], [40, 52], [40, 65], [42, 45], [48, 49], [50, 72], [52, 58], [52, 62], [54, 20], [54, 67], [58, 59], [62, 70], [70, 80], [70, 92], [72, 100], [72, 66], [76, 88], [80, 81], [82, 76], [82, 94], [88, 114], [88, 46], [88, 48], [90, 99], [90, 111], [92, 97], [95, 19], [95, 118], [97, 18], [97, 29], [97, 36], [97, 47], [98, 55], [98, 91], [99, 56], [99, 116], [100, 110], [100, 112], [102, 106], [102, 109], [106, 69], [106, 115], [111, 57], [111, 117], [112, 22], [112, 95], [115, 90], [115, 98]], "features": {"1": "2", "4": "3", "8": "3", "26": "2", "30": "2", "12": "3", "16": "3", "13": "2", "25": "1", "23": "3", "54": "3", "68": "1", "20": "3", "102": "3", "89": "1", "22": "3", "63": "1", "96": "1", "32": "4", "28": "2", "35": "3", "42": "2", "37": "3", "61": "1", "64": "1", "82": "3", "50": "2", "60": "1", "38": "2", "40": "3", "39": "1", "52": "3", "65": "1", "45": "1", "48": "2", "49": "1", "72": "3", "58": "2", "62": "2", "67": "1", "59": "1", "70": "3", "80": "2", "92": "2", "100": "3", "66": "1", "76": "2", "88": "4", "81": "1", "94": "1", "114": "1", "46": "1", "90": "3", "99": "3", "111": "3", "97": "5", "95": "3", "19": "1", "118": "1", "18": "1", "29": "1", "36": "1", "47": "1", "98": "3", "55": "1", "91": "1", "56": "1", "116": "1", "110": "1", "112": "3", "106": "3", "109": "1", "69": "1", "115": "3", "57": "1", "117": "1"}}