{"edges": [[0, 59], [0, 106], [1, 7], [1, 16], [3, 10], [5, 3], [5, 9], [7, 8], [7, 12], [8, 5], [9, 15], [9, 20], [10, 27], [10, 13], [11, 19], [11, 23], [12, 18], [12, 21], [16, 71], [16, 34], [17, 24], [20, 29], [20, 11], [21, 26], [23, 17], [23, 6], [25, 109], [26, 28], [26, 37], [27, 22], [27, 30], [28, 31], [30, 40], [31, 25], [31, 42], [33, 45], [33, 80], [34, 113], [34, 64], [36, 62], [40, 61], [40, 76], [41, 90], [41, 117], [43, 59], [43, 106], [44, 69], [44, 35], [46, 78], [47, 108], [49, 114], [49, 63], [50, 92], [50, 116], [51, 73], [51, 83], [52, 38], [52, 98], [53, 103], [53, 110], [58, 72], [61, 111], [62, 46], [62, 77], [63, 14], [63, 74], [64, 84], [64, 101], [69, 100], [70, 33], [71, 54], [71, 115], [72, 95], [72, 118], [80, 43], [81, 88], [83, 112], [83, 67], [85, 55], [86, 49], [87, 105], [87, 57], [88, 97], [88, 66], [89, 86], [89, 39], [92, 52], [97, 104], [97, 50], [100, 60], [100, 79], [101, 41], [103, 85], [103, 107], [104, 99], [104, 94], [105, 51], [105, 102], [106, 82], [106, 68], [108, 96], [108, 53], [109, 70], [109, 91], [111, 56], [111, 89], [112, 47], [113, 58], [113, 81], [115, 87], [117, 44], [118, 65], [118, 36]], "features": {"0": "2", "59": "2", "106": "4", "1": "2", "7": "3", "16": "3", "3": "2", "10": "3", "5": "3", "9": "3", "8": "2", "12": "3", "15": "1", "20": "3", "27": "3", "13": "1", "11": "3", "19": "1", "23": "3", "18": "1", "21": "2", "71": "3", "34": "3", "17": "2", "24": "1", "29": "1", "26": "3", "6": "1", "25": "2", "109": "3", "28": "2", "37": "1", "22": "1", "30": "2", "31": "3", "40": "3", "42": "1", "33": "3", "45": "1", "80": "2", "113": "3", "64": "3", "36": "2", "62": "3", "61": "2", "76": "1", "41": "3", "90": "1", "117": "2", "43": "3", "44": "3", "69": "2", "35": "1", "46": "2", "78": "1", "47": "2", "108": "3", "49": "3", "114": "1", "63": "3", "50": "3", "92": "2", "116": "1", "51": "3", "73": "1", "83": "3", "52": "3", "38": "1", "98": "1", "53": "3", "103": "3", "110": "1", "58": "2", "72": "3", "111": "3", "77": "1", "14": "1", "74": "1", "84": "1", "101": "2", "100": "3", "70": "2", "54": "1", "115": "2", "95": "1", "118": "3", "81": "2", "88": "3", "112": "2", "67": "1", "85": "2", "55": "1", "86": "2", "87": "3", "105": "3", "57": "1", "97": "3", "66": "1", "89": "3", "39": "1", "104": "3", "60": "1", "79": "1", "107": "1", "99": "1", "94": "1", "102": "1", "82": "1", "68": "1", "96": "1", "91": "1", "56": "1", "65": "1"}}