{"edges": [[1, 5], [5, 6], [5, 8], [5, 10], [6, 7], [7, 16], [7, 24], [8, 9], [9, 55], [10, 11], [11, 18], [11, 22], [12, 20], [12, 107], [16, 17], [17, 40], [17, 52], [18, 39], [18, 44], [20, 21], [21, 56], [22, 28], [22, 38], [22, 84], [24, 30], [24, 66], [26, 36], [26, 68], [27, 32], [27, 37], [27, 69], [28, 19], [28, 110], [29, 28], [32, 33], [33, 95], [33, 91], [34, 35], [35, 48], [35, 82], [40, 41], [41, 60], [41, 72], [42, 43], [43, 116], [44, 45], [45, 59], [45, 100], [49, 76], [49, 89], [50, 116], [52, 53], [55, 90], [55, 106], [56, 70], [56, 50], [58, 93], [58, 94], [60, 61], [62, 63], [63, 116], [64, 86], [64, 104], [66, 67], [67, 5], [67, 31], [67, 34], [68, 58], [68, 15], [71, 74], [71, 78], [72, 73], [73, 96], [73, 102], [73, 114], [76, 77], [78, 79], [79, 116], [80, 81], [81, 116], [82, 83], [83, 49], [84, 85], [87, 116], [89, 42], [89, 54], [90, 14], [90, 26], [91, 71], [94, 12], [94, 108], [94, 5], [96, 97], [98, 99], [99, 65], [99, 87], [100, 101], [101, 112], [102, 103], [103, 46], [103, 62], [104, 105], [105, 98], [105, 111], [108, 109], [109, 27], [110, 92], [110, 64], [112, 113], [113, 29], [113, 80], [114, 115], [116, 117], [117, 1]], "features": {"1": "2", "5": "6", "6": "2", "8": "2", "10": "2", "7": "3", "16": "2", "24": "3", "9": "2", "55": "3", "11": "3", "18": "3", "22": "4", "12": "3", "20": "2", "107": "1", "17": "3", "40": "2", "52": "2", "39": "1", "44": "2", "21": "2", "56": "3", "28": "4", "38": "1", "84": "2", "30": "1", "66": "2", "26": "3", "36": "1", "68": "3", "27": "4", "32": "2", "37": "1", "69": "1", "19": "1", "110": "3", "29": "2", "33": "3", "95": "1", "91": "2", "34": "2", "35": "3", "48": "1", "82": "2", "41": "3", "60": "2", "72": "2", "42": "2", "43": "2", "116": "7", "45": "3", "59": "1", "100": "2", "49": "3", "76": "2", "89": "3", "50": "2", "53": "1", "90": "3", "106": "1", "70": "1", "58": "3", "93": "1", "94": "4", "61": "1", "62": "2", "63": "2", "64": "3", "86": "1", "104": "2", "67": "4", "31": "1", "15": "1", "71": "3", "74": "1", "78": "2", "73": "4", "96": "2", "102": "2", "114": "2", "77": "1", "79": "2", "80": "2", "81": "2", "83": "2", "85": "1", "87": "2", "54": "1", "14": "1", "108": "2", "97": "1", "98": "2", "99": "3", "65": "1", "101": "2", "112": "2", "103": "3", "46": "1", "105": "3", "111": "1", "109": "2", "92": "1", "113": "3", "115": "1", "117": "2"}}