{"edges": [[1, 2], [2, 3], [3, 4], [3, 6], [4, 7], [4, 10], [5, 11], [5, 12], [6, 21], [6, 22], [7, 5], [10, 17], [11, 44], [12, 16], [14, 8], [14, 18], [15, 19], [16, 35], [16, 37], [16, 39], [17, 13], [17, 14], [18, 15], [18, 20], [19, 74], [19, 45], [21, 24], [22, 26], [22, 28], [23, 106], [24, 23], [24, 27], [25, 43], [27, 29], [27, 31], [28, 30], [30, 58], [30, 25], [31, 102], [31, 110], [35, 49], [36, 71], [37, 70], [40, 103], [41, 34], [41, 57], [42, 85], [42, 99], [43, 114], [43, 101], [48, 92], [48, 116], [49, 83], [49, 53], [50, 32], [50, 100], [53, 41], [54, 104], [55, 95], [57, 46], [57, 112], [58, 40], [58, 75], [61, 94], [64, 79], [64, 105], [65, 36], [65, 56], [66, 90], [66, 62], [67, 117], [70, 98], [70, 63], [71, 107], [71, 88], [72, 66], [77, 91], [77, 54], [79, 97], [82, 93], [82, 77], [84, 65], [84, 78], [86, 80], [87, 96], [87, 69], [92, 50], [95, 118], [95, 111], [97, 109], [97, 86], [98, 48], [100, 108], [101, 82], [102, 42], [103, 52], [103, 87], [104, 68], [104, 89], [106, 55], [106, 72], [107, 76], [107, 61], [110, 67], [110, 115], [112, 84], [112, 51], [114, 64], [115, 60], [115, 38], [118, 47], [118, 73]], "features": {"1": "1", "2": "2", "3": "3", "4": "3", "6": "3", "7": "2", "10": "2", "5": "3", "11": "2", "12": "2", "21": "2", "22": "3", "17": "3", "44": "1", "16": "4", "14": "3", "8": "1", "18": "3", "15": "2", "19": "3", "35": "2", "37": "2", "39": "1", "13": "1", "20": "1", "74": "1", "45": "1", "24": "3", "26": "1", "28": "2", "23": "2", "106": "3", "27": "3", "25": "2", "43": "3", "29": "1", "31": "3", "30": "3", "58": "3", "102": "2", "110": "3", "49": "3", "36": "2", "71": "3", "70": "3", "40": "2", "103": "3", "41": "3", "34": "1", "57": "3", "42": "3", "85": "1", "99": "1", "114": "2", "101": "2", "48": "3", "92": "2", "116": "1", "83": "1", "53": "2", "50": "3", "32": "1", "100": "2", "54": "2", "104": "3", "55": "2", "95": "3", "46": "1", "112": "3", "75": "1", "61": "2", "94": "1", "64": "3", "79": "2", "105": "1", "65": "3", "56": "1", "66": "3", "90": "1", "62": "1", "67": "2", "117": "1", "98": "2", "63": "1", "107": "3", "88": "1", "72": "2", "77": "3", "91": "1", "97": "3", "82": "3", "93": "1", "84": "3", "78": "1", "86": "2", "80": "1", "87": "3", "96": "1", "69": "1", "118": "3", "111": "1", "109": "1", "108": "1", "52": "1", "68": "1", "89": "1", "76": "1", "115": "3", "51": "1", "60": "1", "38": "1", "47": "1", "73": "1"}}