{"edges": [[1, 2], [2, 3], [3, 4], [4, 5], [5, 6], [6, 7], [7, 8], [8, 9], [9, 10], [9, 22], [10, 11], [11, 12], [11, 38], [12, 13], [13, 14], [13, 18], [14, 16], [16, 17], [17, 24], [17, 28], [18, 19], [19, 20], [20, 21], [21, 32], [21, 36], [22, 23], [23, 62], [23, 70], [24, 25], [25, 26], [26, 35], [26, 40], [28, 30], [30, 31], [31, 43], [31, 44], [32, 33], [33, 34], [34, 46], [34, 50], [36, 37], [37, 27], [37, 52], [38, 39], [40, 41], [41, 42], [42, 55], [42, 56], [44, 45], [45, 60], [45, 65], [46, 47], [47, 48], [50, 51], [51, 61], [51, 68], [52, 53], [53, 54], [56, 57], [57, 58], [58, 59], [59, 66], [59, 69], [62, 63], [63, 64], [64, 72], [64, 76], [66, 67], [72, 73], [73, 74], [74, 75], [75, 79], [75, 80], [76, 77], [77, 78], [78, 83], [78, 103], [80, 81], [81, 82], [82, 87], [82, 88], [83, 84], [84, 85], [85, 86], [86, 104], [86, 108], [88, 89], [89, 90], [89, 94], [90, 91], [91, 93], [93, 71], [93, 97], [94, 95], [95, 96], [96, 98], [96, 100], [98, 99], [100, 101], [101, 102], [104, 105], [105, 106], [108, 109], [109, 110], [109, 112], [110, 111], [112, 113], [113, 114], [113, 116], [114, 115], [116, 117], [117, 118]], "features": {"1": "1", "2": "2", "3": "2", "4": "2", "5": "2", "6": "2", "7": "2", "8": "2", "9": "3", "10": "2", "22": "2", "11": "3", "12": "2", "38": "2", "13": "3", "14": "2", "18": "2", "16": "2", "17": "3", "24": "2", "28": "2", "19": "2", "20": "2", "21": "3", "32": "2", "36": "2", "23": "3", "62": "2", "70": "1", "25": "2", "26": "3", "35": "1", "40": "2", "30": "2", "31": "3", "43": "1", "44": "2", "33": "2", "34": "3", "46": "2", "50": "2", "37": "3", "27": "1", "52": "2", "39": "1", "41": "2", "42": "3", "55": "1", "56": "2", "45": "3", "60": "1", "65": "1", "47": "2", "48": "1", "51": "3", "61": "1", "68": "1", "53": "2", "54": "1", "57": "2", "58": "2", "59": "3", "66": "2", "69": "1", "63": "2", "64": "3", "72": "2", "76": "2", "67": "1", "73": "2", "74": "2", "75": "3", "79": "1", "80": "2", "77": "2", "78": "3", "83": "2", "103": "1", "81": "2", "82": "3", "87": "1", "88": "2", "84": "2", "85": "2", "86": "3", "104": "2", "108": "2", "89": "3", "90": "2", "94": "2", "91": "2", "93": "3", "71": "1", "97": "1", "95": "2", "96": "3", "98": "2", "100": "2", "99": "1", "101": "2", "102": "1", "105": "2", "106": "1", "109": "3", "110": "2", "112": "2", "111": "1", "113": "3", "114": "2", "116": "2", "115": "1", "117": "2", "118": "1"}}