{"edges": [[1, 2], [2, 3], [3, 4], [4, 5], [5, 6], [6, 7], [7, 8], [7, 10], [8, 9], [9, 12], [9, 15], [10, 11], [11, 54], [11, 52], [12, 13], [13, 14], [15, 16], [15, 18], [16, 17], [17, 20], [17, 23], [18, 19], [19, 24], [19, 26], [20, 21], [21, 22], [22, 41], [22, 37], [23, 32], [23, 27], [24, 25], [25, 36], [25, 44], [28, 29], [29, 31], [32, 33], [33, 42], [33, 38], [34, 35], [38, 39], [39, 43], [39, 50], [41, 34], [41, 28], [44, 46], [46, 40], [46, 48], [48, 49], [50, 51], [52, 53], [53, 60], [53, 56], [54, 55], [55, 98], [55, 94], [56, 57], [57, 58], [58, 87], [58, 64], [60, 61], [61, 62], [62, 63], [63, 72], [63, 59], [64, 66], [66, 67], [67, 68], [67, 76], [68, 69], [69, 70], [70, 71], [72, 73], [73, 74], [74, 75], [75, 84], [75, 102], [76, 77], [77, 78], [78, 79], [79, 80], [80, 81], [81, 88], [81, 90], [82, 83], [84, 85], [85, 86], [87, 89], [87, 82], [90, 91], [91, 93], [94, 95], [95, 96], [96, 97], [97, 47], [97, 111], [98, 99], [99, 100], [100, 101], [101, 108], [101, 104], [102, 103], [104, 105], [105, 106], [106, 107], [107, 112], [107, 110], [108, 109], [109, 116], [109, 114], [112, 113], [114, 115], [116, 118]], "features": {"1": "1", "2": "2", "3": "2", "4": "2", "5": "2", "6": "2", "7": "3", "8": "2", "10": "2", "9": "3", "12": "2", "15": "3", "11": "3", "54": "2", "52": "2", "13": "2", "14": "1", "16": "2", "18": "2", "17": "3", "20": "2", "23": "3", "19": "3", "24": "2", "26": "1", "21": "2", "22": "3", "41": "3", "37": "1", "32": "2", "27": "1", "25": "3", "36": "1", "44": "2", "28": "2", "29": "2", "31": "1", "33": "3", "42": "1", "38": "2", "34": "2", "35": "1", "39": "3", "43": "1", "50": "2", "46": "3", "40": "1", "48": "2", "49": "1", "51": "1", "53": "3", "60": "2", "56": "2", "55": "3", "98": "2", "94": "2", "57": "2", "58": "3", "87": "3", "64": "2", "61": "2", "62": "2", "63": "3", "72": "2", "59": "1", "66": "2", "67": "3", "68": "2", "76": "2", "69": "2", "70": "2", "71": "1", "73": "2", "74": "2", "75": "3", "84": "2", "102": "2", "77": "2", "78": "2", "79": "2", "80": "2", "81": "3", "88": "1", "90": "2", "82": "2", "83": "1", "85": "2", "86": "1", "89": "1", "91": "2", "93": "1", "95": "2", "96": "2", "97": "3", "47": "1", "111": "1", "99": "2", "100": "2", "101": "3", "108": "2", "104": "2", "103": "1", "105": "2", "106": "2", "107": "3", "112": "2", "110": "1", "109": "3", "116": "2", "114": "2", "113": "1", "115": "1", "118": "1"}}