{"edges": [[1, 3], [3, 4], [4, 5], [5, 7], [5, 8], [6, 21], [6, 87], [7, 97], [7, 11], [8, 101], [8, 16], [9, 36], [10, 19], [10, 274], [11, 12], [12, 85], [12, 91], [12, 20], [14, 15], [15, 6], [15, 27], [15, 1500], [16, 17], [17, 6], [17, 14], [17, 27], [17, 10], [18, 70], [19, 64], [19, 60], [20, 9], [20, 94], [21, 14], [21, 27], [21, 2100], [22, 38], [23, 31], [23, 47], [24, 41], [24, 46], [25, 26], [26, 22], [27, 28], [28, 41], [28, 6], [28, 14], [29, 30], [30, 45], [30, 34], [30, 49], [31, 80], [32, 33], [33, 79], [33, 55], [34, 59], [34, 84], [36, 37], [37, 11], [37, 50], [37, 67], [38, 70], [39, 56], [39, 0], [39, 0], [39, 57], [39, 57], [39, 0], [40, 72], [41, 42], [42, 66], [42, 43], [43, 29], [44, 22], [45, 48], [46, 64], [46, 54], [47, 73], [47, 40], [48, 39], [48, 0], [49, 90], [49, 86], [50, 51], [51, 52], [52, 25], [52, 58], [52, 32], [52, 44], [54, 41], [55, 88], [56, 34], [56, 62], [57, 61], [58, 32], [58, 75], [60, 41], [61, 86], [61, 92], [61, 62], [62, 68], [62, 74], [65, 81], [68, 69], [69, 78], [69, 93], [70, 77], [70, 23], [71, 83], [71, 76], [80, 95], [81, 71], [83, 95], [84, 62], [87, 41], [88, 18], [88, 82], [90, 30], [91, 36], [92, 65], [93, 71]], "features": {"1": "1", "3": "2", "4": "2", "5": "3", "7": "3", "8": "3", "6": "5", "21": "4", "87": "2", "97": "1", "11": "3", "101": "1", "16": "2", "9": "2", "36": "3", "10": "3", "19": "3", "274": "1", "12": "4", "85": "1", "91": "2", "20": "3", "14": "4", "15": "4", "27": "4", "1500": "1", "17": "5", "18": "2", "70": "4", "64": "2", "60": "2", "94": "1", "2100": "1", "22": "3", "38": "2", "23": "3", "31": "2", "47": "3", "24": "2", "41": "6", "46": "3", "25": "2", "26": "2", "28": "4", "29": "2", "30": "5", "45": "2", "34": "4", "49": "3", "80": "2", "32": "3", "33": "3", "79": "1", "55": "2", "59": "1", "84": "2", "37": "4", "50": "2", "67": "1", "39": "7", "56": "3", "0": "4", "57": "3", "40": "2", "72": "1", "42": "3", "66": "1", "43": "2", "44": "2", "48": "3", "54": "2", "73": "1", "90": "2", "86": "2", "51": "2", "52": "5", "58": "3", "88": "3", "62": "5", "61": "4", "75": "1", "92": "2", "68": "2", "74": "1", "65": "2", "81": "2", "69": "3", "78": "1", "93": "2", "77": "1", "71": "4", "83": "2", "76": "1", "95": "2", "82": "1"}}