{"edges": [[1, 3], [3, 4], [4, 5], [5, 10], [5, 9], [8, 21], [8, 27], [8, 18], [9, 101], [9, 6], [9, 15], [10, 97], [10, 6], [10, 14], [11, 12], [12, 22], [12, 17], [13, 45], [13, 95], [14, 71], [14, 11], [15, 16], [16, 19], [16, 8], [18, 24], [19, 20], [20, 31], [20, 33], [21, 24], [22, 34], [24, 25], [25, 36], [25, 40], [28, 29], [29, 87], [30, 34], [31, 24], [34, 35], [35, 41], [35, 26], [36, 38], [38, 28], [38, 43], [40, 49], [40, 87], [41, 42], [42, 60], [42, 48], [43, 67], [43, 57], [44, 87], [44, 68], [45, 50], [46, 56], [46, 75], [47, 74], [47, 61], [48, 13], [49, 85], [50, 70], [51, 82], [51, 64], [52, 79], [52, 32], [54, 69], [55, 44], [55, 72], [55, 80], [56, 83], [56, 69], [57, 87], [58, 62], [58, 73], [58, 51], [60, 50], [61, 83], [61, 69], [64, 68], [64, 49], [65, 90], [66, 46], [66, 47], [68, 86], [69, 88], [70, 66], [71, 30], [71, 39], [72, 68], [72, 87], [73, 89], [77, 63], [79, 93], [81, 93], [83, 84], [84, 53], [84, 54], [85, 77], [85, 55], [86, 76], [86, 65], [87, 94], [88, 52], [88, 78], [89, 68], [89, 49], [90, 92], [92, 81], [94, 58]], "features": {"1": "1", "3": "2", "4": "2", "5": "3", "10": "4", "9": "4", "8": "4", "21": "2", "27": "1", "18": "2", "101": "1", "6": "2", "15": "2", "97": "1", "14": "3", "11": "2", "12": "3", "22": "2", "17": "1", "13": "3", "45": "2", "95": "1", "71": "3", "16": "3", "19": "2", "24": "4", "20": "3", "31": "2", "33": "1", "34": "3", "25": "3", "36": "2", "40": "3", "28": "2", "29": "2", "87": "6", "30": "2", "35": "3", "41": "2", "26": "1", "38": "3", "43": "3", "49": "4", "42": "3", "60": "2", "48": "2", "67": "1", "57": "2", "44": "3", "68": "5", "50": "3", "46": "3", "56": "3", "75": "1", "47": "3", "74": "1", "61": "3", "85": "3", "70": "2", "51": "3", "82": "1", "64": "3", "52": "3", "79": "2", "32": "1", "54": "2", "69": "4", "55": "4", "72": "3", "80": "1", "83": "3", "58": "4", "62": "1", "73": "2", "65": "2", "90": "2", "66": "3", "86": "3", "88": "3", "39": "1", "89": "3", "77": "2", "63": "1", "93": "2", "81": "2", "84": "3", "53": "1", "76": "1", "94": "2", "78": "1", "92": "2"}}