{"edges": [[1, 2], [2, 3], [3, 5], [5, 6], [6, 64], [7, 79], [8, 9], [9, 10], [10, 11], [11, 44], [11, 97], [12, 50], [12, 7], [13, 14], [14, 54], [15, 16], [16, 17], [17, 39], [17, 102], [17, 85], [18, 104], [19, 20], [20, 21], [21, 30], [22, 23], [23, 57], [24, 25], [25, 26], [26, 15], [27, 28], [28, 29], [29, 98], [29, 78], [30, 31], [31, 32], [32, 111], [33, 34], [34, 8], [35, 36], [36, 57], [37, 38], [38, 69], [38, 110], [39, 40], [40, 47], [41, 42], [42, 43], [43, 52], [43, 33], [44, 97], [45, 46], [46, 37], [47, 48], [48, 49], [49, 55], [50, 51], [52, 53], [53, 67], [53, 108], [55, 56], [56, 35], [56, 89], [57, 72], [57, 66], [57, 13], [57, 72], [58, 59], [59, 60], [60, 61], [61, 62], [61, 7], [62, 63], [63, 100], [63, 114], [64, 65], [65, 45], [65, 27], [67, 68], [68, 7], [69, 70], [70, 71], [71, 18], [71, 104], [73, 74], [74, 75], [75, 117], [76, 77], [77, 94], [77, 91], [78, 37], [79, 80], [80, 81], [81, 87], [82, 83], [83, 84], [84, 15], [85, 86], [86, 47], [87, 88], [88, 8], [89, 90], [90, 22], [90, 101], [90, 116], [91, 92], [92, 93], [93, 69], [95, 96], [96, 15], [97, 19], [98, 99], [99, 37], [100, 12], [102, 103], [103, 47], [104, 105], [105, 73], [105, 119], [106, 107], [107, 72], [107, 33], [108, 109], [109, 106], [110, 50], [110, 76], [111, 112], [112, 113], [113, 24], [113, 95], [113, 82], [114, 115], [115, 12], [115, 41], [116, 57], [117, 118], [118, 58], [119, 120]], "features": {"1": "1", "2": "2", "3": "2", "5": "2", "6": "2", "64": "2", "7": "4", "79": "2", "8": "3", "9": "2", "10": "2", "11": "3", "44": "2", "97": "3", "12": "4", "50": "3", "13": "2", "14": "2", "54": "1", "15": "4", "16": "2", "17": "4", "39": "2", "102": "2", "85": "2", "18": "2", "104": "3", "19": "2", "20": "2", "21": "2", "30": "2", "22": "2", "23": "2", "57": "7", "24": "2", "25": "2", "26": "2", "27": "2", "28": "2", "29": "3", "98": "2", "78": "2", "31": "2", "32": "2", "111": "2", "33": "3", "34": "2", "35": "2", "36": "2", "37": "4", "38": "3", "69": "3", "110": "3", "40": "2", "47": "4", "41": "2", "42": "2", "43": "3", "52": "2", "45": "2", "46": "2", "48": "2", "49": "2", "55": "2", "51": "1", "53": "3", "67": "2", "108": "2", "56": "3", "89": "2", "72": "3", "66": "1", "58": "2", "59": "2", "60": "2", "61": "3", "62": "2", "63": "3", "100": "2", "114": "2", "65": "3", "68": "2", "70": "2", "71": "3", "73": "2", "74": "2", "75": "2", "117": "2", "76": "2", "77": "3", "94": "1", "91": "2", "80": "2", "81": "2", "87": "2", "82": "2", "83": "2", "84": "2", "86": "2", "88": "2", "90": "4", "101": "1", "116": "2", "92": "2", "93": "2", "95": "2", "96": "2", "99": "2", "103": "2", "105": "3", "119": "2", "106": "2", "107": "3", "109": "2", "112": "2", "113": "4", "115": "3", "118": "2", "120": "1"}}