{"edges": [[7, 8], [8, 9], [9, 11], [11, 12], [12, 13], [12, 15], [12, 19], [12, 21], [13, 14], [14, 21], [15, 17], [17, 21], [19, 20], [20, 21], [21, 22], [22, 24], [24, 25], [25, 26], [25, 31], [26, 27], [27, 29], [29, 30], [30, 33], [30, 36], [31, 32], [33, 35], [35, 38], [35, 41], [36, 37], [37, 33], [37, 43], [38, 40], [40, 41], [40, 45], [41, 42], [42, 48], [42, 50], [43, 44], [45, 47], [48, 49], [49, 50], [50, 52], [52, 53], [52, 57], [53, 54], [54, 56], [54, 57], [57, 59], [59, 60], [59, 62], [60, 61], [62, 63], [63, 64], [64, 65], [65, 66], [65, 68], [65, 71], [66, 74], [66, 68], [66, 71], [68, 70], [71, 72], [72, 73], [74, 76], [76, 77], [76, 80], [77, 79], [79, 82], [79, 84], [79, 88], [80, 81], [84, 85], [85, 87], [87, 91], [87, 94], [88, 89], [89, 90], [91, 93], [94, 95], [95, 96], [95, 100], [96, 98], [98, 99], [99, 102], [99, 104], [100, 101], [104, 105], [105, 106], [106, 107], [107, 109], [109, 110], [110, 111], [111, 112], [112, 113], [112, 115], [112, 117], [112, 119], [115, 116], [117, 118], [119, 120], [120, 122], [122, 124], [124, 126], [126, 127]], "features": {"7": "1", "8": "2", "9": "2", "11": "2", "12": "5", "13": "2", "15": "2", "19": "2", "21": "5", "14": "2", "17": "2", "20": "2", "22": "2", "24": "2", "25": "3", "26": "2", "31": "2", "27": "2", "29": "2", "30": "3", "33": "3", "36": "2", "32": "1", "35": "3", "38": "2", "41": "3", "37": "3", "43": "2", "40": "3", "45": "2", "42": "3", "48": "2", "50": "3", "44": "1", "47": "1", "49": "2", "52": "3", "53": "2", "57": "3", "54": "3", "56": "1", "59": "3", "60": "2", "62": "2", "61": "1", "63": "2", "64": "2", "65": "4", "66": "4", "68": "3", "71": "3", "74": "2", "70": "1", "72": "2", "73": "1", "76": "3", "77": "2", "80": "2", "79": "4", "82": "1", "84": "2", "88": "2", "81": "1", "85": "2", "87": "3", "91": "2", "94": "2", "89": "2", "90": "1", "93": "1", "95": "3", "96": "2", "100": "2", "98": "2", "99": "3", "102": "1", "104": "2", "101": "1", "105": "2", "106": "2", "107": "2", "109": "2", "110": "2", "111": "2", "112": "5", "113": "1", "115": "2", "117": "2", "119": "2", "116": "1", "118": "1", "120": "2", "122": "2", "124": "2", "126": "2", "127": "1"}}