{"edges": [[1, 2], [2, 4], [4, 5], [5, 11], [5, 12], [6, 72], [6, 22], [7, 19], [7, 70], [8, 9], [9, 17], [9, 42], [11, 7], [11, 15], [12, 6], [12, 20], [14, 83], [14, 82], [15, 34], [15, 29], [16, 46], [16, 50], [17, 42], [17, 18], [18, 40], [18, 43], [19, 48], [19, 58], [20, 67], [20, 27], [22, 23], [23, 11], [23, 16], [25, 26], [25, 55], [25, 64], [27, 35], [27, 45], [27, 28], [28, 43], [29, 47], [30, 31], [31, 34], [31, 29], [33, 40], [34, 56], [34, 70], [38, 39], [40, 41], [45, 5], [46, 30], [46, 25], [47, 93], [47, 33], [48, 59], [48, 61], [51, 52], [53, 54], [56, 57], [57, 36], [57, 37], [58, 62], [58, 68], [59, 60], [60, 51], [60, 53], [62, 65], [62, 66], [64, 48], [67, 25], [67, 21], [68, 69], [68, 38], [69, 85], [69, 79], [70, 71], [71, 73], [71, 74], [72, 8], [72, 44], [73, 10], [73, 76], [74, 75], [75, 77], [75, 78], [77, 32], [77, 84], [78, 91], [78, 80], [80, 81], [81, 14], [81, 13], [83, 25], [84, 86], [86, 90], [86, 88], [88, 89], [90, 56], [91, 92], [93, 56], [93, 29]], "features": {"1": "1", "2": "2", "4": "2", "5": "4", "11": "4", "12": "3", "6": "3", "72": "3", "22": "2", "7": "3", "19": "3", "70": "3", "8": "2", "9": "3", "17": "3", "42": "2", "15": "3", "20": "3", "14": "3", "83": "2", "82": "1", "34": "4", "29": "4", "16": "3", "46": "3", "50": "1", "18": "3", "40": "3", "43": "2", "48": "4", "58": "3", "67": "3", "27": "4", "23": "3", "25": "6", "26": "1", "55": "1", "64": "2", "35": "1", "45": "2", "28": "2", "47": "3", "30": "2", "31": "3", "33": "2", "56": "4", "38": "2", "39": "1", "41": "1", "93": "3", "59": "2", "61": "1", "51": "2", "52": "1", "53": "2", "54": "1", "57": "3", "36": "1", "37": "1", "62": "3", "68": "3", "60": "3", "65": "1", "66": "1", "21": "1", "69": "3", "85": "1", "79": "1", "71": "3", "73": "3", "74": "2", "44": "1", "10": "1", "76": "1", "75": "3", "77": "3", "78": "3", "32": "1", "84": "2", "91": "2", "80": "2", "81": "3", "13": "1", "86": "3", "90": "2", "88": "2", "89": "1", "92": "1"}}