{"edges": [[1, 3], [3, 4], [4, 26], [4, 54], [4, 62], [5, 23], [5, 53], [6, 7], [7, 51], [7, 45], [8, 50], [9, 69], [10, 11], [11, 40], [11, 82], [13, 52], [13, 5], [15, 74], [15, 77], [17, 25], [18, 88], [20, 21], [21, 12], [21, 8], [22, 37], [22, 81], [23, 9], [23, 69], [24, 27], [26, 33], [26, 36], [27, 16], [27, 29], [28, 31], [29, 39], [30, 66], [31, 44], [32, 55], [32, 42], [33, 34], [34, 20], [34, 24], [35, 72], [37, 38], [38, 56], [38, 71], [39, 44], [40, 89], [42, 43], [43, 75], [43, 64], [44, 35], [44, 59], [44, 72], [49, 53], [50, 28], [50, 17], [50, 65], [51, 79], [51, 67], [54, 6], [54, 13], [55, 70], [55, 87], [56, 90], [59, 72], [60, 61], [61, 48], [61, 84], [62, 63], [63, 32], [63, 86], [64, 92], [66, 37], [66, 22], [67, 68], [68, 91], [68, 78], [69, 49], [69, 60], [69, 10], [71, 73], [72, 30], [72, 18], [75, 46], [77, 47], [77, 80], [80, 83], [80, 93], [82, 14], [86, 32], [87, 15], [91, 58]], "features": {"1": "1", "3": "2", "4": "4", "26": "3", "54": "3", "62": "2", "5": "3", "23": "3", "53": "2", "6": "2", "7": "3", "51": "3", "45": "1", "8": "2", "50": "4", "9": "2", "69": "5", "10": "2", "11": "3", "40": "2", "82": "2", "13": "3", "52": "1", "15": "3", "74": "1", "77": "3", "17": "2", "25": "1", "18": "2", "88": "1", "20": "2", "21": "3", "12": "1", "22": "3", "37": "3", "81": "1", "24": "2", "27": "3", "33": "2", "36": "1", "16": "1", "29": "2", "28": "2", "31": "2", "39": "2", "30": "2", "66": "3", "44": "5", "32": "4", "55": "3", "42": "2", "34": "3", "35": "2", "72": "5", "38": "3", "56": "2", "71": "2", "89": "1", "43": "3", "75": "2", "64": "2", "59": "2", "49": "2", "65": "1", "79": "1", "67": "2", "70": "1", "87": "2", "90": "1", "60": "2", "61": "3", "48": "1", "84": "1", "63": "3", "86": "2", "92": "1", "68": "3", "91": "2", "78": "1", "73": "1", "46": "1", "47": "1", "80": "3", "83": "1", "93": "1", "14": "1", "58": "1"}}