{"edges": [[1, 2], [2, 3], [3, 4], [4, 10], [4, 14], [6, 7], [7, 8], [8, 9], [8, 22], [9, 11], [9, 12], [11, 12], [12, 18], [14, 15], [15, 16], [16, 6], [18, 19], [19, 21], [21, 32], [21, 24], [22, 23], [23, 18], [24, 25], [25, 39], [25, 28], [26, 27], [27, 41], [28, 30], [30, 31], [31, 26], [31, 41], [32, 33], [34, 35], [35, 45], [36, 37], [37, 38], [38, 34], [38, 47], [39, 40], [41, 42], [42, 43], [43, 36], [45, 46], [46, 51], [47, 48], [48, 45], [49, 50], [50, 60], [50, 53], [51, 52], [52, 49], [52, 60], [53, 54], [58, 59], [59, 62], [59, 67], [60, 61], [61, 56], [61, 65], [62, 63], [65, 66], [66, 58], [66, 88], [67, 70], [70, 71], [71, 55], [71, 77], [72, 73], [73, 74], [74, 76], [76, 103], [76, 99], [77, 78], [78, 96], [80, 81], [81, 82], [82, 72], [82, 90], [83, 84], [84, 85], [85, 86], [86, 80], [88, 89], [89, 67], [90, 92], [92, 93], [93, 103], [93, 99], [94, 95], [96, 97], [97, 98], [98, 94], [98, 83], [99, 100], [100, 102], [102, 105], [103, 104], [105, 106], [106, 108], [108, 109]], "features": {"1": "1", "2": "2", "3": "2", "4": "3", "10": "1", "14": "2", "6": "2", "7": "2", "8": "3", "9": "3", "22": "2", "11": "2", "12": "3", "18": "3", "15": "2", "16": "2", "19": "2", "21": "3", "32": "2", "24": "2", "23": "2", "25": "3", "39": "2", "28": "2", "26": "2", "27": "2", "41": "3", "30": "2", "31": "3", "33": "1", "34": "2", "35": "2", "45": "3", "36": "2", "37": "2", "38": "3", "47": "2", "40": "1", "42": "2", "43": "2", "46": "2", "51": "2", "48": "2", "49": "2", "50": "3", "60": "3", "53": "2", "52": "3", "54": "1", "58": "2", "59": "3", "62": "2", "67": "3", "61": "3", "56": "1", "65": "2", "63": "1", "66": "3", "88": "2", "70": "2", "71": "3", "55": "1", "77": "2", "72": "2", "73": "2", "74": "2", "76": "3", "103": "3", "99": "3", "78": "2", "96": "2", "80": "2", "81": "2", "82": "3", "90": "2", "83": "2", "84": "2", "85": "2", "86": "2", "89": "2", "92": "2", "93": "3", "94": "2", "95": "1", "97": "2", "98": "3", "100": "2", "102": "2", "105": "2", "104": "1", "106": "2", "108": "2", "109": "1"}}