{"edges": [[1, 2], [2, 3], [3, 53], [3, 19], [4, 5], [5, 115], [7, 112], [7, 84], [8, 115], [10, 115], [11, 87], [11, 6], [12, 44], [13, 115], [14, 94], [15, 73], [15, 25], [16, 86], [16, 59], [17, 80], [17, 70], [18, 99], [18, 74], [19, 83], [20, 26], [20, 12], [20, 4], [21, 29], [21, 108], [22, 32], [24, 115], [25, 78], [26, 59], [26, 93], [27, 63], [28, 114], [29, 78], [29, 72], [30, 67], [30, 104], [31, 45], [32, 115], [33, 79], [33, 58], [34, 62], [34, 50], [36, 105], [36, 60], [37, 38], [37, 28], [39, 115], [40, 17], [41, 115], [42, 102], [44, 115], [45, 115], [46, 69], [46, 98], [48, 8], [48, 62], [49, 111], [49, 95], [50, 83], [50, 115], [51, 91], [53, 96], [53, 18], [54, 88], [54, 13], [55, 115], [56, 66], [56, 16], [57, 71], [57, 55], [58, 11], [58, 57], [60, 61], [63, 115], [64, 33], [66, 42], [66, 89], [67, 59], [67, 24], [69, 30], [69, 56], [70, 115], [71, 83], [71, 115], [72, 115], [73, 115], [74, 77], [74, 27], [76, 82], [77, 68], [77, 31], [79, 34], [83, 107], [83, 14], [84, 85], [85, 43], [85, 10], [86, 115], [87, 115], [89, 109], [89, 39], [90, 115], [91, 115], [92, 90], [93, 51], [94, 106], [94, 20], [95, 115], [96, 64], [96, 46], [97, 76], [97, 54], [98, 48], [98, 15], [99, 36], [99, 97], [100, 41], [100, 110], [102, 115], [103, 37], [103, 40], [104, 22], [104, 76], [105, 115], [106, 100], [106, 92], [107, 7], [107, 103], [108, 114], [111, 59], [112, 52], [112, 21], [114, 49], [114, 75]], "features": {"1": "1", "2": "2", "3": "3", "53": "3", "19": "2", "4": "2", "5": "2", "115": "24", "7": "3", "112": "3", "84": "2", "8": "2", "10": "2", "11": "3", "87": "2", "6": "1", "12": "2", "44": "2", "13": "2", "14": "2", "94": "3", "15": "3", "73": "2", "25": "2", "16": "3", "86": "2", "59": "4", "17": "3", "80": "1", "70": "2", "18": "3", "99": "3", "74": "3", "83": "5", "20": "4", "26": "3", "21": "3", "29": "3", "108": "2", "22": "2", "32": "2", "24": "2", "78": "2", "93": "2", "27": "2", "63": "2", "28": "2", "114": "4", "72": "2", "30": "3", "67": "3", "104": "3", "31": "2", "45": "2", "33": "3", "79": "2", "58": "3", "34": "3", "62": "2", "50": "3", "36": "3", "105": "2", "60": "2", "37": "3", "38": "1", "39": "2", "40": "2", "41": "2", "42": "2", "102": "2", "46": "3", "69": "3", "98": "3", "48": "3", "49": "3", "111": "2", "95": "2", "51": "2", "91": "2", "96": "3", "54": "3", "88": "1", "55": "2", "56": "3", "66": "3", "57": "3", "71": "3", "61": "1", "64": "2", "89": "3", "77": "3", "76": "3", "82": "1", "68": "1", "107": "3", "85": "3", "43": "1", "109": "1", "90": "2", "92": "2", "106": "3", "97": "3", "100": "3", "110": "1", "103": "3", "52": "1", "75": "1"}}