{"edges": [[1, 2], [2, 3], [3, 37], [3, 32], [4, 115], [5, 115], [6, 115], [8, 115], [11, 64], [11, 76], [13, 57], [14, 115], [16, 115], [17, 28], [17, 88], [18, 19], [19, 4], [19, 58], [20, 100], [22, 48], [22, 84], [23, 93], [23, 74], [24, 25], [25, 68], [25, 92], [26, 27], [27, 115], [30, 31], [31, 12], [31, 107], [32, 91], [32, 65], [33, 26], [33, 70], [34, 35], [35, 21], [35, 69], [36, 62], [36, 101], [37, 67], [37, 85], [41, 33], [41, 56], [42, 43], [43, 80], [43, 97], [44, 45], [45, 115], [47, 90], [47, 108], [48, 49], [49, 55], [49, 75], [50, 5], [50, 105], [51, 36], [51, 94], [52, 115], [54, 41], [54, 73], [55, 115], [58, 16], [58, 52], [60, 61], [61, 115], [62, 15], [62, 87], [64, 115], [65, 18], [65, 34], [66, 86], [66, 103], [67, 23], [68, 114], [72, 60], [73, 13], [73, 66], [76, 77], [77, 115], [80, 81], [81, 115], [82, 83], [84, 102], [85, 104], [87, 115], [88, 20], [88, 82], [90, 96], [90, 10], [91, 113], [91, 47], [93, 24], [93, 106], [94, 95], [95, 115], [96, 42], [96, 79], [98, 46], [98, 111], [100, 44], [100, 51], [102, 38], [102, 50], [103, 6], [103, 11], [104, 22], [104, 54], [106, 17], [106, 30], [107, 8], [107, 53], [108, 115], [109, 39], [109, 72], [110, 115], [111, 14], [111, 89], [113, 98], [113, 110], [114, 63], [114, 109]], "features": {"1": "1", "2": "2", "3": "3", "37": "3", "32": "3", "4": "2", "115": "18", "5": "2", "6": "2", "8": "2", "11": "3", "64": "2", "76": "2", "13": "2", "57": "1", "14": "2", "16": "2", "17": "3", "28": "1", "88": "3", "18": "2", "19": "3", "58": "3", "20": "2", "100": "3", "22": "3", "48": "2", "84": "2", "23": "3", "93": "3", "74": "1", "24": "2", "25": "3", "68": "2", "92": "1", "26": "2", "27": "2", "30": "2", "31": "3", "12": "1", "107": "3", "91": "3", "65": "3", "33": "3", "70": "1", "34": "2", "35": "3", "21": "1", "69": "1", "36": "3", "62": "3", "101": "1", "67": "2", "85": "2", "41": "3", "56": "1", "42": "2", "43": "3", "80": "2", "97": "1", "44": "2", "45": "2", "47": "3", "90": "3", "108": "2", "49": "3", "55": "2", "75": "1", "50": "3", "105": "1", "51": "3", "94": "2", "52": "2", "54": "3", "73": "3", "60": "2", "61": "2", "15": "1", "87": "2", "66": "3", "86": "1", "103": "3", "114": "3", "72": "2", "77": "2", "81": "2", "82": "2", "83": "1", "102": "3", "104": "3", "96": "3", "10": "1", "113": "3", "106": "3", "95": "2", "79": "1", "98": "3", "46": "1", "111": "3", "38": "1", "53": "1", "109": "3", "39": "1", "110": "2", "89": "1", "63": "1"}}