{"edges": [[1, 2], [2, 3], [3, 6], [3, 4], [4, 5], [5, 8], [5, 18], [6, 24], [6, 10], [8, 9], [9, 12], [9, 52], [10, 14], [12, 13], [13, 17], [13, 21], [14, 15], [14, 31], [15, 20], [17, 29], [18, 22], [20, 54], [21, 27], [22, 23], [23, 27], [23, 33], [24, 25], [25, 26], [27, 28], [29, 50], [29, 56], [30, 41], [31, 32], [32, 38], [33, 37], [33, 46], [34, 35], [35, 36], [37, 52], [37, 40], [38, 42], [38, 34], [38, 44], [42, 43], [43, 30], [44, 45], [45, 51], [46, 48], [51, 17], [52, 53], [54, 55]], "features": {"1": "1", "2": "2", "3": "3", "6": "3", "4": "2", "5": "3", "8": "2", "18": "2", "24": "2", "10": "2", "9": "3", "12": "2", "52": "3", "14": "3", "13": "3", "17": "3", "21": "2", "15": "2", "31": "2", "20": "2", "29": "3", "22": "2", "54": "2", "27": "3", "23": "3", "33": "3", "25": "2", "26": "1", "28": "1", "50": "1", "56": "1", "30": "2", "41": "1", "32": "2", "38": "4", "37": "3", "46": "2", "34": "2", "35": "2", "36": "1", "40": "1", "42": "2", "44": "2", "43": "2", "45": "2", "51": "2", "48": "1", "53": "1", "55": "1"}}