{"edges": [[1, 2], [2, 3], [3, 4], [4, 5], [4, 29], [5, 6], [6, 7], [7, 8], [7, 10], [10, 11], [11, 13], [11, 20], [13, 14], [14, 15], [15, 16], [16, 19], [16, 38], [20, 21], [21, 22], [22, 23], [23, 24], [24, 25], [24, 44], [25, 26], [29, 30], [30, 31], [30, 33], [31, 32], [32, 35], [32, 17], [33, 34], [34, 21], [35, 36], [36, 37], [37, 39], [37, 41], [39, 40], [40, 42], [40, 54], [42, 43], [43, 28], [43, 45], [45, 47], [47, 48], [47, 51], [48, 49], [49, 58], [51, 52], [54, 55], [55, 56], [55, 50], [56, 57]], "features": {"1": "1", "2": "2", "3": "2", "4": "3", "5": "2", "29": "2", "6": "2", "7": "3", "8": "1", "10": "2", "11": "3", "13": "2", "20": "2", "14": "2", "15": "2", "16": "3", "19": "1", "38": "1", "21": "3", "22": "2", "23": "2", "24": "3", "25": "2", "44": "1", "26": "1", "30": "3", "31": "2", "33": "2", "32": "3", "35": "2", "17": "1", "34": "2", "36": "2", "37": "3", "39": "2", "41": "1", "40": "3", "42": "2", "54": "2", "43": "3", "28": "1", "45": "2", "47": "3", "48": "2", "51": "2", "49": "2", "58": "1", "52": "1", "55": "3", "56": "2", "50": "1", "57": "1"}}