{"edges": [[1, 2], [2, 3], [3, 4], [4, 5], [5, 6], [6, 7], [6, 21], [7, 8], [8, 9], [9, 11], [9, 14], [11, 12], [12, 13], [13, 24], [13, 28], [14, 15], [15, 52], [15, 16], [16, 17], [17, 30], [17, 54], [18, 19], [19, 20], [21, 22], [22, 23], [23, 10], [23, 38], [24, 26], [26, 27], [28, 40], [28, 18], [30, 31], [33, 34], [34, 35], [34, 50], [35, 36], [36, 37], [38, 39], [39, 43], [40, 41], [41, 42], [42, 24], [43, 44], [44, 45], [45, 46], [45, 33], [46, 47], [47, 48], [48, 49], [50, 51], [51, 32], [52, 53], [53, 11], [54, 56], [56, 57]], "features": {"1": "1", "2": "2", "3": "2", "4": "2", "5": "2", "6": "3", "7": "2", "21": "2", "8": "2", "9": "3", "11": "3", "14": "2", "12": "2", "13": "3", "24": "3", "28": "3", "15": "3", "52": "2", "16": "2", "17": "3", "30": "2", "54": "2", "18": "2", "19": "2", "20": "1", "22": "2", "23": "3", "10": "1", "38": "2", "26": "2", "27": "1", "40": "2", "31": "1", "33": "2", "34": "3", "35": "2", "50": "2", "36": "2", "37": "1", "39": "2", "43": "2", "41": "2", "42": "2", "44": "2", "45": "3", "46": "2", "47": "2", "48": "2", "49": "1", "51": "2", "32": "1", "53": "2", "56": "2", "57": "1"}}