{"edges": [[1, 2], [2, 3], [3, 4], [4, 5], [5, 14], [5, 35], [6, 45], [7, 19], [7, 56], [8, 42], [8, 7], [9, 10], [10, 13], [10, 38], [12, 23], [14, 15], [15, 19], [15, 50], [19, 30], [19, 37], [20, 21], [21, 22], [22, 48], [23, 9], [23, 36], [25, 23], [25, 44], [26, 28], [28, 29], [30, 31], [31, 40], [31, 24], [32, 14], [33, 34], [33, 16], [35, 12], [35, 25], [38, 39], [39, 48], [39, 26], [39, 6], [39, 14], [40, 41], [41, 32], [41, 46], [42, 43], [43, 18], [43, 20], [45, 48], [46, 48], [48, 49], [50, 52], [52, 53], [53, 54], [54, 55], [55, 8], [55, 33], [55, 48], [56, 35]], "features": {"1": "1", "2": "2", "3": "2", "4": "2", "5": "3", "14": "4", "35": "4", "6": "2", "45": "2", "7": "3", "19": "4", "56": "2", "8": "3", "42": "2", "9": "2", "10": "3", "13": "1", "38": "2", "12": "2", "23": "4", "15": "3", "50": "2", "30": "2", "37": "1", "20": "2", "21": "2", "22": "2", "48": "6", "36": "1", "25": "3", "44": "1", "26": "2", "28": "2", "29": "1", "31": "3", "40": "2", "24": "1", "32": "2", "33": "3", "34": "1", "16": "1", "39": "5", "41": "3", "46": "2", "43": "3", "18": "1", "49": "1", "52": "2", "53": "2", "54": "2", "55": "4"}}