{"edges": [[1, 2], [2, 3], [3, 4], [3, 22], [3, 59], [4, 5], [5, 6], [5, 8], [8, 9], [9, 10], [9, 30], [10, 52], [10, 13], [10, 25], [13, 14], [14, 15], [15, 24], [16, 20], [20, 58], [21, 34], [22, 8], [24, 16], [25, 26], [26, 28], [28, 27], [30, 31], [31, 44], [31, 32], [31, 48], [32, 38], [32, 45], [33, 56], [34, 35], [35, 36], [36, 37], [38, 40], [38, 45], [40, 41], [41, 60], [44, 47], [45, 21], [48, 49], [49, 50], [49, 53], [50, 51], [51, 11], [52, 13], [52, 25], [53, 54], [56, 57], [58, 33], [59, 19], [60, 42]], "features": {"1": "1", "2": "2", "3": "4", "4": "2", "22": "2", "59": "2", "5": "3", "6": "1", "8": "3", "9": "3", "10": "4", "30": "2", "52": "3", "13": "3", "25": "3", "14": "2", "15": "2", "24": "2", "16": "2", "20": "2", "58": "2", "21": "2", "34": "2", "26": "2", "28": "2", "27": "1", "31": "4", "44": "2", "32": "3", "48": "2", "38": "3", "45": "3", "33": "2", "56": "2", "35": "2", "36": "2", "37": "1", "40": "2", "41": "2", "60": "2", "47": "1", "49": "3", "50": "2", "53": "2", "51": "2", "11": "1", "54": "1", "57": "1", "19": "1", "42": "1"}}