{"edges": [[1, 2], [2, 3], [3, 4], [4, 11], [5, 27], [5, 18], [7, 44], [8, 9], [9, 29], [11, 16], [11, 13], [12, 28], [13, 15], [15, 21], [15, 58], [16, 17], [17, 8], [17, 12], [18, 19], [19, 20], [20, 54], [20, 7], [21, 22], [22, 24], [24, 30], [24, 36], [25, 26], [27, 34], [27, 38], [28, 32], [28, 39], [29, 55], [30, 31], [31, 40], [31, 46], [32, 35], [33, 52], [35, 33], [35, 50], [37, 42], [39, 47], [40, 41], [41, 37], [42, 43], [44, 45], [46, 25], [47, 48], [50, 51], [52, 53], [55, 56], [58, 5]], "features": {"1": "1", "2": "2", "3": "2", "4": "2", "11": "3", "5": "3", "27": "3", "18": "2", "7": "2", "44": "2", "8": "2", "9": "2", "29": "2", "16": "2", "13": "2", "12": "2", "28": "3", "15": "3", "21": "2", "58": "2", "17": "3", "19": "2", "20": "3", "54": "1", "22": "2", "24": "3", "30": "2", "36": "1", "25": "2", "26": "1", "34": "1", "38": "1", "32": "2", "39": "2", "55": "2", "31": "3", "40": "2", "46": "2", "35": "3", "33": "2", "52": "2", "50": "2", "37": "2", "42": "2", "47": "2", "41": "2", "43": "1", "45": "1", "48": "1", "51": "1", "53": "1", "56": "1"}}