{"edges": [[1, 2], [2, 3], [3, 33], [3, 4], [4, 5], [5, 6], [5, 32], [6, 7], [7, 16], [7, 8], [8, 9], [9, 10], [10, 11], [11, 45], [11, 13], [12, 58], [13, 15], [16, 17], [17, 18], [17, 29], [18, 20], [20, 21], [21, 22], [22, 24], [24, 27], [24, 50], [27, 28], [29, 30], [30, 31], [33, 34], [34, 35], [34, 53], [35, 36], [36, 37], [36, 12], [37, 38], [38, 39], [39, 40], [40, 41], [41, 42], [42, 55], [43, 44], [44, 51], [45, 13], [48, 49], [48, 25], [53, 54], [54, 56], [54, 43], [56, 26], [56, 57], [57, 47], [58, 48]], "features": {"1": "1", "2": "2", "3": "3", "33": "2", "4": "2", "5": "3", "6": "2", "32": "1", "7": "3", "16": "2", "8": "2", "9": "2", "10": "2", "11": "3", "45": "2", "13": "3", "12": "2", "58": "2", "15": "1", "17": "3", "18": "2", "29": "2", "20": "2", "21": "2", "22": "2", "24": "3", "27": "2", "50": "1", "28": "1", "30": "2", "31": "1", "34": "3", "35": "2", "53": "2", "36": "3", "37": "2", "38": "2", "39": "2", "40": "2", "41": "2", "42": "2", "55": "1", "43": "2", "44": "2", "51": "1", "48": "3", "49": "1", "25": "1", "54": "3", "56": "3", "26": "1", "57": "2", "47": "1"}}