{"edges": [[1, 2], [2, 4], [2, 6], [3, 28], [4, 6], [5, 52], [6, 8], [8, 11], [8, 14], [9, 10], [10, 13], [10, 32], [11, 12], [12, 21], [12, 28], [13, 31], [14, 15], [15, 23], [15, 9], [16, 18], [19, 20], [21, 22], [22, 30], [23, 24], [24, 5], [24, 34], [25, 26], [26, 27], [27, 13], [28, 36], [28, 40], [30, 39], [30, 3], [31, 44], [31, 47], [32, 33], [33, 19], [33, 25], [34, 35], [35, 55], [35, 48], [36, 37], [37, 38], [40, 41], [41, 42], [42, 43], [44, 45], [47, 16], [47, 50], [48, 49], [49, 58], [50, 51], [52, 53], [55, 56], [56, 57]], "features": {"1": "1", "2": "3", "4": "2", "6": "3", "3": "2", "28": "4", "5": "2", "52": "2", "8": "3", "11": "2", "14": "2", "9": "2", "10": "3", "13": "3", "32": "2", "12": "3", "21": "2", "31": "3", "15": "3", "23": "2", "16": "2", "18": "1", "19": "2", "20": "1", "22": "2", "30": "3", "24": "3", "34": "2", "25": "2", "26": "2", "27": "2", "36": "2", "40": "2", "39": "1", "44": "2", "47": "3", "33": "3", "35": "3", "55": "2", "48": "2", "37": "2", "38": "1", "41": "2", "42": "2", "43": "1", "45": "1", "50": "2", "49": "2", "58": "1", "51": "1", "53": "1", "56": "2", "57": "1"}}