{"edges": [[1, 2], [1, 4], [2, 3], [3, 6], [3, 10], [4, 5], [5, 14], [5, 7], [6, 120], [6, 115], [7, 16], [7, 25], [8, 12], [8, 22], [10, 11], [11, 8], [14, 15], [15, 74], [15, 19], [16, 20], [17, 21], [18, 10], [19, 23], [19, 54], [20, 28], [20, 51], [21, 37], [22, 30], [23, 24], [24, 26], [26, 41], [26, 34], [28, 35], [28, 91], [29, 32], [30, 33], [30, 110], [32, 38], [32, 47], [33, 84], [33, 40], [35, 42], [35, 48], [36, 44], [36, 85], [37, 29], [37, 18], [38, 36], [40, 43], [40, 86], [41, 116], [42, 50], [43, 49], [44, 58], [44, 106], [46, 68], [46, 71], [47, 51], [47, 35], [49, 60], [50, 57], [50, 55], [56, 71], [56, 68], [57, 69], [57, 67], [59, 114], [60, 52], [60, 59], [62, 63], [63, 10], [63, 79], [64, 77], [64, 81], [68, 65], [68, 66], [69, 78], [69, 76], [72, 92], [74, 75], [75, 88], [75, 97], [75, 72], [76, 73], [76, 89], [77, 82], [77, 86], [79, 10], [81, 98], [81, 109], [82, 83], [84, 64], [86, 94], [86, 90], [91, 103], [91, 102], [92, 93], [93, 112], [93, 95], [95, 96], [97, 105], [98, 99], [100, 121], [102, 100], [103, 104], [104, 102], [106, 47], [107, 111], [107, 113], [110, 119], [112, 26], [115, 62], [116, 46], [116, 56], [120, 17], [120, 21], [121, 118], [121, 107]], "features": {"1": "2", "2": "2", "4": "2", "3": "3", "6": "3", "10": "5", "5": "3", "14": "2", "7": "3", "120": "3", "115": "2", "16": "2", "25": "1", "8": "3", "12": "1", "22": "2", "11": "2", "15": "3", "74": "2", "19": "3", "20": "3", "17": "2", "21": "3", "18": "2", "23": "2", "54": "1", "28": "3", "51": "2", "37": "3", "30": "3", "24": "2", "26": "4", "41": "2", "34": "1", "35": "4", "91": "3", "29": "2", "32": "3", "33": "3", "110": "2", "38": "2", "47": "4", "84": "2", "40": "3", "42": "2", "48": "1", "36": "3", "44": "3", "85": "1", "43": "2", "86": "4", "116": "3", "50": "3", "49": "2", "58": "1", "106": "2", "46": "3", "68": "4", "71": "2", "60": "3", "57": "3", "55": "1", "56": "3", "69": "3", "67": "1", "59": "2", "114": "1", "52": "1", "62": "2", "63": "3", "79": "2", "64": "3", "77": "3", "81": "3", "65": "1", "66": "1", "78": "1", "76": "3", "72": "2", "92": "2", "75": "4", "88": "1", "97": "2", "73": "1", "89": "1", "82": "2", "98": "2", "109": "1", "83": "1", "94": "1", "90": "1", "103": "2", "102": "3", "93": "3", "112": "2", "95": "2", "96": "1", "105": "1", "99": "1", "100": "2", "121": "3", "104": "2", "107": "3", "111": "1", "113": "1", "119": "1", "118": "1"}}