{"edges": [[1, 2], [2, 3], [3, 30], [3, 24], [5, 6], [6, 28], [6, 39], [7, 8], [8, 55], [8, 44], [9, 10], [10, 12], [12, 32], [12, 49], [14, 71], [14, 43], [15, 16], [16, 17], [17, 4], [17, 66], [18, 19], [19, 58], [19, 15], [20, 22], [22, 23], [22, 58], [22, 15], [24, 25], [25, 26], [26, 27], [27, 14], [27, 7], [28, 29], [30, 31], [31, 63], [31, 20], [32, 33], [33, 34], [35, 36], [36, 45], [36, 9], [39, 40], [40, 41], [41, 42], [43, 30], [65, 13], [45, 46], [46, 47], [47, 48], [49, 50], [50, 51], [51, 52], [53, 15], [55, 56], [56, 57], [57, 38], [57, 60], [58, 59], [59, 68], [59, 53], [60, 61], [61, 62], [63, 64], [64, 35], [64, 5], [65, 18], [66, 67], [68, 70], [71, 72], [72, 73]], "features": {"1": "1", "2": "2", "3": "3", "30": "3", "24": "2", "5": "2", "6": "3", "28": "2", "39": "2", "7": "2", "8": "3", "55": "2", "44": "1", "9": "2", "10": "2", "12": "3", "32": "2", "49": "2", "14": "3", "71": "2", "43": "2", "15": "4", "16": "2", "17": "3", "4": "1", "66": "2", "18": "2", "19": "3", "58": "3", "20": "2", "22": "4", "23": "1", "25": "2", "26": "2", "27": "3", "29": "1", "31": "3", "63": "2", "33": "2", "34": "1", "35": "2", "36": "3", "45": "2", "40": "2", "41": "2", "42": "1", "65": "2", "13": "1", "46": "2", "47": "2", "48": "1", "50": "2", "51": "2", "52": "1", "53": "2", "56": "2", "57": "3", "38": "1", "60": "2", "59": "3", "68": "2", "61": "2", "62": "1", "64": "3", "67": "1", "70": "1", "72": "2", "73": "1"}}