{"edges": [[5, 6], [6, 7], [7, 9], [9, 45], [9, 120], [10, 11], [11, 12], [12, 13], [13, 14], [15, 16], [16, 17], [17, 18], [18, 60], [18, 86], [19, 21], [21, 76], [22, 23], [23, 24], [24, 25], [25, 26], [26, 10], [26, 49], [27, 28], [28, 29], [29, 124], [30, 31], [31, 32], [32, 34], [34, 15], [35, 36], [36, 37], [37, 38], [38, 39], [39, 40], [41, 42], [42, 44], [44, 69], [45, 46], [47, 48], [48, 66], [48, 73], [49, 50], [50, 51], [51, 52], [52, 35], [53, 54], [54, 56], [56, 57], [57, 58], [58, 59], [59, 117], [59, 112], [60, 61], [61, 62], [62, 63], [63, 64], [64, 65], [65, 114], [65, 78], [66, 68], [68, 91], [69, 70], [70, 71], [71, 72], [72, 19], [72, 53], [73, 74], [74, 75], [75, 91], [76, 101], [77, 91], [78, 79], [79, 81], [81, 82], [82, 99], [82, 69], [83, 84], [84, 85], [86, 87], [88, 89], [89, 90], [91, 92], [92, 94], [94, 95], [95, 96], [96, 97], [97, 98], [98, 30], [98, 110], [99, 100], [100, 106], [100, 76], [101, 102], [102, 103], [103, 105], [105, 27], [105, 88], [106, 107], [107, 108], [108, 109], [109, 76], [110, 111], [112, 113], [113, 101], [114, 116], [116, 22], [116, 41], [117, 118], [118, 119], [119, 35], [120, 121], [121, 122], [122, 123], [123, 83], [123, 77], [124, 125], [125, 126], [126, 128]], "features": {"5": "1", "6": "2", "7": "2", "9": "3", "45": "2", "120": "2", "10": "2", "11": "2", "12": "2", "13": "2", "14": "1", "15": "2", "16": "2", "17": "2", "18": "3", "60": "2", "86": "2", "19": "2", "21": "2", "76": "4", "22": "2", "23": "2", "24": "2", "25": "2", "26": "3", "49": "2", "27": "2", "28": "2", "29": "2", "124": "2", "30": "2", "31": "2", "32": "2", "34": "2", "35": "3", "36": "2", "37": "2", "38": "2", "39": "2", "40": "1", "41": "2", "42": "2", "44": "2", "69": "3", "46": "1", "47": "1", "48": "3", "66": "2", "73": "2", "50": "2", "51": "2", "52": "2", "53": "2", "54": "2", "56": "2", "57": "2", "58": "2", "59": "3", "117": "2", "112": "2", "61": "2", "62": "2", "63": "2", "64": "2", "65": "3", "114": "2", "78": "2", "68": "2", "91": "4", "70": "2", "71": "2", "72": "3", "74": "2", "75": "2", "101": "3", "77": "2", "79": "2", "81": "2", "82": "3", "99": "2", "83": "2", "84": "2", "85": "1", "87": "1", "88": "2", "89": "2", "90": "1", "92": "2", "94": "2", "95": "2", "96": "2", "97": "2", "98": "3", "110": "2", "100": "3", "106": "2", "102": "2", "103": "2", "105": "3", "107": "2", "108": "2", "109": "2", "111": "1", "113": "2", "116": "3", "118": "2", "119": "2", "121": "2", "122": "2", "123": "3", "125": "2", "126": "2", "128": "1"}}