{"edges": [[5, 10], [5, 8], [8, 28], [8, 16], [10, 12], [10, 14], [12, 13], [14, 58], [16, 18], [16, 20], [16, 21], [21, 23], [21, 25], [24, 30], [28, 33], [28, 32], [30, 36], [33, 47], [33, 24], [36, 46], [36, 44], [46, 28], [46, 48], [47, 49], [47, 50], [50, 52], [52, 54], [52, 53], [54, 57], [54, 58], [58, 60], [60, 65], [60, 64], [60, 66], [64, 66], [66, 75], [66, 67], [67, 73], [67, 69], [69, 72], [75, 81], [75, 85], [81, 83], [83, 84], [83, 85], [84, 96], [84, 91], [91, 95], [96, 98], [98, 99], [98, 100], [100, 104], [100, 103], [104, 107], [104, 108], [108, 110], [110, 116], [110, 113], [113, 115], [113, 114], [115, 118], [118, 121], [118, 120], [121, 122]], "features": {"5": "2", "10": "3", "8": "3", "28": "4", "16": "4", "12": "2", "14": "2", "13": "1", "58": "3", "18": "1", "20": "1", "21": "3", "23": "1", "25": "1", "24": "2", "30": "2", "33": "3", "32": "1", "36": "3", "47": "3", "46": "3", "44": "1", "48": "1", "49": "1", "50": "2", "52": "3", "54": "3", "53": "1", "57": "1", "60": "4", "65": "1", "64": "2", "66": "4", "75": "3", "67": "3", "73": "1", "69": "2", "72": "1", "81": "2", "85": "2", "83": "3", "84": "3", "96": "2", "91": "2", "95": "1", "98": "3", "99": "1", "100": "3", "104": "3", "103": "1", "107": "1", "108": "2", "110": "3", "116": "1", "113": "3", "115": "2", "114": "1", "118": "3", "121": "2", "120": "1", "122": "1"}}