{"edges": [[7, 12], [7, 30], [12, 17], [12, 20], [17, 43], [17, 22], [20, 21], [22, 26], [22, 30], [26, 32], [30, 47], [30, 44], [32, 39], [32, 38], [39, 42], [43, 32], [44, 45], [47, 50], [47, 54], [50, 54], [50, 56], [56, 72], [56, 66], [57, 71], [57, 73], [62, 57], [65, 62], [65, 57], [72, 66], [72, 65], [73, 77]], "features": {"7": "2", "12": "3", "30": "4", "17": "3", "20": "2", "43": "2", "22": "3", "21": "1", "26": "2", "32": "4", "47": "3", "44": "2", "39": "2", "38": "1", "42": "1", "45": "1", "50": "3", "54": "2", "56": "3", "72": "3", "66": "2", "57": "4", "71": "1", "73": "2", "62": "2", "65": "3", "77": "1"}}