{"edges": [[1, 28], [3, 93], [5, 66], [7, 68], [9, 59], [9, 76], [14, 22], [17, 48], [20, 64], [22, 30], [26, 80], [28, 42], [30, 82], [34, 53], [34, 3], [38, 5], [40, 95], [42, 34], [46, 56], [48, 26], [53, 3], [56, 20], [59, 76], [61, 17], [61, 48], [64, 7], [66, 61], [68, 74], [70, 88], [74, 78], [76, 14], [78, 84], [80, 99], [82, 40], [84, 91], [88, 9], [91, 38], [93, 70], [95, 46], [95, 56]], "features": {"1": "1", "28": "2", "3": "3", "93": "2", "5": "2", "66": "2", "7": "2", "68": "2", "9": "3", "59": "2", "76": "3", "14": "2", "22": "2", "17": "2", "48": "3", "20": "2", "64": "2", "30": "2", "26": "2", "80": "2", "42": "2", "82": "2", "34": "3", "53": "2", "38": "2", "40": "2", "95": "3", "46": "2", "56": "3", "61": "3", "74": "2", "70": "2", "88": "2", "78": "2", "84": "2", "99": "1", "91": "2"}}