{"edges": [[1, 4], [1, 7], [4, 8], [4, 11], [7, 33], [8, 12], [8, 15], [11, 40], [12, 16], [12, 18], [15, 36], [15, 44], [16, 20], [16, 34], [18, 22], [18, 26], [20, 38], [22, 23], [24, 25], [26, 28], [26, 30], [28, 29], [30, 31], [33, 42], [33, 50], [34, 35], [36, 46], [36, 49], [38, 39], [44, 24], [44, 46], [49, 53], [49, 55], [50, 51]], "features": {"1": "2", "4": "3", "7": "2", "8": "3", "11": "2", "33": "3", "12": "3", "15": "3", "40": "1", "16": "3", "18": "3", "36": "3", "44": "3", "20": "2", "34": "2", "22": "2", "26": "3", "38": "2", "23": "1", "24": "2", "25": "1", "28": "2", "30": "2", "29": "1", "31": "1", "42": "1", "50": "2", "35": "1", "46": "2", "49": "3", "39": "1", "53": "1", "55": "1", "51": "1"}}