{"edges": [[1, 2], [2, 3], [3, 4], [3, 6], [4, 5], [5, 10], [6, 7], [7, 8], [8, 9], [9, 16], [9, 20], [10, 11], [11, 12], [11, 14], [12, 13], [13, 18], [13, 22], [14, 15], [15, 24], [15, 38], [16, 17], [17, 42], [17, 46], [18, 19], [19, 28], [19, 32], [20, 21], [21, 26], [21, 39], [22, 23], [23, 36], [23, 48], [26, 27], [27, 30], [27, 44], [28, 29], [29, 34], [29, 40], [30, 31], [32, 33], [34, 35], [36, 37], [38, 52], [40, 41], [42, 43], [43, 50], [43, 54], [44, 45], [48, 49], [52, 53], [54, 55]], "features": {"1": "1", "2": "2", "3": "3", "4": "2", "6": "2", "5": "2", "10": "2", "7": "2", "8": "2", "9": "3", "16": "2", "20": "2", "11": "3", "12": "2", "14": "2", "13": "3", "18": "2", "22": "2", "15": "3", "24": "1", "38": "2", "17": "3", "42": "2", "46": "1", "19": "3", "28": "2", "32": "2", "21": "3", "26": "2", "39": "1", "23": "3", "36": "2", "48": "2", "27": "3", "30": "2", "44": "2", "29": "3", "34": "2", "40": "2", "31": "1", "33": "1", "35": "1", "37": "1", "52": "2", "41": "1", "43": "3", "50": "1", "54": "2", "45": "1", "49": "1", "53": "1", "55": "1"}}