{"edges": [[1, 2], [2, 3], [3, 4], [4, 5], [5, 6], [6, 7], [7, 8], [7, 15], [8, 9], [9, 10], [10, 11], [11, 12], [12, 13], [13, 14], [14, 31], [14, 35], [15, 16], [16, 17], [17, 18], [18, 19], [19, 20], [20, 21], [20, 29], [21, 22], [22, 23], [23, 24], [23, 29], [24, 25], [25, 26], [26, 27], [27, 28], [28, 48], [28, 50], [29, 30], [30, 53], [31, 32], [32, 33], [33, 34], [35, 36], [36, 37], [37, 38], [38, 39], [38, 42], [39, 40], [40, 41], [42, 43], [43, 44], [44, 45], [45, 46], [46, 47], [47, 53], [48, 49], [50, 51], [51, 52], [52, 53], [53, 54], [54, 55], [55, 56], [55, 59], [56, 57], [58, 59], [59, 60], [60, 61], [61, 66], [61, 62], [62, 63], [63, 64], [64, 65], [66, 67], [67, 68], [68, 69], [69, 70], [70, 71], [71, 72], [72, 73], [72, 77], [73, 74], [74, 75], [75, 76], [75, 77], [77, 78], [78, 79], [79, 80]], "features": {"1": "1", "2": "2", "3": "2", "4": "2", "5": "2", "6": "2", "7": "3", "8": "2", "15": "2", "9": "2", "10": "2", "11": "2", "12": "2", "13": "2", "14": "3", "31": "2", "35": "2", "16": "2", "17": "2", "18": "2", "19": "2", "20": "3", "21": "2", "29": "3", "22": "2", "23": "3", "24": "2", "25": "2", "26": "2", "27": "2", "28": "3", "48": "2", "50": "2", "30": "2", "53": "4", "32": "2", "33": "2", "34": "1", "36": "2", "37": "2", "38": "3", "39": "2", "42": "2", "40": "2", "41": "1", "43": "2", "44": "2", "45": "2", "46": "2", "47": "2", "49": "1", "51": "2", "52": "2", "54": "2", "55": "3", "56": "2", "59": "3", "57": "1", "58": "1", "60": "2", "61": "3", "66": "2", "62": "2", "63": "2", "64": "2", "65": "1", "67": "2", "68": "2", "69": "2", "70": "2", "71": "2", "72": "3", "73": "2", "77": "3", "74": "2", "75": "3", "76": "1", "78": "2", "79": "2", "80": "1"}}