{"edges": [[3, 4], [4, 5], [5, 6], [6, 7], [7, 8], [8, 9], [9, 10], [9, 14], [10, 11], [11, 12], [12, 13], [13, 32], [13, 44], [14, 15], [15, 16], [15, 20], [16, 17], [17, 18], [18, 19], [19, 22], [19, 26], [19, 30], [20, 21], [21, 25], [21, 55], [22, 23], [23, 24], [24, 64], [25, 24], [26, 28], [28, 29], [29, 64], [30, 31], [31, 24], [32, 33], [33, 34], [33, 38], [33, 42], [34, 35], [35, 45], [35, 36], [36, 37], [37, 64], [38, 39], [39, 40], [40, 41], [41, 56], [42, 58], [42, 46], [44, 48], [44, 52], [45, 56], [46, 47], [47, 56], [48, 49], [49, 51], [51, 56], [52, 54], [54, 60], [54, 62], [55, 16], [56, 57], [57, 64], [58, 59], [59, 56], [60, 61], [61, 56], [62, 63], [63, 56]], "features": {"3": "1", "4": "2", "5": "2", "6": "2", "7": "2", "8": "2", "9": "3", "10": "2", "14": "2", "11": "2", "12": "2", "13": "3", "32": "2", "44": "3", "15": "3", "16": "3", "20": "2", "17": "2", "18": "2", "19": "4", "22": "2", "26": "2", "30": "2", "21": "3", "25": "2", "55": "2", "23": "2", "24": "4", "64": "4", "28": "2", "29": "2", "31": "2", "33": "4", "34": "2", "38": "2", "42": "3", "35": "3", "45": "2", "36": "2", "37": "2", "39": "2", "40": "2", "41": "2", "56": "8", "58": "2", "46": "2", "48": "2", "52": "2", "47": "2", "49": "2", "51": "2", "54": "3", "60": "2", "62": "2", "57": "2", "59": "2", "61": "2", "63": "2"}}