{"edges": [[1, 2], [2, 3], [3, 7], [3, 43], [4, 54], [7, 57], [7, 28], [8, 108], [9, 99], [11, 104], [14, 31], [15, 101], [15, 4], [16, 80], [18, 1], [20, 112], [20, 26], [22, 72], [23, 100], [26, 29], [26, 84], [27, 61], [28, 110], [29, 75], [30, 87], [31, 107], [31, 40], [34, 58], [34, 8], [36, 91], [36, 98], [40, 16], [40, 62], [42, 95], [42, 50], [43, 34], [43, 93], [46, 37], [49, 41], [49, 86], [50, 116], [52, 66], [52, 92], [53, 64], [53, 78], [56, 35], [56, 46], [57, 102], [57, 109], [58, 111], [61, 96], [61, 48], [62, 36], [70, 81], [72, 32], [72, 94], [74, 113], [74, 85], [75, 12], [75, 47], [76, 53], [78, 10], [78, 56], [81, 60], [81, 55], [84, 63], [65, 105], [87, 19], [87, 82], [88, 18], [88, 6], [88, 24], [88, 76], [90, 53], [93, 20], [99, 23], [99, 90], [100, 114], [100, 69], [101, 70], [101, 49], [102, 68], [102, 14], [106, 74], [106, 15], [107, 42], [107, 65], [108, 38], [108, 30], [109, 106], [110, 88], [111, 9], [111, 22], [112, 27], [112, 73], [113, 44], [113, 52], [116, 77], [116, 11]], "features": {"1": "2", "2": "2", "3": "3", "7": "3", "43": "3", "4": "2", "54": "1", "57": "3", "28": "2", "8": "2", "108": "3", "9": "2", "99": "3", "11": "2", "104": "1", "14": "2", "31": "3", "15": "3", "101": "3", "16": "2", "80": "1", "18": "2", "20": "3", "112": "3", "26": "3", "22": "2", "72": "3", "23": "2", "100": "3", "29": "2", "84": "2", "27": "2", "61": "3", "110": "2", "75": "3", "30": "2", "87": "3", "107": "3", "40": "3", "34": "3", "58": "2", "36": "3", "91": "1", "98": "1", "62": "2", "42": "3", "95": "1", "50": "2", "93": "2", "46": "2", "37": "1", "49": "3", "41": "1", "86": "1", "116": "3", "52": "3", "66": "1", "92": "1", "53": "4", "64": "1", "78": "3", "56": "3", "35": "1", "102": "3", "109": "2", "111": "3", "96": "1", "48": "1", "70": "2", "81": "3", "32": "1", "94": "1", "74": "3", "113": "3", "85": "1", "12": "1", "47": "1", "76": "2", "10": "1", "60": "1", "55": "1", "63": "1", "65": "2", "105": "1", "19": "1", "82": "1", "88": "5", "6": "1", "24": "1", "90": "2", "114": "1", "69": "1", "68": "1", "106": "3", "38": "1", "73": "1", "44": "1", "77": "1"}}