{"edges": [[1, 43], [1, 73], [1, 98], [2, 100], [3, 10], [3, 48], [4, 5], [5, 115], [6, 2], [6, 27], [15, 26], [16, 17], [17, 22], [17, 49], [20, 93], [21, 4], [21, 44], [22, 66], [22, 80], [25, 71], [25, 64], [26, 78], [26, 111], [32, 91], [32, 108], [35, 8], [35, 50], [37, 104], [37, 16], [42, 3], [42, 82], [43, 60], [43, 37], [44, 81], [44, 24], [46, 47], [49, 92], [49, 72], [52, 114], [53, 30], [53, 101], [54, 113], [54, 42], [57, 65], [57, 46], [58, 31], [60, 21], [62, 97], [64, 94], [64, 53], [67, 11], [67, 55], [68, 116], [71, 87], [72, 30], [73, 68], [73, 107], [75, 40], [76, 84], [76, 20], [79, 32], [79, 69], [80, 36], [81, 57], [82, 9], [85, 34], [85, 74], [88, 54], [90, 75], [90, 41], [91, 96], [91, 18], [92, 13], [92, 39], [94, 12], [96, 110], [98, 106], [98, 79], [99, 61], [99, 103], [102, 62], [102, 109], [103, 67], [104, 99], [106, 15], [107, 88], [107, 102], [108, 85], [109, 76], [109, 52], [111, 59], [111, 35], [113, 90], [114, 86], [114, 40], [115, 29], [115, 58], [116, 25], [116, 6]], "features": {"1": "3", "43": "3", "73": "3", "98": "3", "2": "2", "100": "1", "3": "3", "10": "1", "48": "1", "4": "2", "5": "2", "115": "3", "6": "3", "27": "1", "15": "2", "26": "3", "16": "2", "17": "3", "22": "3", "49": "3", "20": "2", "93": "1", "21": "3", "44": "3", "66": "1", "80": "2", "25": "3", "71": "2", "64": "3", "78": "1", "111": "3", "32": "3", "91": "3", "108": "2", "35": "3", "8": "1", "50": "1", "37": "3", "104": "2", "42": "3", "82": "2", "60": "2", "81": "2", "24": "1", "46": "2", "47": "1", "92": "3", "72": "2", "52": "2", "114": "3", "53": "3", "30": "2", "101": "1", "54": "3", "113": "2", "57": "3", "65": "1", "58": "2", "31": "1", "62": "2", "97": "1", "94": "2", "67": "3", "11": "1", "55": "1", "68": "2", "116": "3", "87": "1", "107": "3", "75": "2", "40": "2", "76": "3", "84": "1", "79": "3", "69": "1", "36": "1", "9": "1", "85": "3", "34": "1", "74": "1", "88": "2", "90": "3", "41": "1", "96": "2", "18": "1", "13": "1", "39": "1", "12": "1", "110": "1", "106": "2", "99": "3", "61": "1", "103": "2", "102": "3", "109": "3", "59": "1", "86": "1", "29": "1"}}