{"edges": [[1, 3], [1, 4], [3, 41], [4, 9], [5, 27], [5, 23], [6, 14], [7, 22], [7, 20], [9, 10], [10, 5], [10, 7], [11, 13], [11, 17], [13, 18], [13, 21], [14, 26], [16, 69], [17, 25], [18, 79], [20, 32], [20, 35], [21, 70], [21, 74], [22, 40], [22, 50], [22, 53], [23, 37], [23, 34], [25, 33], [25, 38], [26, 45], [27, 28], [28, 29], [29, 30], [30, 44], [30, 48], [35, 43], [37, 7], [38, 90], [41, 6], [41, 11], [43, 47], [43, 39], [45, 56], [45, 51], [47, 82], [47, 88], [51, 63], [51, 85], [54, 66], [56, 64], [56, 60], [60, 65], [60, 67], [61, 96], [63, 78], [63, 59], [65, 78], [65, 59], [65, 85], [66, 99], [66, 92], [69, 49], [69, 55], [70, 86], [70, 84], [71, 63], [71, 67], [74, 83], [74, 89], [76, 91], [76, 95], [78, 81], [79, 12], [79, 16], [81, 61], [81, 73], [81, 77], [85, 58], [85, 71], [86, 54], [89, 94], [89, 97], [92, 72], [92, 76]], "features": {"1": "2", "3": "2", "4": "2", "41": "3", "9": "2", "5": "3", "27": "2", "23": "3", "6": "2", "14": "2", "7": "4", "22": "4", "20": "3", "10": "3", "11": "3", "13": "3", "17": "2", "18": "2", "21": "3", "26": "2", "16": "2", "69": "3", "25": "3", "79": "3", "32": "1", "35": "2", "70": "3", "74": "3", "40": "1", "50": "1", "53": "1", "37": "2", "34": "1", "33": "1", "38": "2", "45": "3", "28": "2", "29": "2", "30": "3", "44": "1", "48": "1", "43": "3", "90": "1", "47": "3", "39": "1", "56": "3", "51": "3", "82": "1", "88": "1", "63": "4", "85": "4", "54": "2", "66": "3", "64": "1", "60": "3", "65": "4", "67": "2", "61": "2", "96": "1", "78": "3", "59": "2", "99": "1", "92": "3", "49": "1", "55": "1", "86": "2", "84": "1", "71": "3", "83": "1", "89": "3", "76": "3", "91": "1", "95": "1", "81": "4", "12": "1", "73": "1", "77": "1", "58": "1", "94": "1", "97": "1", "72": "1"}}