{"edges": [[1, 2], [2, 3], [3, 4], [4, 5], [5, 6], [6, 7], [7, 63], [7, 10], [7, 22], [8, 9], [9, 99], [10, 11], [11, 47], [11, 14], [12, 13], [13, 53], [13, 107], [14, 72], [14, 32], [16, 75], [16, 24], [17, 18], [19, 20], [21, 47], [22, 36], [22, 30], [23, 98], [24, 25], [26, 27], [27, 28], [28, 29], [29, 23], [29, 66], [30, 31], [31, 17], [31, 111], [32, 33], [33, 34], [34, 35], [35, 56], [35, 92], [36, 37], [37, 38], [38, 85], [38, 98], [39, 40], [40, 41], [41, 42], [42, 43], [44, 45], [45, 46], [46, 80], [46, 12], [46, 39], [47, 48], [48, 94], [48, 56], [50, 16], [50, 66], [51, 52], [52, 64], [52, 81], [53, 54], [54, 55], [56, 57], [57, 58], [58, 59], [59, 60], [60, 61], [61, 62], [63, 44], [63, 26], [64, 65], [65, 71], [65, 88], [66, 67], [67, 68], [68, 82], [68, 118], [72, 73], [73, 74], [74, 108], [74, 106], [75, 76], [76, 77], [77, 78], [78, 79], [80, 39], [80, 84], [81, 103], [81, 8100], [85, 122], [85, 86], [86, 87], [87, 51], [87, 101], [88, 89], [89, 90], [90, 91], [91, 103], [91, 69], [92, 93], [93, 19], [93, 114], [94, 95], [95, 96], [96, 97], [98, 99], [99, 100], [100, 50], [100, 16], [101, 102], [103, 104], [104, 8], [104, 117], [106, 32], [107, 83], [107, 53], [108, 109], [109, 110], [111, 112], [112, 113], [114, 115], [115, 116], [118, 119], [119, 120]], "features": {"1": "1", "2": "2", "3": "2", "4": "2", "5": "2", "6": "2", "7": "4", "63": "3", "10": "2", "22": "3", "8": "2", "9": "2", "99": "3", "11": "3", "47": "3", "14": "3", "12": "2", "13": "3", "53": "3", "107": "3", "72": "2", "32": "3", "16": "4", "75": "2", "24": "2", "17": "2", "18": "1", "19": "2", "20": "1", "21": "1", "36": "2", "30": "2", "23": "2", "98": "3", "25": "1", "26": "2", "27": "2", "28": "2", "29": "3", "66": "3", "31": "3", "111": "2", "33": "2", "34": "2", "35": "3", "56": "3", "92": "2", "37": "2", "38": "3", "85": "3", "39": "3", "40": "2", "41": "2", "42": "2", "43": "1", "44": "2", "45": "2", "46": "4", "80": "3", "48": "3", "94": "2", "50": "3", "51": "2", "52": "3", "64": "2", "81": "3", "54": "2", "55": "1", "57": "2", "58": "2", "59": "2", "60": "2", "61": "2", "62": "1", "65": "3", "71": "1", "88": "2", "67": "2", "68": "3", "82": "1", "118": "2", "73": "2", "74": "3", "108": "2", "106": "2", "76": "2", "77": "2", "78": "2", "79": "1", "84": "1", "103": "3", "8100": "1", "122": "1", "86": "2", "87": "3", "101": "2", "89": "2", "90": "2", "91": "3", "69": "1", "93": "3", "114": "2", "95": "2", "96": "2", "97": "1", "100": "3", "102": "1", "104": "3", "117": "1", "83": "1", "109": "2", "110": "1", "112": "2", "113": "1", "115": "2", "116": "1", "119": "2", "120": "1"}}