{"edges": [[1, 2], [2, 3], [3, 4], [4, 5], [5, 6], [6, 8], [8, 13], [8, 16], [9, 31], [10, 18], [12, 37], [12, 98], [13, 31], [13, 24], [14, 40], [14, 25], [14, 44], [16, 17], [17, 33], [17, 26], [18, 92], [18, 42], [19, 31], [20, 110], [20, 51], [22, 36], [22, 78], [24, 20], [24, 38], [26, 46], [26, 9], [27, 28], [28, 29], [29, 79], [29, 122], [30, 92], [30, 42], [31, 41], [31, 80], [33, 34], [34, 30], [34, 84], [38, 39], [39, 117], [39, 19], [39, 54], [40, 65], [40, 97], [41, 72], [41, 80], [42, 58], [42, 112], [46, 88], [46, 10], [47, 48], [48, 52], [48, 23], [50, 62], [50, 101], [51, 66], [51, 60], [52, 71], [52, 111], [54, 57], [54, 107], [57, 103], [57, 83], [58, 59], [59, 102], [59, 50], [60, 32], [60, 68], [61, 82], [62, 109], [62, 114], [66, 108], [66, 115], [67, 118], [71, 106], [71, 12], [72, 45], [72, 47], [74, 61], [74, 100], [75, 118], [76, 96], [76, 120], [78, 93], [78, 69], [80, 94], [80, 89], [82, 67], [82, 75], [83, 117], [83, 19], [84, 11], [84, 22], [86, 87], [88, 14], [89, 90], [90, 74], [90, 82], [92, 45], [92, 47], [93, 8], [94, 95], [102, 81], [102, 104], [106, 27], [106, 55], [107, 14], [110, 76], [110, 53], [112, 86], [112, 116], [115, 32], [115, 68], [116, 64], [116, 73], [120, 121]], "features": {"1": "1", "2": "2", "3": "2", "4": "2", "5": "2", "6": "2", "8": "4", "13": "3", "16": "2", "9": "2", "31": "5", "10": "2", "18": "3", "12": "3", "37": "1", "98": "1", "24": "3", "14": "5", "40": "3", "25": "1", "44": "1", "17": "3", "33": "2", "26": "3", "92": "4", "42": "4", "19": "3", "20": "3", "110": "3", "51": "3", "22": "3", "36": "1", "78": "3", "38": "2", "46": "3", "27": "2", "28": "2", "29": "3", "79": "1", "122": "1", "30": "3", "41": "3", "80": "4", "34": "3", "84": "3", "39": "4", "117": "2", "54": "3", "65": "1", "97": "1", "72": "3", "58": "2", "112": "3", "88": "2", "47": "3", "48": "3", "52": "3", "23": "1", "50": "3", "62": "3", "101": "1", "66": "3", "60": "3", "71": "3", "111": "1", "57": "3", "107": "2", "103": "1", "83": "3", "59": "3", "102": "3", "32": "2", "68": "2", "61": "2", "82": "4", "109": "1", "114": "1", "108": "1", "115": "3", "67": "2", "118": "2", "106": "3", "45": "2", "74": "3", "100": "1", "75": "2", "76": "3", "96": "1", "120": "2", "93": "2", "69": "1", "94": "2", "89": "2", "11": "1", "86": "2", "87": "1", "90": "3", "95": "1", "81": "1", "104": "1", "55": "1", "53": "1", "116": "3", "64": "1", "73": "1", "121": "1"}}