{"edges": [[1, 2], [2, 3], [3, 4], [4, 5], [5, 6], [6, 7], [7, 8], [8, 9], [9, 36], [9, 53], [9, 22], [10, 11], [14, 15], [15, 16], [16, 17], [17, 78], [17, 30], [18, 19], [19, 20], [20, 21], [22, 23], [23, 24], [24, 59], [24, 45], [24, 72], [24, 90], [25, 26], [26, 27], [28, 86], [28, 42], [29, 89], [30, 31], [31, 32], [32, 33], [33, 34], [34, 35], [36, 37], [37, 38], [38, 81], [38, 118], [39, 40], [40, 41], [42, 43], [43, 56], [43, 109], [43, 29], [44, 22], [45, 46], [46, 47], [48, 49], [49, 50], [50, 58], [50, 13], [51, 99], [53, 54], [54, 55], [55, 120], [55, 44], [56, 57], [59, 60], [60, 61], [61, 45], [61, 90], [62, 63], [63, 80], [63, 39], [64, 65], [66, 114], [67, 68], [68, 69], [69, 70], [70, 71], [71, 14], [71, 104], [72, 73], [73, 74], [74, 75], [75, 45], [75, 90], [75, 59], [76, 77], [77, 112], [77, 87], [77, 7700], [78, 79], [80, 39], [80, 48], [81, 82], [82, 83], [83, 51], [83, 64], [84, 85], [85, 114], [85, 10], [86, 99], [87, 88], [88, 52], [88, 92], [90, 91], [91, 10], [91, 84], [91, 106], [92, 93], [93, 94], [94, 98], [94, 18], [95, 96], [96, 97], [97, 108], [97, 76], [99, 100], [100, 101], [101, 102], [102, 103], [104, 105], [106, 107], [107, 114], [107, 45], [107, 66], [108, 122], [108, 76], [109, 110], [110, 111], [112, 113], [113, 25], [113, 87], [114, 115], [115, 116], [116, 117], [118, 119], [119, 67], [119, 28], [120, 121], [121, 62], [121, 95]], "features": {"1": "1", "2": "2", "3": "2", "4": "2", "5": "2", "6": "2", "7": "2", "8": "2", "9": "4", "36": "2", "53": "2", "22": "3", "10": "3", "11": "1", "14": "2", "15": "2", "16": "2", "17": "3", "78": "2", "30": "2", "18": "2", "19": "2", "20": "2", "21": "1", "23": "2", "24": "5", "59": "3", "45": "5", "72": "2", "90": "4", "25": "2", "26": "2", "27": "1", "28": "3", "86": "2", "42": "2", "29": "2", "89": "1", "31": "2", "32": "2", "33": "2", "34": "2", "35": "1", "37": "2", "38": "3", "81": "2", "118": "2", "39": "3", "40": "2", "41": "1", "43": "4", "56": "2", "109": "2", "44": "2", "46": "2", "47": "1", "48": "2", "49": "2", "50": "3", "58": "1", "13": "1", "51": "2", "99": "3", "54": "2", "55": "3", "120": "2", "57": "1", "60": "2", "61": "3", "62": "2", "63": "3", "80": "3", "64": "2", "65": "1", "66": "2", "114": "4", "67": "2", "68": "2", "69": "2", "70": "2", "71": "3", "104": "2", "73": "2", "74": "2", "75": "4", "76": "3", "77": "4", "112": "2", "87": "3", "7700": "1", "79": "1", "82": "2", "83": "3", "84": "2", "85": "3", "88": "3", "52": "1", "92": "2", "91": "4", "106": "2", "93": "2", "94": "3", "98": "1", "95": "2", "96": "2", "97": "3", "108": "3", "100": "2", "101": "2", "102": "2", "103": "1", "105": "1", "107": "4", "122": "1", "110": "2", "111": "1", "113": "3", "115": "2", "116": "2", "117": "1", "119": "3", "121": "3"}}