{"edges": [[1, 2], [2, 39], [2, 3], [3, 4], [4, 5], [4, 34], [4, 55], [5, 6], [7, 8], [9, 75], [9, 16], [19, 21], [21, 15], [21, 59], [22, 23], [23, 29], [23, 52], [24, 25], [25, 41], [25, 17], [27, 28], [28, 13], [28, 7], [31, 32], [32, 57], [32, 35], [33, 37], [33, 56], [35, 36], [36, 61], [39, 40], [40, 12], [40, 19], [40, 30], [41, 42], [42, 22], [42, 18], [43, 44], [44, 14], [44, 49], [44, 67], [45, 46], [46, 63], [46, 78], [50, 51], [51, 93], [51, 83], [52, 53], [53, 33], [53, 79], [59, 60], [60, 43], [60, 47], [61, 62], [62, 65], [62, 104], [63, 64], [64, 50], [64, 85], [65, 66], [66, 86], [66, 103], [67, 68], [68, 27], [68, 9], [69, 70], [75, 76], [76, 11], [76, 24], [79, 45], [81, 82], [82, 91], [82, 105], [83, 84], [84, 54], [84, 31], [86, 69], [86, 88], [88, 73], [88, 101], [89, 90], [90, 81], [90, 71], [94, 96], [94, 102], [96, 80], [96, 100], [97, 98], [98, 112], [98, 113], [100, 97], [100, 111], [101, 107], [105, 106], [106, 92], [106, 94], [107, 109], [109, 110], [110, 77], [110, 89], [113, 114]], "features": {"1": "1", "2": "3", "39": "2", "3": "2", "4": "4", "5": "2", "34": "1", "55": "1", "6": "1", "7": "2", "8": "1", "9": "3", "75": "2", "16": "1", "19": "2", "21": "3", "15": "1", "59": "2", "22": "2", "23": "3", "29": "1", "52": "2", "24": "2", "25": "3", "41": "2", "17": "1", "27": "2", "28": "3", "13": "1", "31": "2", "32": "3", "57": "1", "35": "2", "33": "3", "37": "1", "56": "1", "36": "2", "61": "2", "40": "4", "12": "1", "30": "1", "42": "3", "18": "1", "43": "2", "44": "4", "14": "1", "49": "1", "67": "2", "45": "2", "46": "3", "63": "2", "78": "1", "50": "2", "51": "3", "93": "1", "83": "2", "53": "3", "79": "2", "60": "3", "47": "1", "62": "3", "65": "2", "104": "1", "64": "3", "85": "1", "66": "3", "86": "3", "103": "1", "68": "3", "69": "2", "70": "1", "76": "3", "11": "1", "81": "2", "82": "3", "91": "1", "105": "2", "84": "3", "54": "1", "88": "3", "73": "1", "101": "2", "89": "2", "90": "3", "71": "1", "94": "3", "96": "3", "102": "1", "80": "1", "100": "3", "97": "2", "98": "3", "112": "1", "113": "2", "111": "1", "107": "2", "106": "3", "92": "1", "109": "2", "110": "3", "77": "1", "114": "1"}}