{"edges": [[1, 2], [1, 4], [2, 3], [3, 4], [3, 7], [4, 5], [5, 6], [6, 21], [6, 94], [7, 8], [8, 9], [9, 12], [9, 18], [10, 11], [11, 24], [11, 69], [12, 13], [13, 14], [14, 15], [15, 28], [15, 31], [16, 17], [17, 105], [17, 109], [18, 19], [19, 20], [20, 30], [20, 34], [21, 22], [22, 23], [23, 10], [23, 115], [24, 25], [25, 79], [25, 83], [26, 27], [28, 29], [29, 41], [29, 35], [30, 37], [30, 44], [31, 32], [32, 33], [35, 36], [36, 48], [36, 54], [37, 38], [38, 39], [39, 40], [41, 42], [42, 43], [43, 47], [43, 50], [44, 45], [45, 46], [46, 49], [46, 53], [47, 63], [47, 64], [48, 54], [50, 51], [51, 52], [52, 57], [52, 60], [54, 55], [55, 56], [56, 59], [56, 62], [57, 58], [60, 61], [64, 65], [65, 66], [65, 71], [66, 67], [67, 68], [72, 73], [73, 74], [74, 75], [75, 80], [75, 87], [77, 78], [80, 81], [81, 82], [82, 93], [82, 76], [83, 84], [84, 85], [85, 86], [86, 91], [86, 100], [87, 88], [88, 89], [89, 90], [90, 16], [90, 97], [91, 92], [92, 102], [92, 108], [93, 104], [93, 107], [94, 95], [95, 96], [96, 70], [96, 72], [97, 98], [98, 99], [99, 106], [99, 110], [100, 101], [102, 103], [104, 112], [104, 114], [110, 111], [112, 113], [115, 116], [116, 117], [117, 118], [118, 77], [118, 26]], "features": {"1": "2", "2": "2", "4": "3", "3": "3", "7": "2", "5": "2", "6": "3", "21": "2", "94": "2", "8": "2", "9": "3", "12": "2", "18": "2", "10": "2", "11": "3", "24": "2", "69": "1", "13": "2", "14": "2", "15": "3", "28": "2", "31": "2", "16": "2", "17": "3", "105": "1", "109": "1", "19": "2", "20": "3", "30": "3", "34": "1", "22": "2", "23": "3", "115": "2", "25": "3", "79": "1", "83": "2", "26": "2", "27": "1", "29": "3", "41": "2", "35": "2", "37": "2", "44": "2", "32": "2", "33": "1", "36": "3", "48": "2", "54": "3", "38": "2", "39": "2", "40": "1", "42": "2", "43": "3", "47": "3", "50": "2", "45": "2", "46": "3", "49": "1", "53": "1", "63": "1", "64": "2", "51": "2", "52": "3", "57": "2", "60": "2", "55": "2", "56": "3", "59": "1", "62": "1", "58": "1", "61": "1", "65": "3", "66": "2", "71": "1", "67": "2", "68": "1", "72": "2", "73": "2", "74": "2", "75": "3", "80": "2", "87": "2", "77": "2", "78": "1", "81": "2", "82": "3", "93": "3", "76": "1", "84": "2", "85": "2", "86": "3", "91": "2", "100": "2", "88": "2", "89": "2", "90": "3", "97": "2", "92": "3", "102": "2", "108": "1", "104": "3", "107": "1", "95": "2", "96": "3", "70": "1", "98": "2", "99": "3", "106": "1", "110": "2", "101": "1", "103": "1", "112": "2", "114": "1", "111": "1", "113": "1", "116": "2", "117": "2", "118": "3"}}