{"edges": [[1, 2], [2, 3], [3, 4], [4, 5], [5, 9], [5, 6], [6, 7], [7, 8], [8, 12], [9, 10], [10, 11], [11, 14], [11, 18], [12, 13], [13, 16], [13, 21], [13, 35], [14, 15], [15, 24], [16, 17], [17, 65], [17, 55], [18, 19], [19, 20], [20, 27], [21, 22], [22, 23], [23, 31], [23, 42], [24, 25], [25, 44], [25, 39], [27, 28], [28, 29], [29, 30], [30, 57], [30, 62], [31, 32], [32, 33], [33, 48], [35, 36], [36, 37], [37, 38], [38, 111], [39, 40], [40, 41], [41, 49], [42, 43], [43, 83], [44, 45], [45, 86], [45, 107], [48, 80], [48, 69], [49, 84], [50, 51], [51, 52], [55, 56], [56, 71], [57, 58], [58, 59], [59, 98], [59, 116], [60, 61], [62, 63], [63, 64], [64, 108], [64, 114], [65, 66], [66, 89], [66, 102], [67, 68], [67, 26], [68, 106], [68, 117], [69, 70], [71, 72], [72, 73], [73, 74], [74, 99], [74, 54], [75, 76], [76, 77], [77, 94], [78, 47], [78, 79], [80, 81], [81, 82], [82, 85], [83, 93], [84, 34], [84, 100], [85, 103], [85, 53], [86, 87], [87, 88], [89, 90], [90, 91], [91, 92], [94, 95], [95, 96], [96, 97], [100, 101], [102, 105], [103, 104], [14, 60], [105, 78], [107, 75], [107, 67], [108, 109], [109, 110], [111, 112], [112, 113], [114, 115], [115, 50], [115, 46], [117, 118], [118, 119], [119, 120]], "features": {"1": "1", "2": "2", "3": "2", "4": "2", "5": "3", "9": "2", "6": "2", "7": "2", "8": "2", "12": "2", "10": "2", "11": "3", "14": "3", "18": "2", "13": "4", "16": "2", "21": "2", "35": "2", "15": "2", "24": "2", "17": "3", "65": "2", "55": "2", "19": "2", "20": "2", "27": "2", "22": "2", "23": "3", "31": "2", "42": "2", "25": "3", "44": "2", "39": "2", "28": "2", "29": "2", "30": "3", "57": "2", "62": "2", "32": "2", "33": "2", "48": "3", "36": "2", "37": "2", "38": "2", "111": "2", "40": "2", "41": "2", "49": "2", "43": "2", "83": "2", "45": "3", "86": "2", "107": "3", "80": "2", "69": "2", "84": "3", "50": "2", "51": "2", "52": "1", "56": "2", "71": "2", "58": "2", "59": "3", "98": "1", "116": "1", "60": "2", "61": "1", "63": "2", "64": "3", "108": "2", "114": "2", "66": "3", "89": "2", "102": "2", "67": "3", "68": "3", "26": "1", "106": "1", "117": "2", "70": "1", "72": "2", "73": "2", "74": "3", "99": "1", "54": "1", "75": "2", "76": "2", "77": "2", "94": "2", "78": "3", "47": "1", "79": "1", "81": "2", "82": "2", "85": "3", "93": "1", "34": "1", "100": "2", "103": "2", "53": "1", "87": "2", "88": "1", "90": "2", "91": "2", "92": "1", "95": "2", "96": "2", "97": "1", "101": "1", "105": "2", "104": "1", "109": "2", "110": "1", "112": "2", "113": "1", "115": "3", "46": "1", "118": "2", "119": "2", "120": "1"}}