{"edges": [[1, 2], [2, 3], [2, 7], [3, 4], [4, 5], [5, 6], [6, 11], [6, 13], [7, 8], [8, 9], [9, 10], [10, 21], [10, 38], [11, 12], [12, 42], [12, 92], [13, 14], [14, 79], [14, 16], [16, 17], [17, 18], [18, 19], [19, 20], [20, 50], [20, 58], [21, 22], [22, 23], [23, 27], [23, 109], [24, 25], [25, 26], [26, 62], [26, 46], [27, 28], [28, 29], [29, 51], [29, 56], [30, 31], [31, 32], [33, 34], [35, 36], [36, 37], [38, 39], [40, 41], [41, 115], [41, 90], [42, 43], [43, 101], [43, 86], [46, 47], [47, 48], [48, 74], [48, 15], [51, 52], [52, 53], [54, 55], [56, 57], [58, 59], [59, 60], [60, 61], [61, 70], [61, 49], [62, 63], [63, 64], [64, 65], [65, 77], [65, 96], [66, 67], [67, 68], [68, 69], [69, 104], [69, 45], [70, 71], [71, 72], [72, 73], [73, 84], [73, 87], [74, 75], [77, 78], [78, 30], [78, 33], [80, 81], [82, 83], [84, 85], [87, 88], [88, 89], [89, 35], [89, 54], [90, 91], [92, 93], [93, 94], [94, 95], [95, 66], [96, 97], [97, 98], [99, 100], [101, 102], [102, 103], [103, 40], [103, 44], [104, 105], [105, 80], [105, 106], [106, 107], [107, 108], [108, 76], [108, 99], [109, 110], [110, 111], [111, 112], [112, 113], [113, 114], [114, 82], [114, 24], [115, 116], [116, 117]], "features": {"1": "1", "2": "3", "3": "2", "7": "2", "4": "2", "5": "2", "6": "3", "11": "2", "13": "2", "8": "2", "9": "2", "10": "3", "21": "2", "38": "2", "12": "3", "42": "2", "92": "2", "14": "3", "79": "1", "16": "2", "17": "2", "18": "2", "19": "2", "20": "3", "50": "1", "58": "2", "22": "2", "23": "3", "27": "2", "109": "2", "24": "2", "25": "2", "26": "3", "62": "2", "46": "2", "28": "2", "29": "3", "51": "2", "56": "2", "30": "2", "31": "2", "32": "1", "33": "2", "34": "1", "35": "2", "36": "2", "37": "1", "39": "1", "40": "2", "41": "3", "115": "2", "90": "2", "43": "3", "101": "2", "86": "1", "47": "2", "48": "3", "74": "2", "15": "1", "52": "2", "53": "1", "54": "2", "55": "1", "57": "1", "59": "2", "60": "2", "61": "3", "70": "2", "49": "1", "63": "2", "64": "2", "65": "3", "77": "2", "96": "2", "66": "2", "67": "2", "68": "2", "69": "3", "104": "2", "45": "1", "71": "2", "72": "2", "73": "3", "84": "2", "87": "2", "75": "1", "78": "3", "80": "2", "81": "1", "82": "2", "83": "1", "85": "1", "88": "2", "89": "3", "91": "1", "93": "2", "94": "2", "95": "2", "97": "2", "98": "1", "99": "2", "100": "1", "102": "2", "103": "3", "44": "1", "105": "3", "106": "2", "107": "2", "108": "3", "76": "1", "110": "2", "111": "2", "112": "2", "113": "2", "114": "3", "116": "2", "117": "1"}}