{"edges": [[1, 2], [2, 3], [2, 7], [3, 4], [4, 5], [5, 6], [6, 105], [6, 33], [7, 8], [8, 9], [9, 10], [10, 28], [10, 13], [11, 12], [13, 14], [14, 15], [15, 20], [15, 37], [16, 17], [17, 52], [17, 61], [20, 21], [21, 22], [23, 24], [24, 25], [26, 27], [28, 29], [29, 30], [30, 31], [31, 16], [31, 65], [33, 34], [34, 35], [35, 36], [36, 111], [36, 26], [37, 38], [38, 39], [39, 40], [40, 41], [41, 42], [42, 53], [42, 49], [43, 44], [44, 45], [45, 46], [46, 47], [47, 48], [49, 50], [50, 51], [51, 32], [51, 43], [53, 54], [54, 55], [55, 79], [55, 85], [56, 57], [58, 59], [59, 60], [60, 69], [60, 75], [61, 62], [62, 63], [63, 64], [65, 66], [66, 67], [67, 68], [68, 89], [68, 58], [69, 70], [70, 71], [71, 72], [72, 73], [75, 76], [76, 77], [78, 86], [78, 19], [79, 80], [80, 99], [80, 104], [81, 82], [82, 83], [83, 84], [84, 11], [84, 95], [87, 88], [89, 90], [90, 91], [91, 92], [92, 93], [93, 94], [94, 23], [94, 56], [95, 96], [96, 97], [97, 98], [99, 100], [100, 101], [101, 102], [102, 103], [105, 106], [106, 107], [107, 108], [108, 109], [109, 110], [110, 74], [110, 115], [111, 112], [112, 113], [113, 114], [114, 18], [114, 78], [115, 116], [116, 117], [117, 118], [118, 87], [118, 81]], "features": {"1": "1", "2": "3", "3": "2", "7": "2", "4": "2", "5": "2", "6": "3", "105": "2", "33": "2", "8": "2", "9": "2", "10": "3", "28": "2", "13": "2", "11": "2", "12": "1", "14": "2", "15": "3", "20": "2", "37": "2", "16": "2", "17": "3", "52": "1", "61": "2", "21": "2", "22": "1", "23": "2", "24": "2", "25": "1", "26": "2", "27": "1", "29": "2", "30": "2", "31": "3", "65": "2", "34": "2", "35": "2", "36": "3", "111": "2", "38": "2", "39": "2", "40": "2", "41": "2", "42": "3", "53": "2", "49": "2", "43": "2", "44": "2", "45": "2", "46": "2", "47": "2", "48": "1", "50": "2", "51": "3", "32": "1", "54": "2", "55": "3", "79": "2", "85": "1", "56": "2", "57": "1", "58": "2", "59": "2", "60": "3", "69": "2", "75": "2", "62": "2", "63": "2", "64": "1", "66": "2", "67": "2", "68": "3", "89": "2", "70": "2", "71": "2", "72": "2", "73": "1", "76": "2", "77": "1", "78": "3", "86": "1", "19": "1", "80": "3", "99": "2", "104": "1", "81": "2", "82": "2", "83": "2", "84": "3", "95": "2", "87": "2", "88": "1", "90": "2", "91": "2", "92": "2", "93": "2", "94": "3", "96": "2", "97": "2", "98": "1", "100": "2", "101": "2", "102": "2", "103": "1", "106": "2", "107": "2", "108": "2", "109": "2", "110": "3", "74": "1", "115": "2", "112": "2", "113": "2", "114": "3", "18": "1", "116": "2", "117": "2", "118": "3"}}