{"edges": [ [1, 2], [2, 3], [5, 6], [6, 7], [7, 8], [8, 9], [9, 10], [10, 11], [11, 47], [11, 13], [11, 31], [13, 14], [14, 15], [15, 16], [16, 17], [17, 18], [18, 19], [19, 20], [20, 21], [21, 22], [22, 23], [23, 24], [24, 25], [25, 26], [26, 27], [27, 28], [28, 29], [29, 30], [31, 32], [32, 33], [33, 34], [34, 35], [35, 36], [36, 37], [37, 38], [38, 39], [39, 40], [40, 41], [41, 42], [42, 43], [43, 44], [44, 45], [45, 46], [47, 48], [48, 49], [49, 50], [50, 51], [51, 52], [52, 53], [53, 54], [54, 55], [55, 56], [56, 57], [57, 58], [58, 59], [59, 60], [60, 61], [61, 62], [62, 63], [63, 64], [64, 65], [65, 66], [66, 67], [67, 68], [68, 69], [69, 70], [70, 71], [71, 72], [72, 73], [75, 76], [76, 77], [77, 79], [79, 80], [80, 81], [81, 109], [81, 83], [83, 84], [84, 85], [85, 86], [86, 87], [87, 88], [88, 89], [89, 90], [90, 91], [91, 92], [92, 93], [93, 94], [94, 95], [95, 96], [96, 97], [97, 98], [98, 99], [99, 100], [100, 101], [101, 102], [102, 103], [103, 104], [104, 105], [105, 106], [106, 107], [107, 108], [109, 110], [110, 111], [111, 112], [112, 113], [113, 114], [114, 115], [115, 116], [116, 117], [117, 118], [118, 119], [119, 120], [120, 121], [121, 122], [122, 123], [123, 124], [124, 125], [125, 126], [126, 127], [127, 128], [128, 129], [129, 130], [130, 131], [131, 132], [132, 133], [133, 134], [134, 135]], "features": {"1": "1", "2": "2", "3": "1", "5": "1", "6": "2", "7": "2", "8": "2", "9": "2", "10": "2", "11": "4", "47": "2", "13": "2", "31": "2", "14": "2", "15": "2", "16": "2", "17": "2", "18": "2", "19": "2", "20": "2", "21": "2", "22": "2", "23": "2", "24": "2", "25": "2", "26": "2", "27": "2", "28": "2", "29": "2", "30": "1", "32": "2", "33": "2", "34": "2", "35": "2", "36": "2", "37": "2", "38": "2", "39": "2", "40": "2", "41": "2", "42": "2", "43": "2", "44": "2", "45": "2", "46": "1", "48": "2", "49": "2", "50": "2", "51": "2", "52": "2", "53": "2", "54": "2", "55": "2", "56": "2", "57": "2", "58": "2", "59": "2", "60": "2", "61": "2", "62": "2", "63": "2", "64": "2", "65": "2", "66": "2", "67": "2", "68": "2", "69": "2", "70": "2", "71": "2", "72": "2", "73": "1", "75": "1", "76": "2", "77": "2", "79": "2", "80": "2", "81": "3", "109": "2", "83": "2", "84": "2", "85": "2", "86": "2", "87": "2", "88": "2", "89": "2", "90": "2", "91": "2", "92": "2", "93": "2", "94": "2", "95": "2", "96": "2", "97": "2", "98": "2", "99": "2", "100": "2", "101": "2", "102": "2", "103": "2", "104": "2", "105": "2", "106": "2", "107": "2", "108": "1", "110": "2", "111": "2", "112": "2", "113": "2", "114": "2", "115": "2", "116": "2", "117": "2", "118": "2", "119": "2", "120": "2", "121": "2", "122": "2", "123": "2", "124": "2", "125": "2", "126": "2", "127": "2", "128": "2", "129": "2", "130": "2", "131": "2", "132": "2", "133": "2", "134": "2", "135": "1"}}