{"edges": [[1, 2], [2, 13], [2, 19], [3, 61], [8, 127], [8, 99], [9, 100], [11, 18], [12, 16], [13, 60], [14, 122], [15, 89], [15, 43], [16, 27], [18, 86], [18, 110], [19, 49], [20, 38], [20, 124], [21, 26], [23, 31], [25, 15], [25, 5], [26, 35], [27, 32], [27, 41], [28, 33], [28, 50], [30, 34], [33, 100], [34, 73], [34, 36], [35, 56], [35, 79], [36, 40], [39, 42], [40, 3], [41, 46], [42, 52], [43, 51], [43, 6], [45, 68], [45, 21], [46, 59], [49, 57], [51, 96], [52, 111], [52, 23], [55, 58], [56, 63], [56, 79], [57, 95], [57, 106], [58, 65], [58, 67], [59, 64], [59, 11], [60, 24], [60, 71], [61, 66], [61, 70], [63, 30], [64, 122], [65, 73], [66, 78], [66, 70], [67, 77], [68, 90], [70, 73], [71, 88], [73, 76], [74, 93], [74, 39], [75, 38], [75, 124], [76, 83], [76, 20], [77, 82], [78, 87], [79, 84], [80, 126], [80, 119], [83, 47], [83, 12], [83, 54], [83, 75], [84, 92], [84, 14], [86, 91], [88, 45], [88, 97], [91, 28], [91, 104], [92, 102], [92, 108], [93, 131], [95, 98], [96, 113], [97, 109], [98, 107], [99, 69], [100, 25], [104, 4], [104, 9], [106, 114], [107, 45], [107, 97], [108, 115], [108, 120], [110, 117], [113, 118], [113, 81], [113, 133], [115, 38], [115, 124], [117, 121], [117, 125], [119, 8], [121, 128], [122, 7], [122, 80], [124, 74], [126, 103], [127, 129]], "features": {"1": "1", "2": "3", "13": "2", "19": "2", "3": "2", "61": "3", "8": "3", "127": "2", "99": "2", "9": "2", "100": "3", "11": "2", "18": "3", "12": "2", "16": "2", "60": "3", "14": "2", "122": "4", "15": "3", "89": "1", "43": "3", "27": "3", "86": "2", "110": "2", "49": "2", "20": "3", "38": "3", "124": "4", "21": "2", "26": "2", "23": "2", "31": "1", "25": "3", "5": "1", "35": "3", "32": "1", "41": "2", "28": "3", "33": "2", "50": "1", "30": "2", "34": "3", "73": "4", "36": "2", "56": "3", "79": "3", "40": "2", "39": "2", "42": "2", "46": "2", "52": "3", "51": "2", "6": "1", "45": "4", "68": "2", "59": "3", "57": "3", "96": "2", "111": "1", "55": "1", "58": "3", "63": "2", "95": "2", "106": "2", "65": "2", "67": "2", "64": "2", "24": "1", "71": "2", "66": "3", "70": "3", "78": "2", "77": "2", "90": "1", "88": "3", "76": "3", "74": "3", "93": "2", "75": "3", "83": "5", "82": "1", "87": "1", "84": "3", "80": "3", "126": "2", "119": "2", "47": "1", "54": "1", "92": "3", "91": "3", "97": "3", "104": "3", "102": "1", "108": "3", "131": "1", "98": "2", "113": "4", "109": "1", "107": "3", "69": "1", "4": "1", "114": "1", "115": "3", "120": "1", "117": "3", "118": "1", "81": "1", "133": "1", "121": "2", "125": "1", "128": "1", "7": "1", "103": "1", "129": "1"}}