{"edges": [[1, 2], [2, 3], [3, 9], [3, 13], [4, 14], [4, 32], [5, 39], [6, 21], [7, 19], [9, 66], [10, 28], [11, 24], [12, 40], [13, 18], [14, 27], [15, 58], [16, 33], [18, 68], [18, 25], [19, 53], [19, 71], [20, 41], [21, 38], [22, 7], [23, 61], [23, 16], [24, 69], [24, 50], [25, 6], [26, 4], [27, 29], [29, 62], [29, 37], [29, 63], [29, 10], [29, 70], [29, 5], [30, 65], [31, 34], [32, 49], [34, 54], [34, 60], [35, 29], [36, 29], [37, 44], [38, 26], [39, 67], [39, 55], [41, 56], [42, 64], [43, 59], [44, 52], [46, 57], [46, 11], [47, 45], [48, 8], [50, 12], [52, 29], [53, 42], [55, 43], [55, 48], [56, 17], [57, 30], [58, 36], [58, 22], [59, 15], [60, 1000], [60, 29], [61, 31], [62, 23], [63, 35], [64, 29], [67, 29], [67, 55], [69, 20], [70, 7], [70, 51], [72, 1000], [22, 47], [1000, 46], [1000, 24], [42, 72]], "features": {"1": "1", "2": "2", "3": "3", "9": "2", "13": "2", "4": "3", "14": "2", "32": "2", "5": "2", "39": "3", "6": "2", "21": "2", "7": "3", "19": "3", "66": "1", "10": "2", "28": "1", "11": "2", "24": "4", "12": "2", "40": "1", "18": "3", "27": "2", "15": "2", "58": "3", "16": "2", "33": "1", "68": "1", "25": "2", "53": "2", "71": "1", "20": "2", "41": "2", "38": "2", "22": "3", "23": "3", "61": "2", "69": "2", "50": "2", "26": "2", "29": "13", "62": "2", "37": "2", "63": "2", "70": "3", "30": "2", "65": "1", "31": "2", "34": "3", "49": "1", "54": "1", "60": "3", "35": "2", "36": "2", "44": "2", "67": "3", "55": "4", "56": "2", "42": "3", "64": "2", "43": "2", "59": "2", "52": "2", "46": "3", "57": "2", "47": "2", "45": "1", "48": "2", "8": "1", "17": "1", "1000": "4", "51": "1", "72": "2"}}