{"edges": [[1, 2], [2, 5], [3, 39], [4, 35], [4, 10], [5, 47], [6, 4], [7, 23], [7, 30], [7, 37], [8, 52], [9, 46], [10, 38], [11, 27], [12, 41], [13, 21], [14, 64], [15, 50], [16, 53], [17, 40], [18, 61], [19, 16], [22, 59], [23, 44], [24, 28], [25, 55], [27, 22], [28, 65], [29, 66], [30, 34], [31, 57], [32, 56], [34, 67], [35, 31], [36, 26], [37, 54], [38, 62], [39, 11], [39, 18], [40, 7], [41, 42], [42, 3], [43, 68], [44, 45], [45, 6], [46, 51], [47, 17], [48, 32], [49, 69], [50, 13], [51, 70], [52, 43], [53, 48], [54, 24], [55, 73], [57, 72], [58, 20], [59, 36], [60, 9], [61, 19], [63, 71], [64, 25], [65, 8], [65, 12], [66, 49], [67, 29], [68, 63], [68, 15], [69, 60], [69, 58], [71, 14], [72, 33]], "features": {"1": "1", "2": "2", "5": "2", "3": "2", "39": "3", "4": "3", "35": "2", "10": "2", "47": "2", "6": "2", "7": "4", "23": "2", "30": "2", "37": "2", "8": "2", "52": "2", "9": "2", "46": "2", "38": "2", "11": "2", "27": "2", "12": "2", "41": "2", "13": "2", "21": "1", "14": "2", "64": "2", "15": "2", "50": "2", "16": "2", "53": "2", "17": "2", "40": "2", "18": "2", "61": "2", "19": "2", "22": "2", "59": "2", "44": "2", "24": "2", "28": "2", "25": "2", "55": "2", "65": "3", "29": "2", "66": "2", "34": "2", "31": "2", "57": "2", "32": "2", "56": "1", "67": "2", "36": "2", "26": "1", "54": "2", "62": "1", "42": "2", "43": "2", "68": "3", "45": "2", "51": "2", "48": "2", "49": "2", "69": "3", "70": "1", "73": "1", "72": "2", "58": "2", "20": "1", "60": "2", "63": "2", "71": "2", "33": "1"}}