{"edges": [[0, 1], [1, 12], [1, 19], [12, 29], [19, 28], [19, 24], [24, 42], [24, 26], [26, 45], [26, 53], [28, 37], [29, 36], [29, 56], [36, 37], [37, 89], [42, 50], [45, 50], [50, 116], [53, 58], [56, 58], [58, 60], [58, 64], [60, 116], [64, 74], [64, 81], [74, 99], [74, 101], [81, 89], [101, 112], [101, 114], [114, 116]], "features": {"0": "1", "1": "3", "12": "2", "19": "3", "29": "3", "28": "2", "24": "3", "42": "2", "26": "3", "45": "2", "53": "2", "37": "3", "36": "2", "56": "2", "89": "2", "50": "3", "116": "3", "58": "4", "60": "2", "64": "3", "74": "3", "81": "2", "99": "1", "101": "3", "112": "1", "114": "2"}}