{"edges": [[1, 34], [1, 76], [2, 9], [2, 62], [3, 89], [4, 94], [5, 14], [5, 82], [6, 95], [7, 13], [8, 52], [8, 80], [8, 100], [9, 24], [9, 84], [10, 30], [10, 78], [11, 72], [12, 16], [13, 46], [13, 79], [14, 25], [14, 45], [16, 5], [16, 43], [17, 53], [18, 104], [20, 112], [21, 55], [21, 75], [23, 74], [24, 65], [25, 8], [25, 52], [25, 80], [25, 100], [26, 1], [27, 109], [27, 64], [28, 49], [28, 29], [29, 49], [29, 28], [31, 98], [31, 44], [32, 50], [32, 103], [33, 91], [34, 58], [35, 47], [35, 19], [36, 27], [37, 15], [37, 81], [38, 39], [38, 114], [39, 40], [40, 2], [40, 65], [41, 42], [42, 72], [42, 11], [43, 74], [44, 63], [44, 86], [45, 85], [46, 75], [46, 21], [46, 55], [47, 12], [47, 70], [48, 53], [49, 88], [49, 101], [50, 38], [50, 77], [52, 8], [52, 80], [52, 100], [53, 102], [53, 68], [54, 35], [54, 60], [55, 92], [55, 37], [56, 33], [57, 6], [57, 95], [58, 90], [58, 26], [59, 30], [59, 78], [60, 35], [61, 93], [61, 46], [62, 65], [63, 7], [63, 51], [64, 111], [65, 18], [65, 104], [66, 96], [67, 32], [69, 59], [70, 71], [71, 85], [71, 16], [72, 73], [73, 31], [73, 98], [73, 44], [74, 81], [74, 15], [75, 21], [75, 55], [76, 58], [77, 50], [77, 103], [78, 27], [78, 36], [9, 106], [9, 61], [80, 8], [80, 52], [80, 100], [81, 28], [82, 2], [83, 96], [84, 93], [84, 62], [85, 16], [86, 110], [86, 105], [87, 103], [87, 50], [88, 32], [88, 67], [89, 91], [89, 56], [90, 83], [90, 66], [91, 94], [92, 74], [92, 23], [93, 46], [93, 9], [94, 54], [94, 4], [95, 99], [96, 17], [96, 48], [97, 57], [98, 31], [98, 44], [99, 108], [99, 10], [100, 107], [100, 97], [100, 57], [101, 88], [102, 110], [102, 41], [103, 38], [103, 87], [104, 89], [104, 3], [106, 61], [107, 97], [108, 22], [108, 113], [108, 69], [109, 111], [110, 41], [111, 20], [112, 115], [113, 59], [114, 39]], "features": {"1": "3", "34": "2", "76": "2", "2": "4", "9": "6", "62": "3", "3": "2", "89": "4", "4": "2", "94": "4", "5": "3", "14": "3", "82": "2", "6": "2", "95": "3", "7": "2", "13": "3", "8": "6", "52": "6", "80": "6", "100": "7", "24": "2", "84": "3", "10": "3", "30": "2", "78": "4", "11": "2", "72": "3", "12": "2", "16": "5", "46": "6", "79": "1", "25": "5", "45": "2", "43": "2", "17": "2", "53": "4", "18": "2", "104": "4", "20": "2", "112": "2", "21": "4", "55": "5", "75": "4", "23": "2", "74": "5", "65": "5", "26": "2", "27": "4", "109": "2", "64": "2", "28": "4", "49": "4", "29": "3", "31": "4", "98": "4", "44": "5", "32": "4", "50": "5", "103": "5", "33": "2", "91": "3", "58": "4", "35": "4", "47": "3", "19": "1", "36": "2", "37": "3", "15": "2", "81": "3", "38": "4", "39": "3", "114": "2", "40": "3", "41": "3", "42": "3", "63": "3", "86": "3", "85": "3", "70": "2", "48": "2", "88": "4", "101": "2", "77": "3", "102": "3", "68": "1", "54": "3", "60": "2", "92": "3", "56": "2", "57": "4", "90": "3", "59": "4", "61": "4", "93": "4", "51": "1", "111": "3", "66": "2", "96": "4", "67": "2", "69": "2", "71": "3", "73": "4", "106": "2", "83": "2", "110": "3", "105": "1", "87": "3", "99": "3", "97": "3", "108": "4", "107": "2", "22": "1", "113": "2", "115": "1"}}