{"edges": [[1, 2], [2, 3], [3, 4], [4, 5], [5, 6], [6, 7], [7, 8], [8, 9], [9, 10], [10, 11], [11, 12], [12, 13], [13, 14], [14, 15], [15, 16], [16, 17], [17, 18], [18, 19], [18, 21], [18, 23], [19, 26], [21, 19], [23, 37], [23, 40], [26, 27], [27, 28], [28, 29], [29, 30], [30, 31], [31, 32], [32, 33], [33, 34], [34, 35], [35, 36], [36, 50], [36, 54], [37, 38], [38, 39], [39, 40], [40, 41], [41, 42], [42, 43], [43, 44], [44, 45], [45, 46], [46, 47], [47, 48], [48, 49], [49, 54], [50, 51], [51, 52], [52, 53], [54, 55], [55, 56], [56, 57], [56, 61], [57, 58], [58, 59], [59, 60], [60, 63], [60, 65], [61, 62], [62, 68], [62, 71], [63, 64], [65, 66], [66, 67], [67, 76], [68, 69], [69, 70], [70, 79], [71, 72], [72, 73], [73, 74], [74, 75], [76, 77], [77, 78], [78, 83], [78, 86], [79, 80], [80, 81], [81, 82], [82, 89], [82, 92], [83, 84], [83, 85], [86, 87], [87, 88], [88, 95], [88, 97], [88, 102], [89, 90], [90, 91], [92, 93], [93, 94], [94, 97], [94, 102], [95, 96], [96, 79], [97, 98], [98, 99], [99, 100], [100, 101], [101, 106], [102, 103], [103, 104], [104, 105], [105, 106], [106, 107], [107, 108], [108, 109], [109, 110], [109, 114], [110, 111], [111, 112], [112, 113], [114, 115], [115, 116], [116, 117], [117, 118], [117, 122], [118, 119], [119, 120], [120, 121], [122, 123], [123, 124], [124, 125]], "features": {"1": "1", "2": "2", "3": "2", "4": "2", "5": "2", "6": "2", "7": "2", "8": "2", "9": "2", "10": "2", "11": "2", "12": "2", "13": "2", "14": "2", "15": "2", "16": "2", "17": "2", "18": "4", "19": "3", "21": "2", "23": "3", "26": "2", "37": "2", "40": "3", "27": "2", "28": "2", "29": "2", "30": "2", "31": "2", "32": "2", "33": "2", "34": "2", "35": "2", "36": "3", "50": "2", "54": "3", "38": "2", "39": "2", "41": "2", "42": "2", "43": "2", "44": "2", "45": "2", "46": "2", "47": "2", "48": "2", "49": "2", "51": "2", "52": "2", "53": "1", "55": "2", "56": "3", "57": "2", "61": "2", "58": "2", "59": "2", "60": "3", "63": "2", "65": "2", "62": "3", "68": "2", "71": "2", "64": "1", "66": "2", "67": "2", "76": "2", "69": "2", "70": "2", "79": "3", "72": "2", "73": "2", "74": "2", "75": "1", "77": "2", "78": "3", "83": "3", "86": "2", "80": "2", "81": "2", "82": "3", "89": "2", "92": "2", "84": "1", "85": "1", "87": "2", "88": "4", "95": "2", "97": "3", "102": "3", "90": "2", "91": "1", "93": "2", "94": "3", "96": "2", "98": "2", "99": "2", "100": "2", "101": "2", "106": "3", "103": "2", "104": "2", "105": "2", "107": "2", "108": "2", "109": "3", "110": "2", "114": "2", "111": "2", "112": "2", "113": "1", "115": "2", "116": "2", "117": "3", "118": "2", "122": "2", "119": "2", "120": "2", "121": "1", "123": "2", "124": "2", "125": "1"}}