{"edges": [[1, 2], [2, 3], [3, 4], [3, 5], [4, 3], [5, 6], [6, 7], [6, 18], [7, 8], [7, 11], [8, 9], [8, 10], [9, 7], [10, 7], [11, 12], [12, 13], [12, 17], [13, 14], [13, 16], [14, 15], [16, 13], [17, 12], [18, 19], [18, 26], [19, 20], [20, 21], [20, 22], [21, 20], [22, 23], [23, 24], [23, 25], [24, 23], [26, 18]], "features": {"1": "1", "2": "2", "3": "4", "4": "2", "5": "2", "6": "3", "7": "5", "18": "4", "8": "3", "11": "2", "9": "2", "10": "2", "12": "4", "13": "4", "17": "2", "14": "2", "16": "2", "15": "1", "19": "2", "26": "2", "20": "4", "21": "2", "22": "2", "23": "4", "24": "2", "25": "1"}}