{"edges": [[1, 2], [2, 3], [3, 5], [3, 6], [3, 4], [4, 3], [5, 3], [6, 7], [7, 8], [8, 9], [8, 10], [8, 11], [10, 12], [11, 8], [12, 13], [12, 15], [13, 14], [14, 16], [16, 17], [17, 18], [17, 19], [17, 20], [18, 17], [19, 21], [19, 26], [19, 27], [20, 17], [21, 22], [22, 23], [22, 24], [22, 25], [24, 22], [26, 22]], "features": {"1": "1", "2": "2", "3": "6", "5": "2", "6": "2", "4": "2", "7": "2", "8": "5", "9": "1", "10": "2", "11": "2", "12": "3", "13": "2", "15": "1", "14": "2", "16": "2", "17": "6", "18": "2", "19": "4", "20": "2", "21": "2", "26": "2", "27": "1", "22": "6", "23": "1", "24": "2", "25": "1"}}