{"edges": [[1, 5], [2, 30], [3, 38], [4, 39], [5, 7], [5, 9], [7, 14], [7, 9], [8, 3], [8, 20], [9, 14], [9, 1], [10, 11], [11, 16], [11, 34], [12, 27], [13, 8], [13, 38], [14, 8], [14, 13], [14, 38], [15, 21], [15, 18], [16, 34], [17, 40], [18, 23], [19, 6], [19, 2], [20, 23], [21, 22], [22, 27], [23, 31], [23, 33], [24, 4], [24, 36], [25, 26], [27, 28], [28, 37], [28, 10], [29, 2], [29, 17], [31, 27], [32, 31], [33, 32], [34, 24], [35, 6], [35, 29], [36, 4], [37, 10], [38, 12], [38, 15], [38, 18], [39, 6], [39, 17], [40, 19], [40, 35]], "features": {"1": "2", "5": "3", "2": "3", "30": "1", "3": "2", "38": "6", "4": "3", "39": "3", "7": "3", "9": "4", "14": "5", "8": "4", "20": "2", "10": "3", "11": "3", "16": "2", "34": "3", "12": "2", "27": "4", "13": "3", "15": "3", "21": "2", "18": "3", "17": "3", "40": "3", "23": "4", "19": "3", "6": "3", "22": "2", "31": "3", "33": "2", "24": "3", "36": "2", "25": "1", "26": "1", "28": "3", "37": "2", "29": "3", "32": "2", "35": "3"}}