{"edges": [[0, 1], [1, 2], [2, 4], [2, 6], [3, 7], [3, 10], [4, 9], [5, 33], [6, 8], [6, 11], [7, 10], [7, 18], [8, 17], [8, 15], [8, 13], [8, 11], [9, 17], [9, 15], [9, 13], [9, 11], [10, 39], [10, 31], [11, 13], [11, 15], [11, 17], [12, 14], [13, 21], [13, 19], [13, 15], [13, 17], [13, 11], [14, 16], [14, 10], [15, 17], [15, 11], [15, 13], [16, 29], [16, 31], [17, 15], [17, 11], [17, 13], [18, 16], [19, 20], [20, 26], [20, 23], [21, 7], [21, 10], [22, 24], [22, 28], [23, 33], [23, 12], [24, 32], [25, 22], [25, 37], [25, 31], [25, 29], [26, 5], [26, 3], [28, 30], [28, 36], [28, 39], [29, 38], [29, 31], [29, 37], [30, 27], [31, 37], [31, 29], [33, 35], [33, 14], [35, 40], [35, 38], [36, 34], [37, 39], [37, 31], [37, 29], [37, 25], [38, 32], [39, 27], [40, 31], [40, 29]], "features": {"0": "1", "1": "2", "2": "3", "4": "2", "6": "3", "3": "3", "7": "4", "10": "6", "9": "5", "5": "2", "33": "4", "8": "5", "11": "9", "18": "2", "17": "8", "15": "8", "13": "10", "39": "4", "31": "8", "12": "2", "14": "4", "21": "3", "19": "2", "16": "4", "29": "8", "20": "3", "26": "3", "23": "3", "22": "3", "24": "2", "28": "4", "32": "2", "25": "5", "37": "7", "30": "2", "36": "2", "38": "3", "27": "2", "35": "3", "40": "3", "34": "1"}}