{"edges": [[1, 2], [1, 3], [2, 4], [3, 4], [4, 60], [4, 12], [4, 21], [5, 65], [5, 49], [6, 30], [7, 34], [8, 32], [8, 20], [9, 13], [9, 39], [10, 11], [10, 6], [11, 30], [12, 60], [13, 18], [14, 34], [15, 10], [16, 9], [17, 19], [18, 41], [19, 7], [19, 14], [20, 22], [21, 60], [22, 27], [22, 17], [23, 73], [23, 63], [24, 57], [25, 105], [25, 35], [26, 10], [27, 19], [28, 44], [28, 51], [30, 22], [30, 8], [31, 9], [31, 40], [32, 19], [33, 66], [33, 50], [34, 31], [34, 40], [34, 9], [35, 99], [35, 87], [36, 9], [37, 44], [37, 51], [38, 46], [38, 29], [39, 45], [39, 13], [40, 16], [40, 104], [40, 36], [41, 28], [41, 37], [41, 48], [42, 58], [43, 70], [43, 89], [43, 72], [44, 33], [44, 52], [45, 18], [46, 58], [47, 56], [47, 67], [48, 44], [48, 29], [49, 54], [49, 114], [50, 42], [50, 113], [51, 48], [52, 55], [52, 38], [53, 59], [54, 57], [55, 58], [56, 53], [57, 84], [57, 29], [58, 68], [58, 29], [59, 5], [59, 29], [60, 15], [60, 26], [61, 23], [61, 47], [62, 80], [62, 64], [63, 73], [64, 77], [64, 29], [65, 57], [66, 42], [66, 113], [67, 29], [67, 53], [68, 47], [68, 61], [69, 78], [69, 29], [70, 43], [70, 29], [71, 94], [71, 82], [71, 88], [72, 62], [72, 74], [73, 43], [74, 92], [74, 76], [75, 81], [76, 62], [77, 69], [78, 71], [78, 88], [78, 25], [79, 110], [79, 91], [79, 29], [80, 69], [81, 95], [82, 71], [83, 93], [84, 43], [85, 95], [86, 93], [87, 79], [88, 71], [88, 25], [89, 43], [91, 110], [92, 62], [93, 106], [93, 107], [94, 71], [95, 85], [95, 100], [95, 102], [95, 111], [96, 101], [96, 87], [97, 29], [98, 112], [98, 83], [99, 96], [99, 29], [100, 95], [100, 101], [102, 95], [103, 81], [103, 97], [104, 29], [105, 99], [106, 90], [107, 108], [107, 109], [108, 29], [109, 90], [110, 75], [110, 103], [111, 86], [111, 98], [112, 93], [113, 52], [114, 24], [114, 29]], "features": {"1": "2", "2": "2", "3": "2", "4": "5", "60": "5", "12": "2", "21": "2", "5": "3", "65": "2", "49": "3", "6": "2", "30": "4", "7": "2", "34": "5", "8": "3", "32": "2", "20": "2", "9": "6", "13": "3", "39": "3", "10": "4", "11": "2", "18": "3", "14": "2", "15": "2", "16": "2", "17": "2", "19": "5", "41": "4", "22": "4", "27": "2", "23": "3", "73": "3", "63": "2", "24": "2", "57": "5", "25": "4", "105": "2", "35": "3", "26": "2", "28": "3", "44": "5", "51": "3", "31": "3", "40": "5", "33": "3", "66": "3", "50": "3", "99": "4", "87": "3", "36": "2", "37": "3", "38": "3", "46": "2", "29": "15", "45": "2", "104": "2", "48": "4", "42": "3", "58": "5", "43": "7", "70": "3", "89": "2", "72": "3", "52": "4", "47": "4", "56": "2", "67": "3", "54": "2", "114": "3", "113": "3", "55": "2", "53": "3", "59": "3", "84": "2", "68": "3", "61": "3", "62": "5", "80": "2", "64": "3", "77": "2", "69": "4", "78": "4", "71": "7", "94": "2", "82": "2", "88": "4", "74": "3", "92": "2", "76": "2", "75": "2", "81": "3", "79": "4", "110": "4", "91": "2", "95": "8", "83": "2", "93": "5", "85": "2", "86": "2", "106": "2", "107": "3", "100": "3", "102": "2", "111": "3", "96": "3", "101": "2", "97": "2", "98": "3", "112": "2", "103": "3", "90": "2", "108": "2", "109": "2"}}