{"edges": [[1, 2], [2, 3], [3, 4], [4, 5], [5, 6], [6, 18], [6, 19], [7, 9], [9, 10], [11, 12], [12, 13], [13, 12], [12, 26], [14, 27], [17, 21], [17, 11], [17, 14], [19, 17], [20, 30], [24, 25], [25, 28], [26, 7], [26, 24], [26, 20], [26, 22], [27, 48], [27, 31], [28, 33], [28, 35], [30, 36], [30, 39], [31, 32], [32, 40], [33, 44], [33, 49], [35, 65], [36, 38], [38, 52], [38, 53], [38, 58], [39, 102], [39, 57], [40, 41], [41, 42], [40, 43], [42, 47], [42, 74], [43, 101], [43, 98], [44, 45], [45, 46], [46, 61], [46, 69], [49, 51], [51, 62], [53, 54], [54, 56], [56, 60], [62, 68], [62, 71], [62, 72], [65, 73], [65, 103], [66, 76], [66, 78], [68, 81], [68, 85], [69, 66], [74, 90], [74, 108], [78, 80], [80, 89], [80, 106], [81, 91], [83, 84], [84, 93], [89, 97], [89, 99], [93, 94], [95, 96], [97, 95], [99, 100], [100, 88], [103, 104], [104, 83], [104, 86]], "features": {"1": "1", "2": "2", "3": "2", "4": "2", "5": "2", "6": "3", "18": "1", "19": "2", "7": "2", "9": "2", "10": "1", "11": "2", "12": "4", "13": "2", "26": "5", "14": "2", "27": "3", "17": "4", "21": "1", "20": "2", "30": "3", "24": "2", "25": "2", "28": "3", "22": "1", "48": "1", "31": "2", "33": "3", "35": "2", "36": "2", "39": "3", "32": "2", "40": "3", "44": "2", "49": "2", "65": "3", "38": "4", "52": "1", "53": "2", "58": "1", "102": "1", "57": "1", "41": "2", "42": "3", "43": "3", "47": "1", "74": "3", "101": "1", "98": "1", "45": "2", "46": "3", "61": "1", "69": "2", "51": "2", "62": "4", "54": "2", "56": "2", "60": "1", "68": "3", "71": "1", "72": "1", "73": "1", "103": "2", "66": "3", "76": "1", "78": "2", "81": "2", "85": "1", "90": "1", "108": "1", "80": "3", "89": "3", "106": "1", "91": "1", "83": "2", "84": "2", "93": "2", "97": "2", "99": "2", "94": "1", "95": "2", "96": "1", "100": "2", "88": "1", "104": "3", "86": "1"}}