{"edges": [[1, 2], [2, 3], [3, 4], [3, 31], [4, 5], [5, 8], [5, 55], [6, 28], [7, 12], [7, 55], [7, 18], [8, 9], [9, 48], [10, 38], [11, 96], [12, 13], [13, 66], [14, 15], [15, 25], [16, 98], [17, 77], [18, 103], [20, 21], [21, 117], [22, 40], [23, 64], [24, 118], [26, 88], [26, 114], [27, 39], [28, 29], [29, 63], [31, 7], [32, 112], [34, 17], [35, 102], [36, 37], [37, 49], [39, 64], [39, 71], [40, 108], [45, 85], [48, 86], [49, 70], [49, 74], [50, 30], [52, 53], [53, 27], [53, 56], [53, 71], [54, 35], [55, 23], [56, 72], [58, 76], [58, 34], [61, 87], [63, 80], [64, 65], [65, 46], [65, 100], [66, 20], [66, 52], [67, 106], [67, 36], [69, 90], [69, 95], [70, 10], [71, 58], [71, 104], [72, 73], [73, 11], [73, 97], [74, 113], [75, 57], [76, 96], [77, 19], [77, 43], [81, 107], [82, 16], [82, 42], [83, 44], [85, 14], [85, 92], [86, 22], [86, 64], [90, 91], [91, 6], [91, 50], [92, 59], [96, 109], [97, 110], [98, 45], [100, 101], [101, 32], [101, 116], [102, 62], [102, 83], [103, 61], [103, 81], [104, 105], [105, 75], [108, 54], [108, 69], [109, 82], [112, 84], [113, 24], [113, 26], [114, 115], [115, 93], [116, 79], [117, 67]], "features": {"1": "1", "2": "2", "3": "3", "4": "2", "31": "2", "5": "3", "8": "2", "55": "3", "6": "2", "28": "2", "7": "4", "12": "2", "18": "2", "9": "2", "48": "2", "10": "2", "38": "1", "11": "2", "96": "3", "13": "2", "66": "3", "14": "2", "15": "2", "25": "1", "16": "2", "98": "2", "17": "2", "77": "3", "103": "3", "20": "2", "21": "2", "117": "2", "22": "2", "40": "2", "23": "2", "64": "4", "24": "2", "118": "1", "26": "3", "88": "1", "114": "2", "27": "2", "39": "3", "29": "2", "63": "2", "32": "2", "112": "2", "34": "2", "35": "2", "102": "3", "36": "2", "37": "2", "49": "3", "71": "4", "108": "3", "45": "2", "85": "3", "86": "3", "70": "2", "74": "2", "50": "2", "30": "1", "52": "2", "53": "4", "56": "2", "54": "2", "72": "2", "58": "3", "76": "2", "61": "2", "87": "1", "80": "1", "65": "3", "46": "1", "100": "2", "67": "3", "106": "1", "69": "3", "90": "2", "95": "1", "104": "2", "73": "3", "97": "2", "113": "3", "75": "2", "57": "1", "19": "1", "43": "1", "81": "2", "107": "1", "82": "3", "42": "1", "83": "2", "44": "1", "92": "2", "91": "3", "59": "1", "109": "2", "110": "1", "101": "3", "116": "2", "62": "1", "105": "2", "84": "1", "115": "2", "93": "1", "79": "1"}}