{"edges": [[5, 21], [6, 24], [7, 70], [8, 78], [10, 22], [12, 64], [12, 76], [13, 14], [14, 20], [14, 37], [16, 8], [17, 85], [18, 7], [20, 28], [20, 39], [20, 80], [21, 6], [22, 52], [22, 90], [23, 17], [24, 56], [28, 41], [29, 30], [30, 63], [30, 68], [31, 71], [33, 38], [33, 46], [34, 7], [36, 72], [36, 74], [37, 32], [38, 40], [38, 46], [41, 26], [41, 96], [42, 54], [44, 36], [46, 31], [46, 86], [48, 50], [49, 58], [50, 7], [51, 17], [51, 62], [54, 23], [54, 51], [56, 57], [57, 38], [57, 81], [58, 60], [60, 44], [63, 67], [64, 10], [66, 33], [66, 40], [67, 13], [68, 44], [70, 61], [71, 12], [71, 92], [74, 75], [75, 34], [75, 42], [78, 82], [78, 49], [80, 41], [81, 84], [84, 46], [84, 66], [85, 18], [85, 48], [86, 88], [88, 31], [90, 29], [92, 94], [94, 12], [96, 11], [96, 16]], "features": {"5": "1", "21": "2", "6": "2", "24": "2", "7": "4", "70": "2", "8": "2", "78": "3", "10": "2", "22": "3", "12": "4", "64": "2", "76": "1", "13": "2", "14": "3", "20": "4", "37": "2", "16": "2", "17": "3", "85": "3", "18": "2", "28": "2", "39": "1", "80": "2", "52": "1", "90": "2", "23": "2", "56": "2", "41": "4", "29": "2", "30": "3", "63": "2", "68": "2", "31": "3", "71": "3", "33": "3", "38": "4", "46": "5", "34": "2", "36": "3", "72": "1", "74": "2", "32": "1", "40": "2", "26": "1", "96": "3", "42": "2", "54": "3", "44": "3", "86": "2", "48": "2", "50": "2", "49": "2", "58": "2", "51": "3", "62": "1", "57": "3", "81": "2", "60": "2", "67": "2", "66": "3", "61": "1", "92": "2", "75": "3", "82": "1", "84": "3", "88": "2", "94": "2", "11": "1"}}