{"edges": [[5, 6], [6, 82], [8, 74], [9, 32], [10, 31], [12, 24], [12, 38], [12, 41], [16, 76], [17, 54], [17, 61], [17, 73], [18, 62], [18, 83], [20, 90], [22, 46], [23, 11], [23, 40], [24, 78], [26, 36], [27, 91], [28, 56], [28, 80], [29, 42], [29, 49], [30, 20], [31, 69], [32, 20], [34, 12], [36, 86], [40, 27], [41, 23], [42, 17], [44, 30], [46, 9], [46, 71], [48, 8], [48, 66], [49, 42], [50, 77], [50, 87], [52, 65], [52, 73], [53, 60], [56, 79], [57, 84], [60, 10], [60, 68], [62, 52], [64, 57], [65, 14], [69, 88], [70, 16], [70, 34], [71, 58], [72, 26], [73, 50], [76, 22], [76, 44], [77, 64], [78, 28], [79, 39], [79, 72], [82, 70], [83, 48], [88, 29], [90, 18], [91, 45], [91, 53]], "features": {"5": "1", "6": "2", "82": "2", "8": "2", "74": "1", "9": "2", "32": "2", "10": "2", "31": "2", "12": "4", "24": "2", "38": "1", "41": "2", "16": "2", "76": "3", "17": "4", "54": "1", "61": "1", "73": "3", "18": "3", "62": "2", "83": "2", "20": "3", "90": "2", "22": "2", "46": "3", "23": "3", "11": "1", "40": "2", "78": "2", "26": "2", "36": "2", "27": "2", "91": "3", "28": "3", "56": "2", "80": "1", "29": "3", "42": "3", "49": "2", "30": "2", "69": "2", "34": "2", "86": "1", "44": "2", "71": "2", "48": "3", "66": "1", "50": "3", "77": "2", "87": "1", "52": "3", "65": "2", "53": "2", "60": "3", "79": "3", "57": "2", "84": "1", "68": "1", "64": "2", "14": "1", "88": "2", "70": "3", "58": "1", "72": "2", "39": "1", "45": "1"}}