{"edges": [[1, 2], [2, 3], [3, 4], [4, 5], [5, 48], [6, 18], [7, 15], [8, 17], [8, 56], [9, 44], [10, 40], [11, 70], [12, 29], [14, 62], [15, 65], [16, 76], [17, 63], [18, 28], [20, 33], [21, 74], [22, 59], [23, 19], [25, 32], [25, 60], [26, 45], [27, 54], [28, 78], [29, 79], [30, 21], [31, 81], [32, 10], [33, 35], [33, 64], [34, 71], [35, 75], [35, 16], [37, 58], [38, 52], [38, 57], [39, 7], [39, 14], [40, 12], [41, 66], [42, 37], [43, 72], [44, 50], [45, 86], [46, 80], [47, 27], [48, 30], [50, 84], [51, 42], [52, 6], [54, 34], [54, 67], [55, 23], [56, 11], [57, 46], [58, 43], [58, 73], [60, 85], [62, 41], [63, 9], [64, 39], [65, 26], [66, 51], [66, 22], [70, 25], [71, 38], [72, 82], [74, 8], [75, 47], [76, 61], [79, 87], [80, 31], [81, 68], [82, 88], [84, 20], [87, 55]], "features": {"1": "1", "2": "2", "3": "2", "4": "2", "5": "2", "48": "2", "6": "2", "18": "2", "7": "2", "15": "2", "8": "3", "17": "2", "56": "2", "9": "2", "44": "2", "10": "2", "40": "2", "11": "2", "70": "2", "12": "2", "29": "2", "14": "2", "62": "2", "65": "2", "16": "2", "76": "2", "63": "2", "28": "2", "20": "2", "33": "3", "21": "2", "74": "2", "22": "2", "59": "1", "23": "2", "19": "1", "25": "3", "32": "2", "60": "2", "26": "2", "45": "2", "27": "2", "54": "3", "78": "1", "79": "2", "30": "2", "31": "2", "81": "2", "35": "3", "64": "2", "34": "2", "71": "2", "75": "2", "37": "2", "58": "3", "38": "3", "52": "2", "57": "2", "39": "3", "41": "2", "66": "3", "42": "2", "43": "2", "72": "2", "50": "2", "86": "1", "46": "2", "80": "2", "47": "2", "84": "2", "51": "2", "67": "1", "55": "2", "73": "1", "85": "1", "82": "2", "61": "1", "87": "2", "68": "1", "88": "1"}}