{"edges": [[1, 2], [2, 4], [4, 5], [5, 15], [6, 10], [6, 28], [7, 21], [8, 33], [9, 35], [10, 53], [11, 61], [12, 37], [13, 49], [14, 62], [15, 46], [16, 48], [17, 82], [18, 52], [20, 64], [20, 54], [21, 69], [22, 12], [22, 60], [23, 18], [24, 42], [24, 32], [25, 34], [26, 31], [28, 81], [29, 41], [31, 55], [32, 39], [33, 67], [35, 11], [35, 24], [36, 75], [37, 47], [38, 25], [39, 83], [40, 23], [40, 50], [41, 57], [42, 26], [42, 38], [43, 7], [44, 6], [46, 70], [49, 40], [50, 14], [52, 66], [53, 29], [54, 22], [55, 68], [57, 65], [57, 71], [58, 9], [59, 77], [60, 16], [61, 13], [62, 72], [64, 74], [64, 27], [66, 20], [67, 73], [68, 36], [68, 59], [70, 58], [71, 80], [73, 44], [75, 84], [77, 17], [81, 43], [82, 51], [83, 78], [84, 8]], "features": {"1": "1", "2": "2", "4": "2", "5": "2", "15": "2", "6": "3", "10": "2", "28": "2", "7": "2", "21": "2", "8": "2", "33": "2", "9": "2", "35": "3", "53": "2", "11": "2", "61": "2", "12": "2", "37": "2", "13": "2", "49": "2", "14": "2", "62": "2", "46": "2", "16": "2", "48": "1", "17": "2", "82": "2", "18": "2", "52": "2", "20": "3", "64": "3", "54": "2", "69": "1", "22": "3", "60": "2", "23": "2", "24": "3", "42": "3", "32": "2", "25": "2", "34": "1", "26": "2", "31": "2", "81": "2", "29": "2", "41": "2", "55": "2", "39": "2", "67": "2", "36": "2", "75": "2", "47": "1", "38": "2", "83": "2", "40": "3", "50": "2", "57": "3", "43": "2", "44": "2", "70": "2", "66": "2", "68": "3", "65": "1", "71": "2", "58": "2", "59": "2", "77": "2", "72": "1", "74": "1", "27": "1", "73": "2", "80": "1", "84": "2", "51": "1", "78": "1"}}