{"edges": [[1, 2], [2, 7], [2, 4], [4, 8], [5, 22], [5, 31], [7, 27], [7, 4], [8, 13], [8, 16], [9, 11], [9, 14], [10, 29], [10, 15], [11, 5], [13, 10], [15, 85], [16, 18], [16, 20], [18, 21], [20, 34], [21, 43], [21, 41], [22, 36], [22, 38], [24, 25], [25, 30], [25, 33], [26, 42], [27, 9], [27, 11], [29, 26], [29, 15], [31, 37], [31, 22], [33, 21], [34, 19], [34, 24], [36, 44], [38, 51], [38, 53], [39, 36], [41, 50], [42, 49], [42, 54], [43, 46], [44, 45], [45, 89], [46, 75], [48, 77], [49, 55], [50, 61], [50, 57], [51, 83], [51, 80], [53, 90], [53, 39], [55, 59], [55, 60], [57, 64], [57, 62], [59, 87], [61, 72], [61, 78], [62, 95], [63, 71], [64, 75], [67, 74], [67, 91], [69, 73], [73, 94], [73, 79], [74, 93], [75, 98], [77, 82], [78, 95], [79, 96], [80, 68], [80, 66], [82, 84], [82, 86], [83, 48], [84, 32], [85, 38], [85, 27], [87, 63], [87, 56], [89, 67], [89, 69], [90, 39], [90, 51], [93, 99]], "features": {"1": "1", "2": "3", "7": "3", "4": "3", "8": "3", "5": "3", "22": "4", "31": "3", "27": "4", "13": "2", "16": "3", "9": "3", "11": "3", "14": "1", "10": "3", "29": "3", "15": "3", "85": "3", "18": "2", "20": "2", "21": "4", "34": "3", "43": "2", "41": "2", "36": "3", "38": "4", "24": "2", "25": "3", "30": "1", "33": "2", "26": "2", "42": "3", "37": "1", "19": "1", "44": "2", "51": "4", "53": "3", "39": "3", "50": "3", "49": "2", "54": "1", "46": "2", "45": "2", "89": "3", "75": "3", "48": "2", "77": "2", "55": "3", "61": "3", "57": "3", "83": "2", "80": "3", "90": "3", "59": "2", "60": "1", "64": "2", "62": "2", "87": "3", "72": "1", "78": "2", "95": "2", "63": "2", "71": "1", "67": "3", "74": "2", "91": "1", "69": "2", "73": "3", "94": "1", "79": "2", "93": "2", "98": "1", "82": "3", "96": "1", "68": "1", "66": "1", "84": "2", "86": "1", "32": "1", "56": "1", "99": "1"}}