{"edges": [[1, 3], [3, 6], [3, 9], [4, 87], [5, 44], [5, 53], [6, 12], [6, 18], [7, 56], [7, 91], [9, 5], [9, 70], [10, 29], [11, 41], [11, 89], [12, 20], [12, 39], [13, 55], [13, 57], [14, 22], [16, 99], [16, 35], [18, 14], [18, 41], [20, 34], [22, 86], [23, 66], [23, 76], [24, 42], [24, 63], [25, 28], [27, 50], [28, 96], [29, 30], [30, 32], [32, 51], [32, 90], [34, 13], [34, 25], [36, 79], [36, 28], [37, 27], [37, 58], [39, 87], [39, 28], [40, 46], [40, 93], [40, 101], [41, 47], [43, 37], [43, 98], [44, 100], [44, 33], [47, 36], [47, 79], [50, 68], [51, 69], [53, 64], [56, 16], [56, 24], [61, 11], [63, 16], [63, 42], [64, 4], [64, 59], [66, 85], [66, 77], [68, 81], [70, 61], [70, 23], [71, 19], [71, 17], [74, 65], [74, 54], [76, 82], [79, 10], [80, 54], [81, 94], [81, 48], [82, 40], [82, 75], [84, 95], [85, 11], [86, 43], [87, 7], [89, 71], [96, 62], [96, 84], [99, 73], [100, 74], [100, 80]], "features": {"1": "1", "3": "3", "6": "3", "9": "3", "4": "2", "87": "3", "5": "3", "44": "3", "53": "2", "12": "3", "18": "3", "7": "3", "56": "3", "91": "1", "70": "3", "10": "2", "29": "2", "11": "4", "41": "3", "89": "2", "20": "2", "39": "3", "13": "3", "55": "1", "57": "1", "14": "2", "22": "2", "16": "4", "99": "2", "35": "1", "34": "3", "86": "2", "23": "3", "66": "3", "76": "2", "24": "3", "42": "2", "63": "3", "25": "2", "28": "4", "27": "2", "50": "2", "96": "3", "30": "2", "32": "3", "51": "2", "90": "1", "36": "3", "79": "3", "37": "3", "58": "1", "40": "4", "46": "1", "93": "1", "101": "1", "47": "3", "43": "3", "98": "1", "100": "3", "33": "1", "68": "2", "69": "1", "64": "3", "61": "2", "59": "1", "85": "2", "77": "1", "81": "3", "71": "3", "19": "1", "17": "1", "74": "3", "65": "1", "54": "2", "82": "3", "80": "2", "94": "1", "48": "1", "75": "1", "84": "2", "95": "1", "62": "1", "73": "1"}}