{"edges": [[1, 2], [2, 3], [3, 5], [3, 10], [3, 7], [5, 6], [6, 12], [6, 23], [7, 9], [9, 66], [9, 18], [10, 16], [12, 13], [13, 15], [15, 78], [15, 20], [16, 17], [17, 24], [17, 74], [20, 21], [21, 22], [23, 68], [23, 81], [24, 30], [24, 88], [24, 25], [25, 87], [25, 97], [26, 28], [28, 31], [28, 4], [29, 35], [29, 87], [30, 40], [30, 117], [31, 32], [32, 56], [32, 43], [32, 33], [33, 34], [34, 39], [34, 49], [35, 37], [37, 38], [38, 45], [38, 99], [40, 42], [42, 51], [42, 64], [43, 44], [45, 47], [47, 48], [48, 58], [48, 71], [49, 50], [51, 52], [52, 54], [54, 55], [56, 57], [58, 59], [59, 60], [60, 61], [61, 63], [66, 67], [67, 26], [67, 76], [68, 70], [71, 72], [72, 73], [74, 75], [75, 82], [76, 85], [76, 90], [76, 77], [82, 83], [83, 84], [84, 113], [84, 115], [85, 86], [87, 89], [87, 98], [88, 100], [88, 105], [92, 93], [94, 96], [98, 92], [98, 94], [99, 104], [99, 111], [100, 101], [101, 102], [102, 103], [105, 106], [107, 109], [111, 112], [113, 114], [115, 116], [117, 107], [117, 110]], "features": {"1": "1", "2": "2", "3": "4", "5": "2", "10": "2", "7": "2", "6": "3", "12": "2", "23": "3", "9": "3", "66": "2", "18": "1", "16": "2", "13": "2", "15": "3", "78": "1", "20": "2", "17": "3", "24": "4", "74": "2", "21": "2", "22": "1", "68": "2", "81": "1", "30": "3", "88": "3", "25": "3", "87": "4", "97": "1", "26": "2", "28": "3", "31": "2", "4": "1", "29": "2", "35": "2", "40": "2", "117": "3", "32": "4", "56": "2", "43": "2", "33": "2", "34": "3", "39": "1", "49": "2", "37": "2", "38": "3", "45": "2", "99": "3", "42": "3", "51": "2", "64": "1", "44": "1", "47": "2", "48": "3", "58": "2", "71": "2", "50": "1", "52": "2", "54": "2", "55": "1", "57": "1", "59": "2", "60": "2", "61": "2", "63": "1", "67": "3", "76": "4", "70": "1", "72": "2", "73": "1", "75": "2", "82": "2", "85": "2", "90": "1", "77": "1", "83": "2", "84": "3", "113": "2", "115": "2", "86": "1", "89": "1", "98": "3", "100": "2", "105": "2", "92": "2", "93": "1", "94": "2", "96": "1", "104": "1", "111": "2", "101": "2", "102": "2", "103": "1", "106": "1", "107": "2", "109": "1", "112": "1", "114": "1", "116": "1", "110": "1"}}