{"edges": [[1, 2], [2, 3], [3, 4], [4, 5], [5, 6], [6, 7], [7, 8], [8, 9], [9, 10], [10, 11], [11, 12], [12, 13], [13, 14], [14, 1400], [14, 17], [18, 19], [19, 20], [20, 21], [21, 22], [22, 23], [23, 24], [24, 2400], [24, 26], [27, 28], [28, 29], [29, 30], [30, 31], [31, 32], [32, 33], [33, 3300], [33, 35], [36, 37], [37, 38], [38, 39], [39, 40], [40, 4000], [40, 42], [43, 44], [44, 45], [45, 46], [46, 47], [47, 48], [48, 4800], [48, 50], [51, 52], [52, 53], [53, 54], [54, 55], [55, 56], [56, 57], [57, 58], [58, 5800], [58, 60], [61, 62], [62, 63], [63, 64], [64, 65], [65, 66], [66, 67], [67, 68], [68, 6800], [68, 70], [71, 72], [72, 73], [73, 74], [74, 75], [75, 7500], [75, 77], [78, 79], [79, 80], [80, 81], [81, 82], [82, 83], [83, 8300], [83, 85], [86, 87], [87, 88], [88, 89], [89, 90], [90, 91], [91, 92], [92, 9200], [92, 95]], "features": {"1": "1", "2": "2", "3": "2", "4": "2", "5": "2", "6": "2", "7": "2", "8": "2", "9": "2", "10": "2", "11": "2", "12": "2", "13": "2", "14": "3", "1400": "1", "17": "1", "18": "1", "19": "2", "20": "2", "21": "2", "22": "2", "23": "2", "24": "3", "2400": "1", "26": "1", "27": "1", "28": "2", "29": "2", "30": "2", "31": "2", "32": "2", "33": "3", "3300": "1", "35": "1", "36": "1", "37": "2", "38": "2", "39": "2", "40": "3", "4000": "1", "42": "1", "43": "1", "44": "2", "45": "2", "46": "2", "47": "2", "48": "3", "4800": "1", "50": "1", "51": "1", "52": "2", "53": "2", "54": "2", "55": "2", "56": "2", "57": "2", "58": "3", "5800": "1", "60": "1", "61": "1", "62": "2", "63": "2", "64": "2", "65": "2", "66": "2", "67": "2", "68": "3", "6800": "1", "70": "1", "71": "1", "72": "2", "73": "2", "74": "2", "75": "3", "7500": "1", "77": "1", "78": "1", "79": "2", "80": "2", "81": "2", "82": "2", "83": "3", "8300": "1", "85": "1", "86": "1", "87": "2", "88": "2", "89": "2", "90": "2", "91": "2", "92": "3", "9200": "1", "95": "1"}}