{"edges": [[1, 2], [2, 3], [3, 4], [4, 5], [5, 6], [6, 7], [7, 8], [8, 9], [9, 10], [10, 11], [11, 12], [12, 1200], [12, 15], [16, 17], [17, 18], [18, 19], [19, 20], [20, 21], [21, 22], [22, 2200], [22, 24], [25, 26], [26, 27], [27, 28], [28, 29], [29, 30], [30, 31], [31, 32], [32, 3200], [32, 34], [35, 36], [36, 37], [37, 38], [38, 39], [39, 40], [40, 41], [41, 4100], [41, 43], [44, 45], [45, 46], [46, 47], [47, 48], [48, 49], [49, 50], [50, 5000], [50, 52], [53, 54], [54, 55], [55, 56], [56, 57], [57, 58], [58, 59], [59, 60], [60, 6000], [60, 62], [63, 64], [64, 65], [65, 66], [66, 67], [67, 68], [68, 6800], [68, 70], [71, 72], [72, 73], [73, 74], [74, 75], [75, 76], [76, 77], [77, 78], [78, 7800], [78, 80], [81, 82], [82, 83], [83, 84], [84, 85], [85, 86], [86, 8600], [86, 88], [89, 90], [90, 91], [91, 92], [92, 93], [93, 94], [94, 95], [95, 96], [95, 98]], "features": {"1": "1", "2": "2", "3": "2", "4": "2", "5": "2", "6": "2", "7": "2", "8": "2", "9": "2", "10": "2", "11": "2", "12": "3", "1200": "1", "15": "1", "16": "1", "17": "2", "18": "2", "19": "2", "20": "2", "21": "2", "22": "3", "2200": "1", "24": "1", "25": "1", "26": "2", "27": "2", "28": "2", "29": "2", "30": "2", "31": "2", "32": "3", "3200": "1", "34": "1", "35": "1", "36": "2", "37": "2", "38": "2", "39": "2", "40": "2", "41": "3", "4100": "1", "43": "1", "44": "1", "45": "2", "46": "2", "47": "2", "48": "2", "49": "2", "50": "3", "5000": "1", "52": "1", "53": "1", "54": "2", "55": "2", "56": "2", "57": "2", "58": "2", "59": "2", "60": "3", "6000": "1", "62": "1", "63": "1", "64": "2", "65": "2", "66": "2", "67": "2", "68": "3", "6800": "1", "70": "1", "71": "1", "72": "2", "73": "2", "74": "2", "75": "2", "76": "2", "77": "2", "78": "3", "7800": "1", "80": "1", "81": "1", "82": "2", "83": "2", "84": "2", "85": "2", "86": "3", "8600": "1", "88": "1", "89": "1", "90": "2", "91": "2", "92": "2", "93": "2", "94": "2", "95": "3", "96": "1", "98": "1"}}