{"edges": [[1, 2], [2, 4], [4, 5], [5, 6], [6, 7], [7, 8], [8, 800], [8, 9], [9, 10], [11, 12], [12, 13], [13, 14], [14, 15], [15, 1500], [15, 17], [17, 18], [19, 20], [20, 21], [21, 22], [22, 23], [23, 24], [24, 26], [26, 2600], [26, 27], [27, 28], [29, 30], [30, 31], [31, 32], [32, 34], [34, 35], [35, 3500], [35, 37], [37, 36], [38, 39], [39, 40], [40, 41], [41, 42], [42, 43], [43, 44], [44, 4400], [44, 45], [45, 46], [47, 48], [48, 49], [49, 50], [50, 51], [51, 52], [52, 53], [53, 55], [55, 5500], [55, 57], [57, 56], [58, 59], [59, 60], [60, 61], [61, 62], [62, 64], [64, 6400], [64, 65], [66, 67], [67, 68], [68, 69], [69, 70], [70, 71], [71, 7100], [71, 73], [73, 74]], "features": {"1": "1", "2": "2", "4": "2", "5": "2", "6": "2", "7": "2", "8": "3", "800": "1", "9": "2", "10": "1", "11": "1", "12": "2", "13": "2", "14": "2", "15": "3", "1500": "1", "17": "2", "18": "1", "19": "1", "20": "2", "21": "2", "22": "2", "23": "2", "24": "2", "26": "3", "2600": "1", "27": "2", "28": "1", "29": "1", "30": "2", "31": "2", "32": "2", "34": "2", "35": "3", "3500": "1", "37": "2", "36": "1", "38": "1", "39": "2", "40": "2", "41": "2", "42": "2", "43": "2", "44": "3", "4400": "1", "45": "2", "46": "1", "47": "1", "48": "2", "49": "2", "50": "2", "51": "2", "52": "2", "53": "2", "55": "3", "5500": "1", "57": "2", "56": "1", "58": "1", "59": "2", "60": "2", "61": "2", "62": "2", "64": "3", "6400": "1", "65": "1", "66": "1", "67": "2", "68": "2", "69": "2", "70": "2", "71": "3", "7100": "1", "73": "2", "74": "1"}}