{"edges": [[1, 2], [1, 3], [1, 4], [2, 5], [2, 6], [2, 7], [3, 8], [3, 9], [4, 10], [4, 11], [5, 12], [5, 13], [6, 5], [6, 3], [6, 14], [7, 15], [7, 16], [7, 17], [8, 18], [8, 19], [9, 20], [9, 15], [10, 21], [10, 22], [11, 23], [11, 24], [12, 25], [12, 26], [13, 20], [14, 27], [14, 28], [15, 29], [15, 30], [17, 20], [17, 31], [18, 32], [18, 33], [18, 34], [20, 35], [20, 23], [22, 20], [22, 15], [22, 18], [24, 14], [24, 15], [24, 36], [25, 37], [25, 38], [27, 39], [27, 40], [28, 41], [28, 42], [28, 43], [31, 44], [31, 45], [31, 46], [41, 42], [41, 43]], "features": {"1": "3", "2": "4", "3": "4", "4": "3", "5": "4", "6": "4", "7": "4", "8": "3", "9": "3", "10": "3", "11": "3", "12": "3", "13": "2", "14": "4", "15": "6", "16": "1", "17": "3", "18": "5", "19": "1", "20": "6", "21": "1", "22": "4", "23": "2", "24": "4", "25": "3", "26": "1", "27": "3", "28": "4", "29": "1", "30": "1", "31": "4", "32": "1", "33": "1", "34": "1", "35": "1", "36": "1", "37": "1", "38": "1", "39": "1", "40": "1", "41": "3", "42": "2", "43": "2", "44": "1", "45": "1", "46": "1"}}