{"edges": [[1, 2], [1, 3], [2, 6], [2, 7], [3, 4], [3, 3], [4, 10], [4, 11], [5, 9], [5, 12], [6, 8], [6, 10], [8, 13], [8, 14], [9, 14], [11, 16], [12, 16], [12, 17], [13, 16], [14, 15], [14, 16], [16, 18], [16, 19], [16, 20], [18, 21], [18, 22], [20, 22]], "features": {"1": "2", "2": "3", "3": "4", "6": "3", "7": "1", "4": "3", "10": "2", "11": "2", "5": "2", "9": "2", "12": "3", "8": "3", "13": "2", "14": "4", "16": "7", "17": "1", "15": "1", "18": "3", "19": "1", "20": "2", "21": "1", "22": "2"}}