{"edges": [[2, 3], [3, 4], [4, 5], [5, 6], [6, 7], [7, 9], [9, 10], [9, 12], [10, 11], [11, 14], [11, 16], [12, 13], [13, 18], [13, 20], [14, 15], [15, 22], [15, 24], [16, 17], [17, 28], [17, 30], [18, 19], [19, 40], [19, 42], [20, 21], [21, 44], [21, 46], [22, 23], [23, 48], [23, 50], [24, 26], [26, 27], [27, 51], [27, 52], [28, 29], [29, 32], [29, 36], [30, 31], [31, 37], [31, 38], [32, 34], [34, 35], [35, 53], [35, 54], [38, 39], [40, 41], [41, 56], [41, 58], [42, 43], [43, 60], [43, 61], [44, 45], [45, 64], [45, 65], [46, 47], [47, 66], [47, 68], [48, 49], [54, 55], [55, 69], [55, 70], [56, 57], [57, 71], [57, 72], [58, 59], [61, 62], [62, 63], [65, 74], [65, 76], [66, 67], [67, 84], [67, 86], [74, 75], [75, 78], [75, 79], [76, 77], [77, 80], [77, 81], [81, 82], [81, 83], [84, 85], [85, 87], [85, 89], [87, 88]], "features": {"2": "1", "3": "2", "4": "2", "5": "2", "6": "2", "7": "2", "9": "3", "10": "2", "12": "2", "11": "3", "14": "2", "16": "2", "13": "3", "18": "2", "20": "2", "15": "3", "22": "2", "24": "2", "17": "3", "28": "2", "30": "2", "19": "3", "40": "2", "42": "2", "21": "3", "44": "2", "46": "2", "23": "3", "48": "2", "50": "1", "26": "2", "27": "3", "51": "1", "52": "1", "29": "3", "32": "2", "36": "1", "31": "3", "37": "1", "38": "2", "34": "2", "35": "3", "53": "1", "54": "2", "39": "1", "41": "3", "56": "2", "58": "2", "43": "3", "60": "1", "61": "2", "45": "3", "64": "1", "65": "3", "47": "3", "66": "2", "68": "1", "49": "1", "55": "3", "69": "1", "70": "1", "57": "3", "71": "1", "72": "1", "59": "1", "62": "2", "63": "1", "74": "2", "76": "2", "67": "3", "84": "2", "86": "1", "75": "3", "78": "1", "79": "1", "77": "3", "80": "1", "81": "3", "82": "1", "83": "1", "85": "3", "87": "2", "89": "1", "88": "1"}}