{"edges": [[1, 7], [1, 50], [2, 14], [2, 8], [3, 27], [4, 2], [5, 3], [5, 15], [6, 43], [6, 36], [7, 19], [7, 30], [10, 16], [12, 4], [12, 18], [13, 49], [14, 45], [15, 21], [15, 9], [19, 38], [19, 25], [21, 27], [24, 12], [25, 37], [26, 38], [27, 22], [27, 10], [29, 24], [29, 33], [30, 37], [31, 26], [32, 5], [32, 17], [33, 12], [34, 41], [35, 42], [37, 34], [38, 39], [38, 47], [39, 48], [40, 35], [41, 13], [41, 46], [42, 28], [42, 32], [42, 23], [42, 11], [43, 29], [44, 35], [45, 38], [48, 40], [48, 44], [49, 6], [50, 7]], "features": {"1": "2", "7": "4", "50": "2", "2": "3", "14": "2", "8": "1", "3": "2", "27": "4", "4": "2", "5": "3", "15": "3", "6": "3", "43": "2", "36": "1", "19": "3", "30": "2", "10": "2", "16": "1", "12": "4", "18": "1", "13": "2", "49": "2", "45": "2", "21": "2", "9": "1", "38": "5", "25": "2", "24": "2", "37": "3", "26": "2", "22": "1", "29": "3", "33": "2", "31": "1", "32": "3", "17": "1", "34": "2", "41": "3", "35": "3", "42": "5", "39": "2", "47": "1", "48": "3", "40": "2", "46": "1", "28": "1", "23": "1", "11": "1", "44": "2"}}