{"edges": [[1, 2], [2, 9], [2, 5], [4, 18], [4, 29], [5, 11], [5, 13], [6, 16], [6, 17], [7, 49], [9, 6], [9, 10], [10, 4], [10, 12], [11, 20], [11, 22], [12, 36], [13, 33], [13, 24], [14, 53], [14, 38], [16, 55], [16, 27], [17, 51], [17, 28], [18, 32], [18, 35], [20, 21], [21, 43], [22, 45], [24, 46], [27, 48], [27, 52], [29, 7], [30, 31], [33, 19], [33, 23], [36, 14], [36, 54], [36, 30], [40, 41], [43, 39], [46, 47], [54, 40], [54, 37]], "features": {"1": "1", "2": "3", "9": "3", "5": "3", "4": "3", "18": "3", "29": "2", "11": "3", "13": "3", "6": "3", "16": "3", "17": "3", "7": "2", "49": "1", "10": "3", "12": "2", "20": "2", "22": "2", "36": "4", "33": "3", "24": "2", "14": "3", "53": "1", "38": "1", "55": "1", "27": "3", "51": "1", "28": "1", "32": "1", "35": "1", "21": "2", "43": "2", "45": "1", "46": "2", "48": "1", "52": "1", "30": "2", "31": "1", "19": "1", "23": "1", "54": "3", "40": "2", "41": "1", "39": "1", "47": "1", "37": "1"}}