{"edges": [[1, 2], [2, 3], [3, 5], [3, 6], [5, 8], [5, 10], [6, 7], [7, 18], [7, 16], [8, 9], [9, 20], [9, 22], [10, 43], [11, 46], [11, 48], [12, 13], [13, 28], [13, 24], [16, 17], [17, 19], [17, 50], [18, 27], [18, 11], [19, 29], [20, 15], [22, 23], [24, 25], [25, 36], [27, 41], [27, 31], [28, 34], [28, 32], [31, 45], [32, 33], [34, 35], [36, 37], [37, 52], [38, 39], [40, 42], [43, 12], [46, 47], [48, 49], [50, 30], [52, 38], [52, 40]], "features": {"1": "1", "2": "2", "3": "3", "5": "3", "6": "2", "8": "2", "10": "2", "7": "3", "18": "3", "16": "2", "9": "3", "20": "2", "22": "2", "43": "2", "11": "3", "46": "2", "48": "2", "12": "2", "13": "3", "28": "3", "24": "2", "17": "3", "19": "2", "50": "2", "27": "3", "29": "1", "15": "1", "23": "1", "25": "2", "36": "2", "41": "1", "31": "2", "34": "2", "32": "2", "45": "1", "33": "1", "35": "1", "37": "2", "52": "3", "38": "2", "39": "1", "40": "2", "42": "1", "47": "1", "49": "1", "30": "1"}}