{"edges": [[1, 2], [2, 4], [4, 10], [4, 20], [5, 22], [5, 27], [6, 7], [7, 33], [8, 28], [10, 44], [11, 25], [12, 13], [13, 19], [13, 49], [15, 30], [19, 6], [19, 37], [20, 12], [22, 40], [27, 43], [28, 34], [28, 38], [30, 31], [31, 47], [31, 36], [34, 53], [37, 39], [38, 29], [39, 11], [43, 16], [43, 50], [44, 8], [44, 15], [49, 5]], "features": {"1": "1", "2": "2", "4": "3", "10": "2", "20": "2", "5": "3", "22": "2", "27": "2", "6": "2", "7": "2", "33": "1", "8": "2", "28": "3", "44": "3", "11": "2", "25": "1", "12": "2", "13": "3", "19": "3", "49": "2", "15": "2", "30": "2", "37": "2", "40": "1", "43": "3", "34": "2", "38": "2", "31": "3", "47": "1", "36": "1", "53": "1", "39": "2", "29": "1", "16": "1", "50": "1"}}