{"edges": [[1, 2], [2, 3], [3, 5], [5, 6], [5, 9], [6, 7], [7, 13], [7, 4], [9, 10], [10, 22], [10, 27], [10, 30], [12, 18], [12, 20], [13, 14], [14, 16], [14, 12], [18, 19], [20, 50], [20, 40], [22, 24], [27, 28], [28, 32], [28, 34], [30, 31], [31, 39], [31, 48], [34, 36], [36, 45], [36, 49], [40, 41], [41, 43], [45, 46], [46, 47], [47, 44], [48, 46], [50, 51]], "features": {"1": "1", "2": "2", "3": "2", "5": "3", "6": "2", "9": "2", "7": "3", "13": "2", "4": "1", "10": "4", "22": "2", "27": "2", "30": "2", "12": "3", "18": "2", "20": "3", "14": "3", "16": "1", "19": "1", "50": "2", "40": "2", "24": "1", "28": "3", "32": "1", "34": "2", "31": "3", "39": "1", "48": "2", "36": "3", "45": "2", "49": "1", "41": "2", "43": "1", "46": "3", "47": "2", "44": "1", "51": "1"}}