{"edges": [[1, 2], [2, 3], [3, 5], [5, 6], [6, 7], [7, 8], [7, 10], [8, 9], [9, 14], [9, 18], [10, 11], [11, 12], [13, 43], [14, 17], [14, 23], [15, 20], [17, 22], [18, 15], [18, 38], [19, 51], [20, 27], [20, 40], [23, 25], [27, 28], [27, 44], [28, 35], [28, 30], [30, 33], [35, 36], [36, 37], [37, 50], [38, 39], [39, 53], [40, 42], [42, 13], [44, 47], [47, 48], [50, 53], [53, 54], [53, 19], [54, 56], [56, 57]], "features": {"1": "1", "2": "2", "3": "2", "5": "2", "6": "2", "7": "3", "8": "2", "10": "2", "9": "3", "14": "3", "18": "3", "11": "2", "12": "1", "13": "2", "43": "1", "17": "2", "23": "2", "15": "2", "20": "3", "22": "1", "38": "2", "19": "2", "51": "1", "27": "3", "40": "2", "25": "1", "28": "3", "44": "2", "35": "2", "30": "2", "33": "1", "36": "2", "37": "2", "50": "2", "39": "2", "53": "4", "42": "2", "47": "2", "48": "1", "54": "2", "56": "2", "57": "1"}}