{"edges": [[1, 2], [2, 3], [3, 4], [3, 7], [4, 18], [4, 11], [7, 9], [9, 10], [9, 17], [10, 14], [11, 13], [14, 16], [16, 30], [16, 34], [17, 23], [17, 33], [18, 19], [19, 20], [20, 22], [20, 26], [22, 44], [23, 24], [26, 27], [30, 6], [34, 36], [34, 40], [36, 39], [40, 41], [41, 42]], "features": {"1": "1", "2": "2", "3": "3", "4": "3", "7": "2", "18": "2", "11": "2", "9": "3", "10": "2", "17": "3", "14": "2", "13": "1", "16": "3", "30": "2", "34": "3", "23": "2", "33": "1", "19": "2", "20": "3", "22": "2", "26": "2", "44": "1", "24": "1", "27": "1", "6": "1", "36": "2", "40": "2", "39": "1", "41": "2", "42": "1"}}