{"edges": [[32, 55], [33, 39], [34, 58], [34, 49], [35, 47], [36, 38], [36, 46], [37, 45], [37, 66], [38, 53], [39, 44], [40, 35], [41, 62], [42, 47], [43, 34], [44, 61], [44, 40], [45, 54], [46, 65], [47, 36], [49, 67], [51, 56], [52, 39], [52, 61], [53, 57], [54, 48], [55, 43], [56, 64], [57, 64], [58, 67], [59, 50], [60, 52], [61, 42], [62, 37], [63, 59], [64, 60], [64, 33], [65, 41], [66, 63], [67, 60], [67, 51], [67, 33]], "features": {"32": "1", "55": "2", "33": "3", "39": "3", "34": "3", "58": "2", "49": "2", "35": "2", "47": "3", "36": "3", "38": "2", "46": "2", "37": "3", "45": "2", "66": "2", "53": "2", "44": "3", "40": "2", "41": "2", "62": "2", "42": "2", "43": "2", "61": "3", "54": "2", "65": "2", "67": "5", "51": "2", "56": "2", "52": "3", "57": "2", "48": "1", "64": "4", "59": "2", "50": "1", "60": "3", "63": "2"}}