{"edges": [[68, 75], [69, 83], [69, 71], [70, 101], [71, 95], [72, 100], [72, 91], [73, 96], [73, 70], [74, 105], [75, 94], [76, 84], [77, 85], [78, 102], [79, 72], [80, 104], [81, 86], [82, 90], [83, 74], [84, 79], [85, 81], [87, 76], [88, 78], [89, 80], [89, 97], [90, 85], [91, 88], [92, 103], [93, 73], [94, 89], [95, 102], [96, 82], [97, 92], [98, 97], [99, 102], [100, 99], [101, 77], [102, 93], [103, 69], [104, 87], [104, 98], [105, 84]], "features": {"68": "1", "75": "2", "69": "3", "83": "2", "71": "2", "70": "2", "101": "2", "95": "2", "72": "3", "100": "2", "91": "2", "73": "3", "96": "2", "74": "2", "105": "2", "94": "2", "76": "2", "84": "3", "77": "2", "85": "3", "78": "2", "102": "4", "79": "2", "80": "2", "104": "3", "81": "2", "86": "1", "82": "2", "90": "2", "87": "2", "88": "2", "89": "3", "97": "3", "92": "2", "103": "2", "93": "2", "98": "2", "99": "2"}}