{"edges": [[1, 2], [2, 6], [2, 4], [4, 5], [5, 20], [5, 10], [6, 7], [7, 8], [8, 14], [8, 18], [10, 11], [11, 12], [12, 24], [12, 26], [14, 15], [15, 17], [17, 40], [18, 19], [20, 21], [21, 23], [23, 36], [23, 28], [24, 25], [26, 27], [28, 29], [29, 30], [30, 32], [30, 38], [32, 33], [33, 35], [36, 37], [38, 39], [40, 43]], "features": {"1": "1", "2": "3", "6": "2", "4": "2", "5": "3", "20": "2", "10": "2", "7": "2", "8": "3", "14": "2", "18": "2", "11": "2", "12": "3", "24": "2", "26": "2", "15": "2", "17": "2", "40": "2", "19": "1", "21": "2", "23": "3", "36": "2", "28": "2", "25": "1", "27": "1", "29": "2", "30": "3", "32": "2", "38": "2", "33": "2", "35": "1", "37": "1", "39": "1", "43": "1"}}