{"edges": [[1, 2], [2, 3], [3, 4], [3, 7], [4, 5], [5, 6], [6, 16], [6, 13], [7, 8], [7, 10], [8, 22], [8, 24], [10, 11], [11, 12], [11, 27], [13, 14], [14, 15], [16, 18], [18, 19], [19, 20], [20, 21], [21, 26], [21, 30], [22, 23], [24, 25], [26, 28], [28, 29], [29, 32], [30, 31], [32, 33], [33, 34], [33, 36], [34, 35], [35, 40], [35, 39], [36, 37], [37, 38], [40, 41], [41, 42], [42, 43]], "features": {"1": "1", "2": "2", "3": "3", "4": "2", "7": "3", "5": "2", "6": "3", "16": "2", "13": "2", "8": "3", "10": "2", "22": "2", "24": "2", "11": "3", "12": "1", "27": "1", "14": "2", "15": "1", "18": "2", "19": "2", "20": "2", "21": "3", "26": "2", "30": "2", "23": "1", "25": "1", "28": "2", "29": "2", "32": "2", "31": "1", "33": "3", "34": "2", "36": "2", "35": "3", "40": "2", "39": "1", "37": "2", "38": "1", "41": "2", "42": "2", "43": "1"}}