{"edges": [ [0, 1], [1, 2], [2, 3], [3, 4], [3, 6], [4, 5], [5, 11], [6, 7], [7, 8], [8, 12], [8, 16], [11, 20], [11, 22], [12, 13], [13, 14], [14, 15], [15, 18], [16, 17], [18, 19], [19, 24], [19, 32], [20, 21], [21, 28], [21, 40], [22, 23], [24, 25], [25, 26], [26, 27], [27, 35], [27, 37], [28, 29], [29, 30], [32, 33], [35, 36], [37, 38], [38, 39], [39, 42], [40, 41], [42, 43]], "features": {"0": "1", "1": "2", "2": "2", "3": "3", "4": "2", "6": "2", "5": "2", "11": "3", "7": "2", "8": "3", "12": "2", "16": "2", "20": "2", "22": "2", "13": "2", "14": "2", "15": "2", "18": "2", "17": "1", "19": "3", "24": "2", "32": "2", "21": "3", "28": "2", "40": "2", "23": "1", "25": "2", "26": "2", "27": "3", "35": "2", "37": "2", "29": "2", "30": "1", "33": "1", "36": "1", "38": "2", "39": "2", "42": "2", "41": "1", "43": "1"}}